memory_initialization_radix=16;
memory_initialization_vector=
BD8E8243,
BDD98C01,
BD8A42CC,
3E2F4EB8,
3D80E72F,
3E06A082,
BD1B6A65,
3DC1AF64,
BE06C071,
3CEF948A,
BE1C0412,
3DA71A73,
3C2A77E1,
BDD2770B,
BD15EB90,
3E4D47F5,
BDD8BC48,
3D806F2A,
BD11215A,
BD3FF36A,
3D1B9785,
3E2366FA,
3D0A7D89,
3E1CA867,
3C698AFC,
BD748511,
3CE2CEF7,
BDCA47F3,
3DA7188F,
3D5CA8BF,
BE310B3A,
BD64E0C6,
BDB0CBAF,
BB557824,
3E1004AB,
BD9B5B30,
3BEC6E09,
BDD3180E,
3C53807A,
BD3101C3,
BE2E3D21,
BD566F5B,
BE24D3F4,
BDDB5FAF,
BCDF103A,
BD896381,
3D119EAA,
3D1952A3,
BE35500A,
3E22C78C,
BDAE957C,
BC757E01,
BE076401,
3B0D8414,
BD7F815B,
3BA3F626,
3D14DDC5,
3D30DE18,
3D7AAF17,
3D99DE74,
BD40BCE2,
3D954FDD,
BBA0C521,
3E189B4D,
3D97B1A3,
3D84B122,
3DE7BFAF,
BCDB6659,
BE23E165,
BCCFA30B,
3DF82A5C,
3D85F135,
3D445B6C,
BDC5C0A1,
BCC3D15A,
3DA86597,
3DCAC526,
3DF0FB53,
3D68C586,
BDA82451,
BE635EDE,
3DE53164,
BDB3F9EB,
BC9EBC44,
BD2CBDF0,
3D863AF0,
3D11DB9B,
3C57C08B,
BCF86EC2,
BBB882AE,
BC099959,
BDE83488,
BDB7F431,
3D7BBB67,
BD7DD1F3,
BCA4EA12,
3DDDB08E,
BCC68654,
3D2ED1C9,
BD5655B1,
BEBE4FB4,
3BB51B01,
3CCFFAA1,
BD0AA688,
BD8980C6,
BDD74B41,
3D651AB8,
BCDB4BEB,
3C8C71C1,
3E05EEED,
3CE5B03F,
3D038948,
3E47ED9C,
BD437E8F,
3E15C97E,
3CAEE748,
BD88EBF8,
BDA1CED3,
BD1507FF,
3E19292A,
BBAB6643,
3CB52282,
3EB1E6C0,
3E2D0C4B,
3CCA54D0,
BE034AC2,
BDE193E2,
BE247F3B,
3D88B5F6,
BE0D3186,
3E32BC88,
3C91D618,
BD3CF3D2,
3C3EDF1A,
BDFC2BB3,
3DE2ECE5,
BCA94ABC,
BCDC0330,
3C3AB283,
3BA86CAC,
BE3A2E46,
3CDC51CB,
3DC2E1E8,
3DDF39C6,
3DBB3C6E,
BE3A58D8,
BE1A3EF4,
3DA6ECE6,
BD86559A,
3DAECCE1,
3E4A85FF,
3E8FD1FE,
3D2274CF,
BD56E0C5,
BE416984,
BDFBD7C6,
3E060DE6,
BD5DB155,
BDEEDCF4,
3C39BF96,
BC8E5302,
BE5B2AAD,
3C82D317,
BD0E314F,
3BCC670F,
3D35F49F,
3D73349F,
BD8EEDE2,
BDA1304C,
3DC107CA,
3B4B903A,
BD8F3BDB,
3E5F30A1,
3D5E542A,
BD19C315,
BCF92700,
3E1F8C10,
3CB4C3B8,
3DAD5303,
BE13F4CD,
BE4432D4,
BE31EE0B,
BDE0F544,
BE4A7D2D,
3D4DFC4D,
BC5E5F03,
3CB81DB5,
BCA10E71,
BE00A9BA,
3C9ABE61,
3DFE5B09,
3B8FE7A0,
BD93829E,
3E14DB34,
3D40CBA0,
3D92189C,
BE304E4B,
BCA39EC2,
BD1F7EFD,
BC97255C,
BD160586,
BA85C6C6,
3D10F0AC,
3C8B604B,
BD03FB7C,
3CD05C3B,
BCC91F39,
3D54AF33,
BDDF6084,
B9B129BC,
BC290AB5,
BDA37DBA,
3D1BD666,
BD8CCE2A,
3D43A77D,
BCB26E42,
3D9E1156,
3D65D1DA,
BC418D7D,
BD2A1852,
3DE55CF2,
3D3538DD,
3D880B45,
BD744D07,
BD9A66D1,
BEA5C00B,
3BB623DB,
3D80601A,
3D4B314B,
3DA1BB1E,
BE1ABCA3,
3E012E90,
3D41B381,
3C6C2DE8,
BDABE015,
BD8F6B8A,
3BBB8618,
3E080E93,
3CA43DE8,
BBA1DD75,
3CACF5E3,
BCF94587,
BD80232F,
3DA96EA7,
BDB1344F,
3E1F3294,
BDCC82DF,
3DF5BA04,
BDD069E3,
BD8AA7DE,
BD317B1A,
3BB348FD,
3E45CE65,
BC85E9D5,
3C9E39A7,
BC250B13,
BD3FB7EA,
3D0178B6,
BDA98B5C,
BD098AAE,
BD23B90B,
3D42D628,
3CD3EE5D,
BCB38013,
3DA5CC15,
BCEBF954,
BDAAA63B,
BD80F8C4,
BD45BFA2,
BE13DD2A,
3D2115FE,
BD99D8B9,
3DBAA013,
BE424A34,
3DB94BF3,
3C7D9F3D,
BD603C0D,
3E256A97,
3D5279A2,
3D9BDB63,
BD1FEAEE,
BD836009,
BD84B195,
BD2B19A1,
3E691D8E,
BE83885C,
BD799430,
3CC9F347,
3D75D50E,
BE8C58F4,
BE13CAC2,
BC0C9BB2,
3DA802CB,
BDE87E34,
3DFE305B,
BE735B75,
BE43E19F,
BD9BA600,
BDD43E15,
3D8B0B67,
3BEBFD2B,
BE208A3E,
3D2E54C9,
BD8A7079,
3DD9870F,
3BA3CC8A,
3DF209F0,
BC40A0F9,
BE28621E,
BD00AC59,
BC5E54A3,
BD94E7AD,
BE0838F6,
BDF5256D,
BE349D80,
BCE5262A,
BD75AFBA,
3D63039B,
3D932AC3,
BDCA3B50,
3DCFA1F8,
BC8E9B18,
3D3D9C4A,
BCEE85AC,
BE21EABF,
BDFC4DE9,
3D033D2E,
BD86E653,
3C25DD9E,
3DCB391B,
BCF5DD7A,
3A04E5FA,
BDAECBD2,
BD21087E,
3D324D1B,
BDBBC61A,
BE1F07C7,
3E3727A5,
3B9E0AC6,
3DC4CA4A,
3D87DB1E,
BCCBD230,
3D7A49A6,
3DC73BB8,
BE284D79,
BCDB9B67,
3BC843B2,
BDA4D47F,
BD42B783,
3E35E212,
BD93C5F0,
BDC86A79,
3D760B67,
BD0E6CB0,
BD7D8B5C,
3C4A1F6D,
BE1565B6,
3CAE3DC9,
BE393E72,
3DD4BD86,
3DB21691,
3D53113E,
BD0A2255,
BE1D8854,
BD9618D0,
BD7D2C7E,
BB61911B,
3DCEE79D,
3DD3D46C,
BCDDE0BE,
BD843752,
3C8FD1F8,
3CDA6C24,
BE191B49,
3C08FF5B,
3C0F9A96,
BD4A790D,
3CB7D04C,
3D84647F,
BDB07864,
3E1C553C,
3C9A1636,
3D054238,
BDD8360F,
3D9B1437,
B9A0F60A,
BD1A79AC,
3C0F7164,
BD20586C,
3DE49700,
BDB75B64,
3D9B7001,
BD6BB3E2,
BDBF9BA9,
3DCEE61B,
3E451D6D,
3AEDF218,
3E524B5D,
BDD1A644,
3D371DC0,
3E3EAE2B,
BD3AEC6E,
BDADE5AA,
BDB96DF9,
3D2CB5C5,
3C58E0FB,
3CF0B12D,
3D8351E9,
3D5BF893,
3DA82EA9,
3C16BDE5,
3C6C2EE0,
3D21FD62,
BD18823C,
BD0AAA39,
BDFC6144,
BD721288,
BD7EF046,
3D8AF297,
BBC39855,
BDC1C01C,
3C827B90,
3E44519A,
3D6775F1,
BE0C25BF,
3D707FB9,
BE13CFF3,
3D3A2853,
BB2A0B98,
3D8A83FC,
3C60C6B3,
BD64FDEE,
BC42F5E8,
BD3961EC,
3C8B0135,
BDC7C8F0,
BC11BE40,
BCE7F6B9,
3DADA98D,
BE5E1B59,
3DDBC355,
3D0799C1,
3CA1E9F7,
BCDECBE5,
3D155405,
3B2CCC6E,
3D31E843,
BDA792D0,
BB50B2BE,
BD04D668,
3D021F1A,
BD87EEF2,
BD27C9D6,
BDAAA9DB,
BD5C32C6,
BCA1C55B,
BD19D85E,
BDE4D310,
3DC3BAD3,
3D5C2298,
3D196D8B,
BD93B8E1,
BD3362EF,
BDACCD2C,
BE401669,
BCCA281A,
3CA0BD8C,
BCCAC5BF,
3DC27525,
BBAA7AF7,
3D8DADEC,
BD713E2A,
3CB61801,
3D55316E,
3D0C9218,
BDC78B4F,
3CA68ACE,
3C5C222C,
3D50C0FE,
BDFF6E63,
BE08B7A8,
BD45D4B1,
BCA894CC,
BCBC7CDD,
3B77A39B,
BDE94011,
BDF0B8A8,
3D9F390B,
BC9B5286,
BDD4157D,
BDFCB703,
BDEA4B2D,
3A253032,
3CDEA712,
BD4A98E1,
3E11B609,
BD207E52,
BD076DB9,
BD9A4B5C,
BB715604,
3D875179,
3D6F6EE4,
BDE39EA5,
3DDC7826,
BD078172,
BDDA1CFF,
3D6738A8,
BD8AFB16,
3E16E055,
BD4328C8,
3E1BB20F,
BC934E45,
BB5349F8,
BDB73285,
3D2F99C1,
BD1D63B4,
3CC023EC,
3E1850E9,
3C5E5C75,
3DEC4F7D,
3D3406DA,
BE19FC59,
BD27FB9B,
3E67C12C,
BE0C14BA,
BBC745A3,
3E1464D3,
3DC318E5,
3D6B27C5,
BD978C31,
BDB8CA5E,
3D72B526,
3C992B9F,
3D78880B,
BCC025F7,
BD3FB5B9,
BE16EA0B,
BDBACD17,
BDE38756,
BDD8F84E,
3D9AE511,
BD3F154C,
3E182DCA,
BCE939DA,
3CE63091,
BDD7E361,
BD48E1A8,
BD884785,
3D9801F7,
3D46732A,
3DD80257,
3D0997B7,
BEB21FD7,
BDCCAFDF,
BD406711,
BD9DF195,
3C5F8D28,
BDB6D594,
3D95B912,
3DAB86FE,
3DEDC807,
3CC7EC73,
BD5FB5C2,
BDEBF1F6,
BD9B6609,
BDA599BE,
3BED8D20,
3C049331,
BC3BBEEC,
3CDAD995,
BE00FA08,
BDD552EA,
3CCD0D6D,
3D550D93,
BD5AD993,
BCC0185F,
BD889EAD,
BD94842C,
3D3860C3,
3D23185E,
3D4A1FE8,
BE1F7753,
BD03BDE5,
3C5BBCE5,
3E28C196,
BD73BB17,
BD8928B1,
BD6DD8B7,
3DCB5833,
3CC6CA62,
BCB7B563,
BDE9CFD3,
BDA3E7EA,
BC9389A6,
3C258D11,
BDEA131F,
3C0C1232,
3E103B1D,
BD80BF6C,
BD86E7DA,
BD65DA55,
3D868D47,
BD747F24,
BE12D2EF,
3D5A8C98,
3C9A268F,
3DF98250,
BE2A3622,
3BDF16C0,
3D2F460F,
3D94DF1C,
3DDCEACD,
BE0261B1,
BDEDD957,
BE02FC74,
3D2DB6F8,
BD4F5DD7,
BC3936FA,
3E159C45,
3D82CE8E,
3CD1A3AD,
3DE7A31F,
BD41C0F9,
3D771D1A,
3E325935,
B9AEB403,
3D2B72A8,
3D2F2C8C,
3D886EEE,
3A3FD7D4,
BE176481,
3950021C,
3D6A2A54,
3DE58F38,
BC40691E,
BCF3377C,
3E03E735,
3DABD556,
3D644961,
BDBBFCC7,
BD89922D,
BDA9F0AA,
3DB9EB57,
3D570BA0,
BD9C600B,
3E33C720,
BCF365BD,
BCEA2789,
BDA4634E,
BDAF5C06,
3E27DA66,
3E15EA23,
BD64784A,
3D000BEB,
3D4FB533,
3DF4CCE3,
3D42C02F,
3CB820AF,
BE5E0129,
3AAF6C38,
3BF9E220,
3D83C3AB,
3D09F915,
3E9265DD,
3DA1CE77,
3D1DC273,
BB3CB7DE,
3C45C037,
3DF0A5B9,
BD5E0EE1,
BDBF1C93,
BDA39191,
BE389160,
BC9689CF,
3DF71F89,
3D8C299C,
3DC01291,
BD337024,
BD851A43,
3DEFB344,
BE27C654,
3D760980,
BE116851,
BD981172,
3DD9D0D2,
3D65D2BF,
3D983233,
BDC0B185,
3D31E69A,
3C9E839C,
BDD56AA5,
BE2714F9,
BE8A482C,
BD998C01,
3D09B604,
BE236CAA,
3DA4053A,
3D604D16,
3D0519FD,
3D9739D4,
BD370BF7,
3D9C974A,
BC3E613D,
3DD907BD,
BDA298AF,
3CE44F87,
3DB02C79,
3D82435E,
BC5DB1D3,
BE88C924,
BD949591,
3D01B545,
3D8CDA8D,
BDBB50E0,
BD2F537D,
3D3D30D0,
3DA20E55,
3DCA779A,
3DAF9065,
BC259015,
BE860371,
3DC6E863,
3C98AE9D,
BE00F6BD,
BCE545EE,
3D931151,
BBC12AC5,
BE1DAEB1,
3CC53E2D,
BCBCF326,
3D51FAF7,
BE123502,
BCD9A9C7,
3D972C0D,
BDC39688,
BD4D9D63,
BC016F92,
BD49B7D2,
BD38F7A8,
BE1FC607,
BD9A4013,
BE2AAC75,
BDE07A63,
BD24A2BC,
BC03DC42,
3D2C6270,
BD6AA492,
BD97B16B,
BC17CA14,
BBDC2001,
3D4A2E88,
BD48D22D,
3DA4B7CA,
BE23650F,
BD2122A8,
3BA655C6,
3DDA896B,
3C80A895,
BC7E6A4F,
3E12C27F,
BDAEEB1F,
3D73AA7B,
3E1F2C56,
3D10DAB2,
3E5C0FFA,
BDA6A26F,
BE2E25EE,
BE2BA2A9,
3D800E67,
BD5899BA,
BE0ACE13,
3D5ED37B,
BE05B7F4,
3D2890DA,
BA5955B4,
BC3B0F0C,
BE12ABBE,
3CFE663D,
BD57B7DC,
3C5470A9,
3E047585,
BE2700C9,
BC1BDEB8,
3E8D6BEE,
3DC2B35F,
3A9303C7,
BE1469B1,
BE3F96C1,
3B9AE463,
BB556A3A,
3EAD1731,
3DC7C571,
BDE2645A,
BCCB4419,
3DD0D20D,
3DBE129A,
BE00F19A,
3D85F82F,
BE1289C1,
3DEAB6EB,
BE2E5E3D,
3DF9A9B2,
3CE6D438,
3D69047F,
BE1B52F2,
BCE17515,
3E230595,
3DF4C619,
BE08BE98,
BD8C21A8,
3DAD4517,
BDC171EE,
BE611B83,
BE41D7EF,
3C225CE1,
BCB02CC6,
BE14304A,
3E15E9F9,
3D70DBD7,
BD253293,
BDB2171C,
3E106004,
3C955544,
BDB5F994,
3E3FE79D,
3D16ED4F,
BE3A6BFD,
3B5B800C,
BE254447,
BD227F14,
BDBE108A,
3DBC0DEA,
BDCBFEC2,
BDF8BC3D,
3E26E686,
3DBA47BD,
BE866496,
3C7AA494,
BC0C73B7,
3D878593,
3E013362,
BD02AFE9,
BBBB5933,
BE320AD4,
BDC14702,
3DD233BD,
3DD0CDA1,
BC3F4313,
BB34BE2C,
BD1730DD,
3D389CBB,
BE6AF312,
BC39425E,
3EA34452,
BDC98B04,
BE3BCA04,
3CAD57FC,
3E096769,
3DB34D36,
BE3EAD83,
3DDEEC35,
3E509309,
BD810038,
3D130351,
3DD263FC,
3CB92918,
BD771B59,
BDC685B7,
3CAFCED6,
BE46F17B,
BD5FA89B,
BD805B73,
BD8C0D88,
BBA1D842,
3CB6E543,
BDD2E135,
BC5BE9E2,
3C6B5C52,
BE057A16,
3D0F8F22,
3C869ACC,
BCAF3ADE,
BDBC4DEA,
3E3A4F7D,
BD26FCCA,
3DDAFFFB,
BCC8FAD4,
3E6AFA86,
3DFF6853,
BD8E2196,
3E9507C6,
3E713169,
3D27E966,
BE2FF21D,
3DB94ED5,
BCE1C39E,
3D8A2F39,
3D72600B,
3E22FDCB,
BCD22F95,
BD34575F,
3D05A7A5,
3C4EECEA,
BBD28924,
BC23C77F,
3C9113A4,
3D75E336,
BD68019A,
BD2B322D,
BD3D45F8,
3D915128,
BE2847F5,
3D0281D6,
BD61B6D2,
3D60967E,
3CE6907E,
BD9F3178,
3DEC20FC,
3DFD77B0,
3E210213,
3CCBF18D,
3CE41254,
BE1E65EC,
BD9DA1B2,
3D10940E,
BE910698,
3D186E61,
3B13A9B7,
BD51BBFD,
BE3AE665,
BC503E78,
BDB0EE6A,
3E2CDC9C,
BE0CCEA7,
3DACA3C2,
BE127967,
BDB0BB1D,
BCB74233,
BE1FC105,
BC37CAC4,
3D49E23B,
BE5B4314,
BD9BF4F0,
BDC321E0,
3D366A5C,
BCF849AA,
3DB5A3CA,
3D4CB840,
BD485673,
3D44BD0A,
3D568F30,
3B1B919C,
3D2C5F32,
3D5AEFCA,
BC522F33,
3D7A43CA,
BE473531,
BDA8D20E,
3DBB761D,
BDE250BA,
3D771AFA,
3C4C7EB2,
3DF8F26C,
3DF9A400,
BDDDF519,
BCD9E244,
3D3433AE,
3CEA536C,
3D1DCBCB,
BD984975,
3984D377,
BD85E41F,
BE16754C,
BC5EB01E,
3D52F15C,
BD95A5F4,
BE032DA7,
BD1F7C9A,
BE33ACC9,
3D9DC6CC,
BDA0B617,
3D9279FA,
BAD9A38A,
3E361FC6,
BDA7668B,
3CE32CA5,
BD27D4D9,
3DDFC194,
BD9D5FD9,
3DF8BC0B,
3BEF154A,
3CBC866F,
BD775C35,
BD962DFE,
BCADBB75,
3D946C14,
BD4F410B,
3E058B25,
BE062EB2,
BC70CC13,
BD2CCBE2,
BCCCD7C3,
BB5146B0,
BE09C7BE,
3D34A097,
BD61C110,
BC52933E,
BD3324F2,
3BF103B0,
BDAC3141,
BDDE771D,
BDAF3824,
3CAE8AF1,
3D52F693,
3D9F441E,
3D2029A8,
BD77E48D,
BD53C816,
BCAEF68A,
3E20A6CF,
BE1A91D3,
BD547D69,
3CEA21D3,
3B81AF85,
3AAA110C,
3CEAD6FA,
3D57EB2A,
BCD05F67,
3CE37730,
BD76823A,
BC782C98,
3DA41C74,
3D973F7D,
3DF1436D,
BDA03A75,
BDA60DD1,
3C6443D4,
3D1C1047,
3D29D0CD,
3E0F64F1,
3E114798,
BDE6376E,
BD8F4214,
BD87F424,
B88BB09C,
BDC81F1E,
BD60EA6A,
3DF64E01,
3DEA25AC,
BD50891F,
3DEA8313,
3C8C38BD,
BD87442D,
BDF5087E,
BC90C675,
BE5DE951,
BDD385C5,
BBA46F6F,
BD17BB86,
BD9BF7F9,
3C8CE9F0,
BDB7B7E9,
BE1559E5,
BB7216F9,
BD599B33,
3D8B630D,
BE03BC5A,
3D57E951,
3CED98D6,
BCC1C7A7,
3E015520,
BE11F89B,
BC01F241,
BC2CEA9A,
3CB028A6,
3DE27806,
BE815915,
BD7172D8,
BCDB896F,
BE183BC6,
3E0A42A7,
3D0403C8,
BCC5ADEA,
BDE263DD,
BCBA3144,
BCB9F634,
3D4A86F9,
BDB0DC2B,
BC5DE08B,
3E207910,
BCDD386B,
BCFA77B8,
BD240FED,
3DB47FFF,
3D856DC9,
3CE63776,
3E1C8F26,
3C9C797C,
BE4126DF,
3E15B374,
3D7805A0,
3E46E648,
BD69AE51,
BD288882,
BCFA448E,
3B4E43CC,
3CB75D87,
3DCC6197,
3CB76D95,
3C4A41F4,
BBE7BF96,
3CF1115D,
BD69348B,
3D212584,
3D964041,
3CC8FF10,
3DCF8046,
BD2D676F,
3D16A5A4,
BD1D5766,
3E152B20,
BD7D2010,
BDCC79CD,
3C724750,
BE433D76,
3BD63C19,
BDD9138F,
3DB8B346,
BDD1727A,
BD94FC90,
3D66C903,
BE554D06,
BBD8BB6F,
3D8BBC61,
3DB9910E,
BBE8126A,
3D66AB80,
BE58929C,
BC06C45E,
BE19A0C5,
BB040F25,
BD05723C,
3D859251,
BDFABCEF,
BE057BB2,
3DC75E31,
BCDB74AA,
3E79A6B2,
BD7F97AD,
BBDB4FE8,
3CFF1778,
BDA888B8,
BE407061,
BC4ADD0A,
BB863242,
3C7529B8,
BD210A90,
3E3C53ED,
3C95D45B,
BE055494,
3D8B853D,
BD788FBD,
3D07C8F4,
BAAA44D8,
BD643A15,
BDA218DC,
BD9D61C3,
3E986CAB,
3A92117A,
3E2A8370,
3B544D9D,
3D914C80,
3D49ABAB,
3E12B4CD,
3E3C301C,
3D3DE687,
3CA83624,
3DB013E5,
3DB4B874,
BD5A1EA7,
3CCF760F,
3E10E332,
BD6B5EA5,
BD09B077,
BDD556E8,
3D66468D,
3BE8E9BA,
BD207272,
BD8D93AC,
3B9D3C61,
BD3BF749,
BC25FA46,
3E43368F,
BE0D4C2B,
3DB32787,
BDF6F59D,
3D8197E1,
BDDE02FA,
3DF9A1CC,
3E736335,
BD549A08,
3CBC1938,
BDF91C11,
BD4789A2,
BCCC1E35,
BE20DB89,
BD87C112,
BDE203D4,
BE198A7D,
BCBF36BB,
3DEE664B,
3D6E8F54,
3C7202A9,
3D2A997F,
BD8017F3,
3C18C2C4,
3DFBE491,
3D845E03,
3E00E799,
BDA89AFC,
BC739A34,
BDB0593F,
3D246CA7,
3CECA8D9,
3BF91228,
BDCC88D7,
BD2F460B,
3DBD578B,
3D9E6798,
3D38DDC1,
BDB563C7,
BD3C594F,
BD96DD7D,
BC861750,
BE070A53,
BE760907,
3E9B035D,
3DD19463,
3D10EA42,
BB84082C,
3EB06500,
BE971C95,
3E1C9289,
3E3F041D,
BE06EA8A,
3DC55361,
3DD3D6B3,
BD6774E8,
BE4EBF8D,
BDF624A5,
BD6CE598,
BDCDC828,
3DA6BC48,
BCA6072C,
3DC43C1B,
BDD9F510,
BDB9FB28,
BD723DB5,
3EB17931,
BD016CE2,
BD83D0C1,
BE0A32BE,
3E547C3F,
BE90AF0C,
BDBFFD40,
3E059CE5,
BD843ADB,
3BC4EF31,
3C2F9D6E,
3CA292C4,
BE48D584,
BE0234DD,
BDF4EEBE,
3D9CF202,
3DB59F47,
BD93FE59,
3D5E0B82,
BC1E6A20,
BE132A25,
BE217D87,
BCF4622E,
3D01D52D,
3D50C3C1,
BD2F6AB1,
3D8EB4CB,
BDC1DB4D,
3C49784C,
BCAAB4A0,
BD018B43,
BD26CC58,
3D070A65,
3E54CDC6,
BCB1F137,
BCD7890C,
BE54DA17,
3D9D6480,
3DBF56E4,
3C9FC841,
BDC97A22,
BE5C6537,
BDCF270E,
BCD025E7,
BE129225,
3D436054,
3D860C25,
3C1F816F,
3E2394F5,
3C2A67C8,
3E03AF04,
BE1FAD21,
3D6D052F,
BDB2FA05,
BD16D050,
BD6391A9,
3E478C18,
3DB73074,
BC8F2C2D,
BD056E04,
3D51CF72,
BD81963E,
BCDF6C7A,
BC06A803,
3D8218FD,
BC977F1A,
BBC342CC,
BDE31EB5,
BC58C18C,
3D275B80,
BD948F81,
3E023A84,
BD93A93C,
BD3B7F90,
BE96850F,
BD678A96,
3D58495D,
3D311877,
3E0C3E8B,
BD5F9C96,
3E19E4AC,
3C04B8F5,
BD0AD688,
BD84ECB8,
3DCDBF26,
3D97F4E5,
3E4285D4,
3D70C20B,
3DD6AE29,
BDC7A89B,
BD9F9B8D,
3D9F546B,
3D93F80B,
3DCEA42A,
3C324D5B,
3D9156B6,
BE0650C6,
3CA6E1F1,
3DF72356,
3DCFAD05,
BD74714E,
3DA22842,
BE2479BF,
3DD2BB09,
BDBC4DCD,
3D367FD8,
BDC8F9D6,
3E30656E,
3CCF5DAD,
3E042996,
3D984512,
3DB1AF26,
BA87B365,
BCDFD4BA,
BDDDB3D1,
3D883241,
BB4393CA,
BD995CF1,
3DF02D52,
BCE6C8B5,
BE2A642A,
BD3CFC54,
BE1C467F,
BE7B0273,
BE44A47B,
3D4C5B3B,
BDE5D781,
3BD35E6A,
3E7B1967,
3D1C8218,
3D9CEE17,
3E054D23,
BB96B59B,
BDB5866A,
3E60B931,
BCC50595,
3EAF8062,
3D9B8565,
BDB589EE,
BD73B9C8,
BD468AB1,
3E073C65,
3CEEEE80,
BD242036,
3E921C84,
3E328269,
BDF9E1A4,
BE2CA729,
BE098F85,
BC915340,
3D1DD2D8,
BDBC70AB,
BE17D396,
3E026275,
BD95945B,
3C81FFAE,
3DB019C1,
BD866247,
3DC670FE,
3DD3952D,
BE19582E,
3DD64F3F,
BBE5DFFC,
BE3E31B9,
BD419519,
3BF12949,
BB696E67,
3E121950,
3D401272,
3DA5BE4B,
BD28E2D3,
3E2D8972,
BDE9DEBD,
3CAEC4A1,
3D671FE3,
BCB20A25,
3CDFC074,
3CFAD628,
3DA4805A,
BDA285F4,
3D9DCE0B,
BDD22B9D,
BD7E2B82,
3C7B947E,
BD84C54B,
3C45BB72,
3DF50C85,
BD61D6D2,
BD23A65A,
BE10334C,
3D21260E,
BE090876,
BD99AA3C,
BD8B56E4,
3C9F05D1,
3CECDEFE,
BDD510A3,
BDAB574D,
BCC6956D,
3B26DD3E,
BE140223,
3E088ED6,
BDAFACCF,
BD144C8E,
BD00B788,
BD84611F,
3DB448DD,
BDAC10DE,
BD4409C8,
BDC10D99,
BDEEA250,
3DC7E53B,
3E3D4896,
BDB67F4D,
BD664900,
BD8A53DF,
BD6713CC,
BE42EFC5,
BE262F6F,
3CBCAFEF,
BD66262B,
3D8C31AA,
BC90B4B2,
3CCDC77E,
BDE0009B,
BDBC342C,
3C2EB048,
3D8627A8,
BD01D2AE,
3DB66BA0,
BDD9A255,
3D36C207,
BE057D45,
3BD5C06D,
BD2C4F6D,
3E54289C,
BDBCA564,
3D6E7D48,
3E48418E,
BB0101B5,
3D591D90,
BE0257FA,
BD044640,
3DBA4844,
BBAA4A24,
BE0BF14A,
3DE585A2,
BDC91A62,
3D538CA0,
BD6D3E47,
BEBD5B45,
3D3E0DC4,
BE1D62CB,
BDD915AC,
3BEB8920,
3C1C0056,
3DB88920,
3BE6B73C,
BCBC5A24,
3DF5BE00,
3C88935F,
BDF3430A,
3D63B321,
BDC94715,
3DA841E3,
BCE7082C,
3DBB11FF,
3D2809A7,
BD97A86D,
BD0214C9,
3D19416D,
BD2F1610,
3E733CB3,
BCEDC303,
3E0749AE,
BD657AEA,
BABE35E9,
BE311990,
3E569F4E,
BD95AFBC,
3D0BEC25,
BD343C99,
BD03B91E,
3E5AAE3E,
BD851698,
BD1EBF27,
3BDB4413,
BDF3317D,
BE6831CD,
3D08D34B,
BCFD1706,
BE2814F2,
BDCC92EA,
3EA75FD5,
BD9CE64D,
3E10B865,
BDE5967D,
BE260FA5,
3D14C939,
3E5CE24E,
3DCE5904,
3B577D27,
3C59E454,
BDAF7C99,
3CF536F9,
BD0AA548,
3E396BA7,
3DB9B4B5,
BDF84C35,
3D24887D,
BE5D01E5,
BD5529BA,
3D6F09DC,
BB9BAC9C,
3D18EC40,
3D6564E5,
BCC99701,
3D3E6C0A,
BDBF16F5,
BDB0B45B,
3DB52DD6,
3DB292AB,
3B7B471A,
BDDC07C4,
3D0B2A55,
BC789EBB,
BC030636,
3DCB3BF2,
BDB41F5E,
BE1655CA,
BE4BA0BC,
BD9BEC07,
3D5AF0C9,
3E0CC36B,
BD4AF126,
BD513363,
3CCDD494,
BD93E7F1,
BD467C29,
BC25FA61,
BD96A25E,
3E2F27A1,
3E2F15BC,
3D6E6FE1,
3E31FBBA,
3DC54BA9,
BE6D26A8,
BE62DFFF,
3D6F64B4,
3D2C5494,
BC9B2174,
3E070CC8,
3D2095DC,
BC8EC75E,
BC282DC5,
BD8607E7,
3E3FE23D,
BA0245AD,
BD87A597,
3D395DA1,
BE332D89,
BE7A18E0,
3E15CF53,
3E8702ED,
3E49FD92,
BCF64485,
3E9FE0AE,
BDB9F4D2,
3E1D6525,
3DD48F09,
BDA7B176,
3E95DD26,
3D87CD9D,
BE11A649,
BCB576FF,
BCBB8558,
BD06162C,
BC6FC8A3,
BC34ABAA,
3D489554,
3D81E1D4,
BD561CC9,
BD9CF9AA,
BCE7D273,
3E830C66,
BDB0573B,
BE0DABEF,
3D4D28FC,
3E101053,
BD91D07D,
3D3253E2,
3E3D2744,
BE234C9E,
3E495E01,
3D4BF427,
3D34974C,
BD5FD65E,
3DBF7904,
3D7CFE8D,
BE748919,
3DBCE534,
BDFB9861,
3D5124D5,
BC819B5A,
BCAC7764,
BDE1CA0D,
BCB6375B,
3DBA92AB,
3D1FD72E,
3D853E42,
39E6079F,
3DF79CF0,
3D094D2D,
BD9F3570,
BB700D9D,
3E6B1AAC,
BD33118B,
3DD48626,
BDD086D8,
BE195D2C,
BE0B73D0,
3D6C9CB0,
BDD04C39,
3DA072CA,
3C5D8103,
BB713520,
BD48D944,
3D74DE21,
3D917167,
3DC81341,
BD921BD1,
3C1736D8,
BDAAA796,
BD7B6663,
BC92E38D,
BDA627F0,
BE13B40E,
3CA84189,
BE1C9E43,
BD2195C0,
3D80E705,
BCFBEC3C,
3D542379,
BDC509D5,
3CB1EBAF,
3C2D9E01,
BD937BD9,
BDD310FB,
BC02A992,
BD9EB353,
3C2B12F3,
BD171F93,
3D0EB58E,
3DC5B9DB,
BDCEB278,
3E02A786,
BDA0F70E,
BE022FF2,
BDDBF79A,
3DCA29A7,
3DACFDC6,
3D8B7F48,
BDCB9177,
BC57156B,
BD589485,
3DC68CE1,
BD7DE4E1,
3D823B62,
BDB55941,
3D86737D,
3DA4C6EF,
BB3BDFC6,
BD891D51,
3C9256C4,
BE997C8A,
BE26B9E2,
3D0189CA,
3D751E8B,
3D8CA1C3,
3C9C55A7,
BDE86744,
BCA00C37,
3D2C22E2,
BD8A9DD7,
3E5E5606,
BDD3E5A5,
3DD5E30E,
3CF5821F,
BD39CC51,
BD115CE0,
3E57BF57,
BB889114,
3D8AA01C,
BC032E80,
3C7B72BB,
BDAD3756,
3DD53094,
BD11395D,
3D498803,
3D0FA2E7,
BD9CB0E0,
3CA6AEE5,
3DAF0F15,
BDBC39D4,
BDDB7847,
BE056092,
BE1F116A,
BC99DEC7,
3DE1E696,
BD6F2B59,
BDBE668F,
BD5AB32D,
3D9E74FB,
3D8A0BE7,
BE62980E,
BBF07C19,
3D6AB484,
3CF783F0,
3DC878C3,
3DEE0139,
BE351908,
3E03AC3A,
3C8D7B73,
BD6C66CE,
BE42285C,
3D395440,
3C38A46D,
BDAE283D,
3E66A310,
BD4C7A90,
BDC8E2B5,
BE64DDCC,
3DE2C08F,
BE0AB067,
3D1CC0A6,
3D2A1709,
3D9A5450,
3D045BD5,
BD861462,
3EB16246,
BC936AE6,
3C9786FB,
3D837983,
BE503B9C,
BE97C055,
BD921B86,
BE811ADD,
3CBF0B5E,
3D27A65E,
3DB1B303,
BE741AD8,
BD228361,
3CBFABDB,
3D1A039D,
BC8F2787,
BCA78A32,
3E3E4670,
3E182257,
BDD5BA53,
3D03479A,
BE352546,
3C8962BB,
3E9FA348,
3DCABC25,
3C1A470D,
BC6F358F,
BC962106,
BBE423E7,
BC3CCBFC,
BD354D9B,
3DAED0F0,
3D2984C4,
BDAA498C,
3D9A07A0,
BE14A58B,
3DF07FC5,
3DE5A2E6,
3B00059C,
3DDDF4F4,
3AC8D325,
BB74F73B,
BD9089C7,
3E05DD87,
3E3275EB,
BDED6351,
BE21D635,
3D946667,
BDA0EEAB,
3C03F158,
3E5D2B57,
BE8A39B3,
BE0C4D0D,
BD02CC7E,
BD8BAFB4,
395E07E2,
3A3CC958,
BD5C896D,
3E7A0E7A,
BD826338,
3E2E05C0,
3CA02D32,
3DCCB771,
BCB0CFC6,
BE735E9F,
BE2BBEA5,
3DA521CB,
3D8D2BED,
3DAC71BB,
3E0FA943,
3E1998B7,
BE16E9FF,
BE0304CB,
3C943E35,
3C3FF5F2,
BD83445C,
3E116613,
BDB3A41C,
BDB3236F,
3E384F23,
3D9A5817,
3DBDB805,
BDA1D573,
3DA1605F,
BCA5A3B3,
3E31831C,
BE9D3875,
BCC966B2,
3E9E1629,
3E08CE39,
BE9F55CA,
BDA306D6,
BE1BE8C8,
3E117BC6,
BE18559E,
BE0BA6FF,
BCA22167,
BBBF5E38,
3D7BB9AD,
BDB824FB,
BDC655FF,
3CA27C9A,
3DAEA95F,
3E0519FF,
BD43A426,
3D9AE436,
BCDBA111,
3B165E7D,
3D0816A7,
BDFAA241,
3DEBEE6E,
3DAF4034,
3DB74052,
BE117350,
BDC57205,
BB7F93BB,
BD4D9E49,
3E74AA2D,
BCDD4ECF,
BC9F46DD,
3DFF604F,
BD9C4401,
3D854EC7,
BB1D2A8B,
BD6689F8,
3DC254FD,
3CCDEA5A,
BD4A42C4,
3C7F4E53,
BDD6A476,
BD01CFD8,
3E12957B,
3D8EB0B9,
BE054037,
BD6372BF,
3E14BDD8,
BD4ED325,
BC3341DF,
BD608756,
BDDB02A9,
BD85EAB6,
3E2B7CA3,
3DEA0333,
BC6DAD05,
3E2DB55A,
3DD3B2D3,
BCF9DA55,
3D9FCA80,
BC5D75EC,
BE0695E7,
3CBE8B4B,
3C3FF0F6,
BE5F4F9B,
3C5BBBF7,
3D9ADA81,
3CB44F53,
BD51DA82,
3DF0C119,
3D3B93FF,
3D198BB8,
BC57B846,
3E0251DE,
BE78C578,
BDCC65E9,
BC083FD4,
3BCC0C05,
3D4B6FAF,
3C4BE1AF,
BE0A88E1,
3C68586A,
BDE4BFBF,
BDAE493B,
3BF048B2,
3E212BD3,
BD41A3F8,
BD750143,
3D11D15F,
BDD22844,
BD7B5895,
BE2005BE,
BDDC582B,
BCECC98C,
BB7B3A91,
BDA4EC0A,
BC45AE67,
BDF49E10,
3D7E9749,
3D767E29,
3D880D5A,
BDB63897,
BD1AFC07,
BE40D759,
3D868540,
3C23E301,
BDB17E28,
3D3A46A1,
BE134E91,
3D916C23,
3D96255F,
3B93E9E8,
3D94894E,
3DF5949B,
BD8BD0A0,
3B73B28C,
3D02CA5A,
BE36C6E4,
3DF7BFE0,
3DEC6935,
BD445283,
3D8391E4,
BD83CDFC,
BE24043D,
BCADD8B3,
BDC23E74,
BCE4D445,
3CB5A576,
3CFEF94F,
BD30B210,
3DE607DD,
3D61A679,
BE15BDDD,
BCBA1AF4,
3CD8E35F,
BE1406BE,
3DAD3794,
BDC8CB37,
3DE5602F,
BD998FFA,
3C1FA7C0,
BC5F4C29,
3D72B597,
BDDF7A50,
BD12B4AA,
BD9C33D2,
3E2C66C2,
3DEAB139,
3DDCDC87,
BE507DA9,
BD935A7F,
BBE84963,
3D8E5D26,
BA808287,
3E04973A,
BE282F2D,
BC234151,
BD31A305,
BD264C5A,
BDCEBA0E,
BDCE7621,
3CD385F7,
3DD5590E,
3C20DB28,
3CFE1ADA,
3CAA536D,
3D6A8478,
BCA61F66,
BE091E69,
BD84202C,
3D44CBE3,
BD5E9C38,
3BB859D1,
BE317FCB,
BE2FDF76,
3D7FC12D,
BD46CE0F,
3B987202,
BDAC283E,
BD557E2C,
3D2B1108,
3D2E429D,
BD3D26F9,
3CB85458,
3B3D0C53,
3C95AF48,
3DF5CBA7,
BE08B5D9,
BDE435E1,
BDC15AC5,
BA51F2FB,
3CAF288E,
BD4D94BC,
3CE6AF35,
3DB68113,
BCEEE893,
BD2F25D2,
BD0048D2,
BDEF795C,
BDA4ADDC,
BDA0E4E0,
3E1536B8,
BD0C5E8C,
BE02A505,
BDACFE99,
3D75660A,
BD8589A5,
3E49179B,
BD71FAAA,
BE114EFA,
BE5C897A,
BCEDB3BB,
3D6C21B6,
3D8597FA,
BD51901B,
3D9ACAFA,
BD94755C,
BD6CD80B,
BDE68DC7,
3DD23BDC,
BD639B99,
3E28748A,
BC76C0D1,
3C5DBD4B,
3D54210D,
BD567D4A,
BD4A33EB,
BD72B98A,
3CD8619B,
3DCD37B9,
BDF3DBCE,
BD83877A,
3CB32EDA,
BCE42F49,
BDCB840C,
BC7B67C1,
BB96134E,
3D99F14D,
3D1A6B32,
BD8B1024,
3DBBF6F8,
3E3EC5A1,
BE160368,
BE1E3C7C,
BDF8C779,
BDD9FF28,
BD5ADE54,
BDCA14A1,
3D75CA07,
3E0E8925,
BDFA79DE,
BD23CEB8,
BCEAC278,
3D8D67EB,
BE379545,
3CBE66FB,
3D0C4EE7,
BC378D98,
3D5C7ED6,
BDAAF27A,
BE2CA09C,
3D059249,
BCB09896,
BDA332D0,
BE051D35,
3DC0E2D9,
3D43B035,
BDAF0E95,
3D9F1248,
BBE3B4CD,
BD2D9B29,
BDE66BCB,
BBBFE616,
BCC85C68,
3E0E534B,
3DA8D688,
BE264A56,
BD9C2405,
3DF2D682,
3BD4AF66,
3D24F8D7,
BDC53294,
3DDEA36F,
3C345365,
BD59180E,
BC9FE534,
3D78FD7A,
BE049890,
BD27FFDE,
3D9C8CAD,
3D9D1E03,
3E00C752,
BDD83A12,
BCEE98CC,
3C5A9AD6,
BDFC70B5,
3D9391EE,
3CE755AB,
BC572FD7,
BD77F7DA,
BD8C59E3,
3D16C017,
BDE93A17,
BD1E0A35,
3D271C7F,
3D13FA92,
BDF17750,
3D54B0B5,
BDE9188F,
3E19A7DD,
3DD69F80,
BDB07AC4,
BD4BB35D,
3E35526D,
BD80836C,
BC287F69,
BD941A39,
3D89A236,
3C75A0CE,
3D0AE582,
3C926F99,
3C36DCD4,
3D2B36B5,
BD6C20A2,
3CDA335F,
BD0D584F,
3DD3BC35,
3CEC53CC,
3CF1DF9C,
3D57281C,
BD7E9EBF,
BCCF8AAE,
3C85C3F6,
3DA7B3CD,
BDF9B8E3,
3CC0BB14,
BDBBE802,
BD6BA381,
BEC74A3C,
3E1B5A73,
3D9EBA83,
3DF0356C,
BDA2791B,
3C5EB616,
BDA96C5C,
BD906A9A,
BDD6D916,
BD5141B1,
3D83DEF3,
BCA9C296,
3DB787D5,
BC4AB415,
3D2D1AF9,
3DA822EA,
BDF184E0,
BDAF146A,
3C8AED13,
3DCABA88,
BC989587,
BDF0FDC1,
BE060D4A,
3D8DE6A3,
BD53D6FA,
3D8E2DD1,
3CC2D780,
BC8749A8,
3D5B1C11,
3DB23D24,
BBBCAB65,
BE24A241,
BD758B17,
BDAE6223,
3D7B69C4,
3BCB60F8,
BC9E7F13,
BC771E0B,
3D97F801,
3D8ACDE9,
BD9431A2,
BE264B50,
3E027974,
3D853C6A,
BCCB6E29,
3E1C7B0F,
3CD18EBC,
BC8E0969,
3D50DC66,
BE102F7E,
BE5F0113,
3DD3D5FE,
3CBF9483,
3E334558,
3D6C3318,
BE1436D8,
3DC946E9,
BD615533,
BC834E62,
BDAA714F,
BDD14B99,
3BF61AF4,
BC8E405C,
BD7F8049,
3AF4500E,
3CD80AF8,
3DAF6671,
BE27D8B7,
3C527C72,
3C9B56DB,
BBD970B1,
3DD375FD,
3B25DB92,
3C953CF5,
BDDC2E4F,
BD2D8C5D,
3DCDDA5F,
3D8FC4D4,
3DFCFF8A,
3E058256,
BC08CA66,
3D6D73C0,
BD370475,
BD1C27A4,
BE0BC348,
BD4E8258,
BDD80B0C,
3B8E9E9C,
BD3501B1,
3DFBAF7F,
3DCF975C,
BD0143AA,
BD5CF557,
3DA8559C,
3D136FEA,
3C7319F9,
BD3821A5,
3DD16623,
3D2DF7E2,
3DABA935,
3E3ACDEC,
BE0578CB,
3DE44497,
3C81B5E2,
BE2156C3,
BCD65405,
BDC16F2E,
BE14A21A,
BCE49055,
3C19D056,
3DA37514,
3E102DEC,
3E3C156A,
3D786DEE,
BBB24238,
BD87D80D,
BD10ED3F,
3D6FA956,
BDF85328,
3D5E4AC3,
BDFEF264,
BE89669E,
3DB2EE2C,
3D64C12C,
3D445C0A,
3CE25FC5,
BE5C5B6D,
BDDB5042,
BE5F7033,
BC45AC0F,
BC51A6A7,
BDE41848,
BD406F98,
3D78B9B3,
3E126F9E,
3D71B39E,
BD56A1C7,
BD133CDA,
BD830DF6,
BA9FF721,
BDBF3C9E,
BDA03DFF,
3D0EEF6F,
3C7A6D7D,
3D649132,
BE06013B,
3D658D0D,
3B412FFC,
BCAC9DA8,
BE001162,
3D045465,
BC4213D3,
BDD625F7,
BD8F723E,
BCEAFCBE,
3C68FF97,
BBE54A17,
BD8B7E36,
BE3366CA,
3E06E320,
BD8F61CE,
3DBEAA6C,
3DE66729,
BC9A967B,
3D9B37E6,
3D04033F,
BD510F30,
3D7FA030,
3DB8140A,
3D8E3E5E,
BD76BD0D,
BDE99734,
BD8261F9,
3C853A00,
3C84FE97,
3D4E83B5,
3CF649C4,
3DD594FF,
BD101141,
3E037565,
BE49B865,
3D48D15B,
3DFED49C,
3D0478DA,
3D32E47D,
3DA28D44,
3D874297,
BD8B4F84,
3CCAFB36,
BAF305F4,
BC5DE681,
3DB94CC7,
3C308F3A,
BD231C46,
3E46AEFC,
3D441E61,
BCA50010,
BBAAF065,
BCAA7DF7,
3C3C25FD,
BDA7F9F9,
3D06E590,
3D197993,
BDCB79EA,
3D078450,
3D9DD19C,
3D7A299B,
3DC715F6,
BB6E1F9C,
BD8F428A,
3CC3CE70,
3D6494EB,
BC8CF452,
BD3C2521,
BD8DB7B8,
3C6E2E86,
BDB701B4,
BD8759F1,
BD232930,
BCBA1884,
BE0936C1,
BD1CE5DD,
BD8F19EA,
BB7FF640,
BC980ED7,
3E28A45B,
BC2139B3,
3CE23A8D,
3DA1CC30,
BDA78811,
3D44C5C7,
3D342D90,
BDB9D990,
BB9EC4FE,
3D468A2A,
3B6D8103,
BD8B19A7,
BD68D911,
BDFAA97D,
BE06CF64,
BD0C5A92,
BD56B8E4,
3D1F8D41,
BD1CE50C,
3D8E54FE,
BC7F7310,
3BCB7186,
BC205EBD,
3D0A16D9,
BDC43DE1,
BCCEAABA,
BD7C0BD7,
BDF41C2A,
3DBE3297,
BE1F06BE,
BD535464,
BDB7619C,
3DB20768,
3D5AE1D5,
3E2A7C7F,
3D9E972E,
BD997E0D,
3E290937,
BDBD365A,
BCAC4CE1,
BDAD6625,
BC51E40F,
3D73C1E1,
3D4E71DB,
BDDD389A,
3CF0DB46,
3DF9CF69,
BE648513,
3D0B8293,
3D603044,
3A0998B5,
3DB498A6,
BE2FE288,
BD7E2804,
3DF1EAD0,
3C49D369,
3D923633,
BCA61AC7,
3B68E4BC,
3DCE6875,
BD622B96,
BCC7179A,
BDCD4B44,
3D3852F0,
BD7756A6,
BD4DCDE8,
BE1830FC,
3CCDB85D,
3D58707F,
3D1FFBE7,
BBAEDD57,
3DA2F173,
BDBD7E9A,
3D21C804,
3CB60970,
BC9AC3C8,
3DD23EF0,
BDD9A5CF,
BE01F8C8,
3D87454A,
BD0A4AEC,
BDE279CE,
BCC239B8,
3D8544D7,
BDD7FF41,
BDA20DA4,
BE1E1B87,
3E02063A,
3D13DBA4,
BD9D05AB,
BE5D5321,
BD2EBF8C,
3CC1D290,
3D3C144F,
BD972D47,
BCAC711B,
3CEC43C9,
BD874681,
3D6E65A6,
3B93C486,
BD27A557,
BB8A7B09,
BC5EE9D1,
3DEB604A,
BD7F75DB,
3D21AEC8,
BDC6423D,
BC8246B9,
3DE9918C,
BD44FE6A,
3D935D86,
BD57569D,
BB1BB987,
3D9D613F,
BB68CE02,
3DBA2C18,
BD47AB8A,
3DEE6764,
BE0E2675,
3C757FF5,
3DF78182,
3D5A85D9,
BB8EBA10,
BE45376C,
3D50C768,
BE0E6A73,
3DBDFBE0,
3D2E1A8A,
BDE40940,
3C2A95E4,
3E09FAA7,
3B29DBE2,
BE1CCC05,
3CA91230,
BC8D6745,
3DA8494A,
3D294F23,
BD2B0357,
BE7B48C7,
3D7E99A9,
3D966D6A,
BD4850CD,
BAB63904,
BD0350E4,
3C82301F,
BDE20F3B,
BE28BDD0,
3C879B4C,
3D964196,
BE053A22,
3D3AC4D2,
BDC16B39,
BE6C3B11,
3D9E50A8,
BDB8CB54,
3B89F59D,
3D61E2EB,
BE7124C0,
3D15FE67,
BE0C0DA4,
3E02FE5F,
3DAC39C6,
3D72C539,
BD55C56A,
BD389962,
3DC4EF59,
BDC5A052,
BC98033A,
BCA5A2DC,
BD35E661,
BCD89914,
BDBA034B,
BD616F29,
3DA3B635,
3E202389,
BC84C5B3,
BCEDBB67,
BCB7088D,
3DC4EF0C,
BCDCD9BD,
BE4235DE,
3D59D3F6,
3D337378,
3DA6F068,
3DC7B702,
3E075C29,
BDEC9451,
BC8CAAEC,
3DA86EE4,
3E11AC67,
BD9B8D36,
3D3F44C2,
BE14BB6C,
3DBEC9A0,
BD696F85,
3DB78101,
3E0BBA7D,
BDB083D1,
3D50A125,
BD8655E5,
BCB8A931,
3C509DFC,
3CA5E82E,
3D9468F6,
3C172085,
3DC7AF60,
3D70D782,
BC7448BE,
3D3B098B,
3C18E587,
3E07380F,
BD2F9EC5,
3DAB4CBD,
3E2E013C,
3D348BD2,
BC375091,
BDCB1092,
BD0869F0,
BD87A74E,
BD925895,
BD877117,
BB874B86,
3E219D7C,
BD374013,
3E02FC5F,
3D0153A2,
BE3DE032,
BD068119,
BCA0603B,
BC9F5C5E,
BC46FDDF,
BD240161,
BDDB5E8A,
BD4D934F,
BDC3ED18,
3DD58430,
BD823A0D,
3DA4493A,
3D6F1183,
3C720B49,
3D3513D4,
BDAED532,
3E138C81,
3CF146EB,
3C437469,
BE130A4B,
3D8D13DF,
3D8AB65C,
BD39D3FD,
3DC9A799,
3CE2CF71,
BE03D611,
BC9D643A,
BDE60ACB,
BE03C924,
3DF96B02,
BCE4F393,
3DA5C890,
3D9E4085,
BD3C0F74,
BD639F0D,
3DFFF885,
BC16EC02,
3D42C5A7,
3D87149E,
BD72A73D,
BCE215C9,
BD50E5B9,
BDACF9D9,
BDBA06C4,
3AB4762A,
BE1A4816,
BE017294,
BC89C4C3,
3DD73CC3,
BD1E880B,
BD193132,
BD3134FD,
3C3F6570,
3C378996,
3C8EF2EE,
3D8411C9,
BE31FCD1,
3CC238D3,
3D3BF969,
BD85E823,
3CF9942E,
BE9A6101,
BE202A3E,
3D5AD734,
BDA7FE07,
3DA6D6E2,
BD80773C,
BC34787D,
3D2DEEFE,
3DADAB40,
3E3739FF,
3DC127DB,
BD440A0D,
3CEC436B,
BDDD1F32,
BD441E91,
3D347C3B,
BE112EAA,
3E01C94D,
3DBDCE5E,
3DA993C2,
BDAC11B3,
3D0F42A3,
BDE2CC56,
BCBCE6B9,
BDAFAA86,
3E1B93BF,
3D68C360,
BD566B52,
BD06B47E,
3DCD4489,
3C1DA252,
3E136D8E,
BE0AB010,
BE08726C,
3C9921DD,
BC392461,
3E2E530A,
3C12714A,
3E4897E6,
BD1AC4C7,
BD93C45C,
BCFCDD02,
3DA08926,
3DC498E9,
3C83132B,
BD48C1C0,
3BD1D137,
BD826BDB,
3E172A0B,
3D94FE17,
BE5BDF97,
3CFA6ABE,
BD8380B9,
BCCA9AA5,
BE2F99D0,
BE6124BF,
BCF8C617,
BCCD7AEB,
BD9CE88F,
3D18A5EA,
BDE43B8E,
BC33DFF5,
3D89E4C3,
BCD712E3,
BDA4693C,
3DE61AAE,
BDCBF787,
BC28C32D,
3D927332,
BD2749DB,
3B3F5E38,
3D07AD93,
BC860823,
3DADAD51,
BDCE7461,
BE2BD1A9,
3D118B01,
BD85C93D,
BD99DFC9,
3DDF26BB,
3CE2ABD1,
BD9DC07D,
BCCF099C,
3E0D6E70,
3DB0A031,
3D5D0228,
3D201535,
3D140E5E,
BDEF6112,
3D377D53,
BD06B515,
BE853CD3,
BDCAEBE6,
3CE26105,
BDA025D7,
BDDD2DB1,
BD1A1A45,
BCF89549,
3C4DBC70,
BA2A7BEE,
BD199F02,
BD0FEEB1,
3DE88D3C,
3E0D07E2,
3B7935B6,
BE6BF46B,
BDBD0FC1,
BD4EB19E,
3C821BB6,
3C91744A,
BCCC16C3,
BCBE5819,
BD9A2071,
BC8394CF,
3E06F340,
3DEE67FE,
3DBAD6E8,
3E26C225,
BDDAE3FF,
3D6C6CF7,
BE1E752A,
3D60EF3A,
BBFFC2FB,
3B3F20DF,
3D3AEB60,
3D656277,
BC3E4329,
3CBA54C8,
BD9183DF,
BDBF4FC3,
3D388EED,
3DF30F97,
BD02BEF8,
BD3F5A0F,
BC7207E5,
3C03B30F,
BDC298C7,
BD9B037B,
BE2F46DC,
BC2500F3,
3D3C38DD,
3D091110,
BD99A7D8,
BA6F4756,
BD9C10BA,
3C94318E,
3E169B5F,
BDE7C434,
3D425878,
BE30134C,
BE0AB1A7,
3CCF9B86,
3D904BAB,
3D346C82,
BD829204,
BE09546C,
3D44B98C,
BE8509E7,
BD784290,
BE9A7B1D,
BD27ACF9,
BE401B58,
BE627BD2,
BE320863,
3D54CB16,
BDD166A8,
BD148E85,
BD908BC6,
BEA7046A,
BD8B8552,
BD12CB28,
3DC6C242,
BE309348,
BE01460D,
3DC0E4E6,
BBA29443,
BD969B52,
BE11F900,
BE44949D,
BE0CBBFA,
3C6E7AE6,
BE1A1CD4,
3DD298FC,
BDA409E1,
BD27F66B,
3D8A67E5,
3DBE1428,
BDBA8530,
BCB90630,
BD624780,
BC3938E7,
BBC36FFC,
3DAB8072,
3C0F59B8,
3C13AA28,
BEE79227,
3E4329D9,
BD31FCF0,
3DABE8A3,
BE22F6C4,
3E055340,
3E01B8E1,
BDE9E19D,
BD2387BF,
3DEBB8DF,
3E242B07,
3C73C2F0,
3DFEF8B6,
3DACBAB6,
BD01131F,
BD7B0AF1,
3C1A61E4,
3DBF9F80,
3D879ED5,
3D8CD403,
3D666EDD,
BD741431,
3C374CC2,
BD5BF0D3,
3DABD889,
BDD452D2,
BBDE9EC3,
BD0F9C4B,
3D165959,
BE54EB69,
3D9E3C0B,
3DE52FE1,
3E11D2F6,
3D701D4D,
BD1C87C6,
BD588B82,
3D2D3F30,
BE6C6EDC,
3DD089E6,
BCA6B8C5,
BE1381DD,
3CFA803D,
BC8C1ECC,
BE132D28,
BD57F7AA,
3D7D41A4,
3C998502,
BD110847,
3C8E0C7E,
BD5096FA,
BDBE394C,
3D0EA70E,
BE1BBC4C,
3C818BCA,
BDE7BE47,
BD30EB26,
BD06A756,
3B41DEB4,
3CCAE716,
BCBF4CE7,
3BFC1288,
BC0FDB5F,
3DA3B754,
BB48CDA4,
3B389688,
BBA024B5,
3E0E7275,
BD141CF9,
BDB293CC,
3DABD5EF,
3CFA74CC,
BD4910F4,
3D2295B1,
3D5229A9,
BD4248F6,
3D5BB5AF,
BCC95B20,
BDB1DB97,
BD223CB3,
3E297F00,
3C3099B6,
3D8CB5B1,
BE1447B1,
3E37E6C5,
3D9E9FF4,
BDA211B6,
BD3BA46D,
3D9D6D8A,
3D94BA13,
3D51F4D8,
3DA8C540,
BD019864,
BD224A5C,
3D8A855D,
3D74C5B2,
BE3C80AA,
BAFED622,
3D82E65F,
BE15D36E,
BD9D8523,
3DF0DBAE,
3CC6F25E,
BE23478A,
3BCF81D7,
BC65BEBC,
3DE4C14E,
3E12DE40,
BDE730C0,
3DCB6FF4,
3D0709DF,
BD54A11C,
BDED88F6,
3DD3AF46,
BBDAC957,
3DE87AAD,
BDC76748,
BCD4D2D0,
BC864E11,
3D9BF6CD,
3DAA048F,
3B2DF1E4,
3B1A4168,
3E0965AD,
BC4A5668,
BE2818F3,
3E3644E0,
BD17E755,
BC85CDE8,
BD92AF18,
BD0432CD,
3CFF461F,
BAE3AA9E,
3D5AE282,
3D616E79,
3DD90A7D,
BE21B05C,
BD088440,
BD607320,
3BBFAFF6,
3D42DFF5,
BD29F1F4,
3DE206A9,
BDC491B4,
BBEACD14,
BD66595A,
3AC7D705,
3CA30396,
BC7E6B78,
BB4FB3C9,
BDA1720C,
BDE3B757,
BE521F92,
3E7A0630,
3D720719,
3E1FC931,
BD36FB59,
BE096302,
3D8142FB,
3E37A625,
3E42A845,
3DDBBCCA,
BDE731A9,
BE21F5EB,
3D8EC5FB,
BD100243,
BE8111EA,
3DF20F20,
BDB9FDA7,
3D708C3B,
BDC2DD9B,
BD091800,
3CD1EBCC,
3BCAC971,
BD60169E,
BC91204B,
BDFEA490,
BB9C1A09,
3CD8FD2A,
3B9C59C7,
3CFFD363,
3DC398B5,
BD2592EB,
BE2D9105,
BDA0AE2C,
BD504AE5,
BD9F51F5,
BDEF108F,
BDC58690,
3E32F534,
3D92541D,
BDA56758,
BDB05FDA,
3D11280B,
BDB9C219,
BD461164,
3E64C7E6,
BD9E6DEE,
BE1F9A3C,
3DC2862A,
BD4FE348,
BE186375,
3DB83387,
BC1E35C8,
3C872DCD,
BD9FB717,
BE4D38DB,
3C9185D5,
BD319FDF,
BD7F5F8A,
BD89F431,
BE42022E,
BE1AFE8C,
3DE40246,
BD906CD7,
3DB54D93,
BDC492F9,
BE00804B,
3D16F129,
BD39B580,
3D8945C3,
3CF30E61,
3D661D50,
BCC49CB5,
3E34D691,
3C776854,
3DA8AD3F,
BD0A8F29,
BAE816D8,
3D7458DD,
BDDBEAA9,
3D98F03A,
BE01EB36,
3E15A248,
3B30B8B1,
3E12AD43,
BD15AC37,
BE5CABEE,
3DDCDE70,
3DFA8F93,
BD1CE878,
BE219815,
3DC94EA4,
BCAD1DDD,
BD9875AF,
BE046E85,
3C581CAC,
3C4F64E6,
3DBA5381,
BD101CDA,
BD9F371F,
BE092E39,
3D852BF2,
BCFF46D5,
3B06A605,
BD0C6E5D,
BDC309B2,
BDD713F3,
BC44A306,
BDB0F5A4,
3E015A50,
3D9D531D,
3AA8DD71,
3D9E6179,
BDABBE7E,
BD1731EC,
3D445BB7,
3D543BA5,
BD913749,
3D8BE16D,
BD9BFBFB,
3D542461,
3D70B964,
BE5E4607,
BD0DCAC0,
BD5DBF40,
3ED10410,
BDD8DB77,
BBF1CF90,
3DBC1700,
BE1DB761,
BD3F5CC3,
BD8D956B,
BD0CA3AB,
BC3EDD20,
3D92A6F8,
3E918926,
BDC146B2,
3E0EA473,
3DD95D3C,
3CAA742B,
BD45D172,
3E1282AC,
3CF1DE17,
3E522057,
3CB71536,
BDC885C9,
3DE859CE,
3B5F1C81,
3E39B9F7,
3E845612,
BD479B8A,
BDF8FA23,
BE7793C4,
BD8C0676,
BD131B4C,
BE1164B4,
BDD88BD0,
3D9D93C5,
3D8F9863,
3D6EAEDD,
3E1D0EBA,
BE351170,
3D18EFBE,
BD7F3156,
3D01E83E,
3D613AB4,
3D4FFB8F,
3E849797,
3E13F2FE,
BB0BF751,
BE68EFA6,
BD89908A,
BE1D0B2C,
BE9A3B82,
3D510E91,
BCCAE5E5,
BDFEFC19,
BED664A8,
3D719B27,
3D6CC075,
3E2C51DF,
BC1884C5,
BD9C8EA1,
BD517C78,
BDA13A11,
3BDBCAA8,
3E7FEE35,
3C5947E9,
BE396800,
BE907624,
BDE89BFE,
BDB11DEF,
BE345B4E,
3DFDDB5B,
3E4819D6,
BD17E8D9,
3CA2415C,
BE055FE1,
BE3774EA,
3DFC53BE,
BDBEF93D,
BE73491F,
3E6410F0,
BE05281E,
3E8157C5,
BCBCD56D,
3D74960D,
BE395D63,
3E775B8F,
BD7E8A11,
3E1FFC79,
3E93FFD2,
3DAE47F4,
3EB79C40,
3E10215A,
BD909B59,
BE90F9CA,
BCD3FA6E,
3E927285,
3D5753F5,
3E2F1BAE,
BC878927,
3DAA63B2,
3CEEE2EB,
BD8BB7A0,
3D3E977E,
3E81A67D,
3DFEE786,
BD9DEEFC,
BE85C53E,
3E386AA2,
BCCFDD53,
BE363FF8,
BC991F0F,
BCEAE821,
3DA4C732,
BE2767EF,
3E0A40BB,
BDF11FF7,
3B5DC797,
3DC17844,
BD5E4D89,
3E3ECB62,
BD1704FF,
BDF447D3,
3C215E9B,
BE38EF26,
3D1D3A88,
3E33BF70,
BC7F225B,
BD2C4DAC,
3CFDDE2B,
BDBC8095,
BE3E697B,
BCF494DA,
3C617EA3,
BD6B072F,
3E71D518,
3E081B51,
3DF56C79,
3D637EB3,
3E396202,
BE804ED4,
BD19B3AC,
3E05BDB9,
3E083D24,
3E304DFA,
BD97F893,
BB8458D9,
BB98D480,
3DC63A1A,
3CC4DCA6,
3D1047C8,
BDA9E038,
3D924934,
3DA4DC89,
BE19DACA,
BDAA89BD,
3D02369F,
BE314B0C,
BE1D2E9C,
3E04A193,
3E4FFD97,
3D06B7A2,
3C93C183,
BDFE789B,
3D520C91,
BDD66919,
3DD0AC33,
BE29670A,
3D40A0A1,
BD832171,
BE02FACB,
BDBAB3D1,
BB702036,
3A05086C,
BE2E639F,
BCFB5988,
3CB9D5FF,
BE2F9085,
BD63129E,
3D804497,
BDB2C1CD,
BD133276,
3E08099C,
3D0F9B1B,
3E28D218,
3CE3F058,
BE4E8802,
BDEAA246,
3C22C257,
3DD456CC,
3DF3C17D,
BE01499C,
3DC7A8F5,
BDC960BD,
BE69EACE,
3E0D39A6,
3E145A85,
3D475C28,
3D996EA0,
3E26E67B,
3DF21FCA,
3D409DB8,
BC4F44D8,
3D119FE7,
3E421BAF,
3D459076,
BD8E98B9,
BD116FBD,
BDD0FB27,
3E2880DF,
BD9B7600,
3E0E720A,
3D30AD7C,
3C92C4C1,
BC9E274C,
3D43B89C,
3E4CB422,
BE0EF30E,
BE13086C,
3C58204B,
BD0EE3DC,
3E15975B,
BCE74E98,
BD237F92,
BDAFE6BC,
3CA914FF,
BE29AC92,
BE6FF8B0,
BE85A30C,
3CA37F22,
3DD0B2C2,
BD741617,
3DAF2FAF,
BE35C3F7,
BE06CF17,
BCBEFDBD,
BDA11856,
3DC09D5B,
3C99EDF1,
BD218503,
3DFF3786,
3D866B4B,
BDC95C85,
BB965719,
3D0AB5A6,
3DA53D8C,
BCF4BFF0,
BDECEBBE,
3DC2EE60,
BD4BB37D,
BE45FE85,
BDB9988A,
BDD976D1,
3CD1CE49,
3D09409E,
BDB28F3B,
BE556DA2,
3C37B964,
BCBB6BA2,
BD66C0E1,
3D5F43B8,
BD086362,
3D8B8529,
3E37543B,
3E11DC3D,
3E5F1440,
3E22DAD5,
3E738DB4,
BE0560B2,
3DB53263,
BDA2E7D9,
BD107701,
3DAA123B,
3D8EACEB,
BDE71D20,
3D3AB273,
3E0DCDC1,
3BD0C9BC,
BD61ACF9,
3DBEB223,
BB88B044,
BDC5F7F7,
BC057045,
3D570040,
3DC5125F,
3DB771D2,
BC2B814A,
BCB11819,
3D8FFC4A,
BCF4B1DC,
3D301E2D,
BE099DB2,
3E3D6252,
BDED0FA6,
BDF11E9E,
BE1A2939,
BE1E85E3,
3D568390,
BE7F2E55,
BEC63AB2,
BDBFA62D,
BE15CDE0,
BE7CD866,
BD2181FE,
BDAA6A79,
BE3A75CD,
3DA1062A,
BAB50054,
3D777FD5,
3E1C070C,
BBFC2C7A,
BD470FBC,
BD1160DA,
3D7C0A19,
BE71ACCA,
3BA6555D,
3D1AA153,
3DDE42EB,
BD530B09,
BDAFFABC,
BDB5104F,
BDD5E4BB,
BE078CDF,
BD8E9BB5,
BD57BBAD,
3BC01DF7,
3DDA1560,
3D82B7ED,
BD96DD3A,
BD1D202E,
BDBDE1A2,
3DC016CA,
3EAB6F67,
BDD71F38,
BE738F89,
3E4B2BE6,
3DFFF56B,
3E867749,
3C5FF07B,
3E3614C1,
3DCE9FDE,
BCAADAD4,
3CBCF986,
BDB8284A,
BC35D10E,
BE43E71D,
BD3112F3,
3C690A8B,
BD3EC9C0,
BC82CFA9,
3E1854DC,
3D14B8BC,
BDDC0943,
3E15D3D8,
BE034C7D,
BBA371F7,
3D43BD18,
3D2A9DE4,
BDA42EE6,
BD5211E6,
3D9F4BBC,
BD04AC98,
BE247A32,
BCFA6E30,
BD8CA7AE,
BC0B5BD3,
3E35DC46,
3E0F94F9,
3CDC1838,
3C75F5A6,
3C98D1B1,
BE3E249B,
BD397C1C,
3CD3458A,
BD1492F7,
BD7B720D,
3D4B0C7C,
3DB40587,
BD739DF6,
BE0590CC,
BDE12074,
BE7D66DF,
BD6DEBCB,
BD559F8C,
BD8C784C,
3E7DF697,
3C6B8D93,
3E1C6CA6,
BD548C47,
3D902D0F,
3D509510,
BE9F6DC8,
BDB19FBE,
3DC862C8,
3D4FAA9B,
BD1F52A0,
3DEABD6D,
3E43FB5F,
BDABA426,
3E4F2D22,
3DB7AEA8,
BD9C1DEB,
BDBE7A8E,
3DD2A992,
3E161F2B,
3D24254F,
BE21030C,
3D1B34B4,
3DF10842,
3D84FCD8,
BDFD4F49,
3E80C2B9,
BD3CEE88,
BE9952C4,
BE5DEBD9,
3E08E694,
3C66012E,
3B8584E0,
BE1DADA5,
BDEE6773,
BDD2FCF1,
3D499303,
3B5E5844,
3D8544D5,
BE2CAEDD,
3CB758EE,
3E4CF4AB,
BCF9BD13,
3DC0D4D4,
BE3590AB,
BE39A56B,
3DD984B5,
BE0149CA,
BD640347,
BCD031F0,
BE97C8B1,
BD31D39E,
BE506B97,
3D04AC85,
BE715C40,
3CAD4F86,
3D9D2084,
3BA95FB1,
BD9E04C2,
BD952993,
BE09E967,
BCB91B48,
3DBCD64E,
3E1F1121,
3DF28D39,
BE105FF3,
BECFE547,
3E08D1D8,
3D2C810C,
3DC04F26,
BCD1E5C2,
BD92C340,
3E30AC2B,
BD9392B7,
3E441572,
BDF024F5,
BDA3B252,
BDB2A25A,
BE6212E7,
3D71C85F,
BE2465D4,
3E9ED6EF,
3E8F589A,
BA3FD2B9,
BE802DAD,
3E26B050,
3C1F7015,
3D809016,
BDCC0B17,
3E11023D,
3E33D883,
3C9360F7,
3D0D5386,
BED4888C,
BE8DB5ED,
BC9211F3,
BDA612D7,
3DC0DB95,
BEAAB2E8,
BCDCE4BC,
3DFEE28A,
BD1757FE,
BDD64EC4,
3EAE29A1,
BD79FF4A,
BE1571E2,
3BBAF0AE,
3DF01108,
BCEA5240,
3D958A0B,
3D0A2009,
BE8E973B,
3DE4D7F7,
3B0FDC68,
3E0F1718,
3DF6FAAF,
3CADF0A4,
3E16D722,
3D2A69ED,
3E5CE7BB,
3E011F0F,
BE0865DA,
3E5C75F2,
BE20113A,
BE042BCE,
BD7035FA,
BD61F9DA,
3D31717E,
BD9135AB,
3D3A2E27,
BE24F2C1,
3D146330,
BDAAF643,
3DA1A9D6,
BCF89817,
BE1D5254,
3DB52EE3,
3DBABB82,
3E84C338,
BD8879BA,
3A5CDEE8,
3DAEE6B2,
3E36A917,
3E2E8522,
3DE14924,
3DA65C66,
BDE48634,
BDA1660E,
BD9912E1,
BE13C643,
3D929028,
3DC10329,
BDA35B8B,
3D27AEDE,
3E3A89F3,
3EA255F8,
BBF6AC7F,
BE448E85,
3DB217C2,
BDB98792,
3DB5FAA8,
BD533C71,
3DA4EEA9,
3AABB3AF,
3D0A0B14,
3E74A8AE,
3E09D7B5,
3CBF956F,
BDC68BFB,
BDA61D9B,
BDEAA064,
BE811CFD,
BDFA2B9B,
BE5371BF,
BE0A9993,
BE22A970,
BD806A53,
3D9E4914,
BE01BBE6,
BD7B95FF,
BE1DB810,
3D444D27,
3D7B5C3E,
3DFB88D7,
BD90E49E,
3DFCC633,
3C5777C5,
3CD78F06,
3D3E4641,
BD954130,
3C050766,
3CB2A09A,
BD0F7523,
BE13B43F,
BDAB4E4C,
BD208C11,
3D8F6B0C,
3E5C4A16,
3E540B4E,
3C9E01AF,
3D26D72E,
3DDECF1D,
3D9D7607,
3E98516B,
BDFAF3E1,
3DC7640B,
3E06ACE3,
3D9011FB,
3BEE7304,
3E12E752,
3DBF325C,
3AF62FC7,
BC860946,
3E590DF1,
3D99FC2A,
BDD2EBB8,
BDADA9C0,
BCAAE8F5,
3D99DFB9,
3D6093B4,
3DF38FF5,
3E0AD004,
3DAD50BA,
3E077D66,
BCB0B00F,
BD215BC8,
BE5A8582,
3D5A0CE0,
3CD08F70,
BD5C08B6,
BDD4F0F7,
3D9A0533,
BD802375,
BE883C93,
3D3F46E9,
BDF26B4D,
BDF52FC2,
3E6B2D5B,
BE18D2A9,
BDEDA492,
3C971731,
3D96478A,
BDB5A9B6,
3D47EB97,
BD685F9A,
3E85C93B,
3DC8755C,
3E6FB23C,
3DD26A80,
BDBCAF88,
BD1014CC,
BBBAB99E,
BE142710,
3E106B93,
3BDB4E1E,
3DC865AF,
3D646865,
BDB0D281,
3E6AC59A,
BD4A2332,
BDAC353B,
3D6B731E,
BE4E4B77,
BEF11A21,
BDDB924C,
BD0465E9,
BE35DC78,
3E73EF83,
3D01BD47,
3B2711E9,
BDFBEBBB,
3CCAFD29,
3A828DB7,
BD9A0D03,
3CA14D5C,
3E1E33D2,
3D007115,
BE05AABC,
3D829401,
BE5964B7,
3CA2E17C,
3DB89346,
BCC7E7D2,
BD5CDE13,
BE09E5AA,
3E2050B1,
3D577EE1,
BE93545A,
3C118769,
BDA1EA38,
BD14E855,
3CD8394F,
BE06652B,
BE8F150F,
BD5D0A6A,
BCFAD899,
3D9F8798,
3DEF4206,
BE3B7C75,
3E832908,
BEDA2848,
3E88B046,
3DEDD227,
3E0BC4FC,
BE49AE11,
3E11537A,
3B9BE801,
BE2536F2,
3C59F3AB,
BE9F2BFA,
BE73521B,
BDADDD6D,
BD91C976,
3CA756F7,
3CFCFCE7,
BC2A9824,
BE7108C3,
BDA77408,
3E1E2A86,
BCB06937,
3D82E029,
BD8B1880,
BE877DB6,
BDFEA4D2,
3C3D5ECA,
BD650670,
BE532E5B,
3D14AE21,
3B7DA744,
BD4A29AD,
BD99555D,
BEB8B145,
BA700A5D,
BDDADA42,
3E1D69E0,
BC4B6372,
BDCAABD9,
BD1D77F6,
BDB5A2F9,
3DC60771,
BE22E833,
BE407E05,
BD6F9D27,
BD8DFCFE,
3CF05B56,
3E2E66FC,
3E30FC86,
BD8C53E5,
BD876844,
BEA3E3A3,
BE673B11,
3CD80BAC,
3E04B07D,
3E61884D,
3D80C780,
3C490599,
BE2AC21D,
BDF1E092,
3D89919A,
BD65E7FF,
BDC70DD0,
BE46AE02,
3DABE292,
3CEFC944,
3D8C46E5,
BDBC8FC2,
BC908FDD,
BE8A75BA,
3DC7C26B,
3D271ADC,
3E018AB6,
3C238EE1,
3E7ACB1F,
3CBC3DA4,
BD0B8E57,
BE60C651,
BE64126B,
3E649B39,
3E031353,
3DD22226,
3E0972E9,
BD0E29CD,
3D1A48CB,
BE1D0E36,
3E1D9718,
BD9329E3,
BDA74BBE,
BA818366,
3C6BC814,
BCA23FAD,
3E1529A7,
BE044A8C,
3CD22475,
BDB7CCEB,
3E3C8315,
BC016FDF,
BDA18957,
3C97A066,
3C29891D,
3CBE057E,
BD1B75C8,
BD1BD0AD,
3CF0D2D2,
BD0B42A7,
BE3D861E,
BD7AFF45,
3C941B75,
3D29EABB,
BDF9008C,
BD33A7EE,
BD04FAB4,
3E296DD8,
3C9BAD5A,
BD851775,
3E8256CF,
3D90CFC9,
BD5465EC,
3E11308B,
3D939931,
BCA80C84,
BE0379AB,
BE3F2F0E,
3CBA4D5A,
3D4142C3,
3D75059C,
BE4DFF2C,
BE138D7E,
BDD42635,
3C8B8266,
BDD1FF6C,
BDDA84E4,
BCF405FB,
BDDFC1B1,
BD4C5CAE,
BD8D6F8D,
BD1D2741,
BAF977D3,
3E5D2D69,
3E1CE7BE,
3E1E5E11,
BD438D76,
3DA0A883,
BD6E8115,
3CEA3661,
BBAAC11B,
3D5A2C49,
BE082D7F,
3D5232E9,
3E2D1A5F,
BC9ACA0C,
3E3E09D1,
BCCE1CED,
3D2F1B40,
BD31C4BA,
3E3266AA,
3D9980D1,
BE1D94BE,
3D1146D5,
BC9DB2A8,
3E8FD7CD,
BD4BE8BE,
3DCE7C4B,
3E57B115,
3D9FFFF4,
3E096FF4,
BD841665,
BD272BFD,
BC1ABBC0,
3DA0D287,
3DD77DFB,
B96D9333,
BCA19858,
BE735B90,
BE243522,
3DC0438E,
3DC25417,
3E616341,
3D3B858C,
3E0E325A,
3C2603A5,
BDA43473,
BE240424,
BD846A10,
3D2C261A,
3CA296BC,
BD92E418,
3C88C63D,
3DECD8E2,
BD7AD17C,
3C1A79AE,
BC0DE44C,
BDDE4931,
3DD4D228,
3E63849F,
3C031CD5,
3D1A552A,
3D36A1FA,
3D300B72,
BDCCED83,
BDE53AF8,
BD085E63,
3BE3C97B,
BDCA2C0F,
3E1AEBDD,
3D8174D6,
BE091745,
3D9E77C5,
3DA34579,
BD0915BC,
3DB276C9,
BDB3A313,
3D2A2416,
3C56B432,
BD77B66B,
BA8F9107,
BDC0D830,
BDBC6F0C,
BD60081D,
BE1E1E18,
BE4652B7,
BE0BC8D4,
3CFB0DDC,
BDE977F1,
3B8AFCE5,
3DC030A0,
3CF6DCCB,
3D14559E,
BDD0DEAB,
BD92D976,
3D795756,
3D082EF5,
3D5C3064,
BDF12EED,
3C78FB80,
3D831181,
BDDBDB58,
BC4D45FD,
BCA9E0DE,
3E039077,
BCCC1A8E,
3C85D8FC,
BCDD77DD,
3DD652F6,
BDD3048E,
BCC2E41B,
BD85024A,
BDBA495D,
3CD4A0F7,
3C29CF87,
BE2E0FC6,
BCEEE053,
3D250792,
BD9626C4,
3E1CC704,
BD9BB740,
BCB2B8C1,
BE723C7B,
3D6B3204,
BD075186,
3E20E51C,
3DB75884,
BE3BFDD8,
3D5B4D98,
3C819768,
3C223F1D,
BC937E97,
BD2B3AC8,
BC832B30,
BCB67216,
3DE89689,
BC0836E6,
BD7BCAB3,
BE091C1E,
BD800CBC,
3C4D2A93,
3DEACA6E,
3D6958E0,
BE3583DE,
BE2A5BAE,
BD8C161C,
BDD1B56A,
3CC4E66B,
BE0B631E,
BD2BDD2A,
3DC4C366,
3D19B044,
BD3F9F8A,
BD27D442,
3D10B084,
BDF06FFF,
BD497530,
3DD8F786,
BE0857C2,
3D2DAE3C,
BE082F2F,
BBD538D2,
3D8A60B4,
3C3F7E78,
3CD2F125,
BD4927EE,
BC709E7D,
3E02C045,
3D978788,
3D304ED1,
3E0F9BA5,
BE02F813,
BE13F2BF,
3DEADDC3,
3D8D7D0A,
3D707817,
3D5D1659,
BD962582,
BE0399C9,
BD828137,
BD284710,
BD3A8703,
BDA683F9,
BDA21669,
3DC73E64,
3DDCEB05,
3DEB4B65,
BBD98615,
BC12E9B6,
BD3E52D7,
BC4E98CF,
3CA06C9F,
3DA6B501,
BD507173,
3C844773,
3D092A1C,
BC67A558,
3D36E1C4,
BDE5C74C,
3E10AA39,
3CD121DB,
3DFBFD5D,
BCF5C3B9,
3B63E1E9,
BC41D0C0,
3D4B6036,
BCBB90D1,
BDC2F003,
3CF871C2,
3D32C7EB,
BCFCD561,
BDA3A1A4,
BE23B6F0,
BAFE3FA1,
3D61DD68,
BB9DF33A,
BE61567A,
3CBCCFED,
BDE05220,
3C0FCEE0,
3DCD503A,
3DBA9CAF,
3D85D886,
3D954352,
BDEB9E02,
3D312C27,
BEAA5113,
BDF88C4C,
BDFAB5A2,
BD8663C5,
3D31DAB3,
3D6986D1,
BD9A8186,
3BF07CC6,
3C8A3684,
3D9C5542,
BCB3AACF,
BD13EEA1,
BDD12331,
3D57E584,
BCBF4490,
3D52E72E,
3C545F09,
BE22BB2A,
BDCDCDDD,
BD6BE488,
BDE82A6C,
3D1BB353,
BE2E3D31,
BC935C69,
3CBC7DE9,
3D616AEE,
3D8374E0,
3DB6FC9E,
BCA784BF,
BDB2DC84,
3BAAEA4A,
3D9EBFC3,
3D5A14D7,
3D8B9458,
3C4DB199,
BD0D99B5,
3CAF4239,
BDE3B3C6,
BDBD1629,
BCA9CBF5,
BE1DD965,
BDB9C56E,
BDCBBF33,
BD61D9EF,
BD9C4019,
3DDFE83F,
3D17C415,
3DA72016,
BD0556CD,
BD9C6CA0,
BD99C8F3,
3D394646,
3CFD3FFA,
BCE2128F,
BD803F48,
BE038814,
3D56FC58,
3E0AF573,
BAFF8728,
BC9AE855,
BDDB64BB,
BCFD2639,
3D641E6F,
BB200DAE,
3E1B664D,
BDEF2FC2,
3D518F25,
3D7C5220,
BD18F1C3,
BC03CF8B,
BE4F87FE,
BDD00521,
BDAEC572,
BC359D9B,
BD29BBBB,
BD8B05CA,
3DADC500,
BCC39A5C,
BD4D907D,
3D18D9D1,
BDCD4FCC,
BDAB68EF,
BD3E3B8E,
BE367C89,
3AFEA1F6,
3E3579B9,
3DDD4E10,
BDDEA08A,
3D97E0F1,
3D58BA2B,
3B8846FB,
3DBD6A04,
BD884F77,
BC2E917F,
3D8DE538,
3D7AC125,
3C9B6318,
3DE7B56C,
BDBB22A2,
BE27AD7C,
3D543C5D,
3E45477A,
BCA3283E,
3DF7A256,
3E2A0879,
3DA775F7,
BDDDE205,
BD004150,
BD41E770,
BDC1E4DE,
BDAAD8F9,
BC824901,
BDB7F71E,
3D18F630,
3E10DAAE,
BC352C32,
3CBA219A,
BD5C12E6,
BE6EF10D,
BD936CB0,
BD517379,
3DB42062,
BDBDC50B,
BE33479D,
BD9AEFE4,
3D06039B,
3D40293D,
BE8BBC26,
BE017385,
BC039412,
BDD3B747,
3E2C7580,
BD42A1A4,
3DD52F07,
3CD0E0BC,
3D19C46F,
3D9F248F,
3D32AD51,
3DE4472C,
BD90A44C,
3CE755DC,
B97B6358,
3C1E3950,
BE4284F5,
3D06AA20,
BE24D23E,
3991215C,
BD37611B,
BDFD9619,
BE0E816D,
BE85B84E,
BE4321A7,
3D3062C2,
3D008100,
3DF88837,
BCA7F2BB,
3C5E8A46,
BE7B4302,
BBBE407A,
BCE0A4D7,
BE002112,
BCA3D436,
3DF2FFF1,
3D7A51FA,
BDE793B3,
3D876E66,
BD861AD4,
BD73C3B9,
3E38EEDD,
3D3ACCC2,
BD0CFF31,
BDDC9BE2,
3E0BF0FA,
3C5B133D,
3E4A982F,
3CAFD72E,
BDFABBA8,
BDA82503,
BDABCD05,
BD763ADA,
BDE2FC60,
3DD76351,
BD95E4E1,
3C27AD8B,
BCC57803,
3E1FC1F5,
BD16B365,
BD385766,
3CB6A4E3,
BC771EE9,
BDA6506D,
3D224E60,
3DE6E6AF,
BD313720,
3D076B65,
3D36207A,
3CFA729C,
BD8CD207,
BE06CC26,
BC2C36A2,
3D0B1C46,
3D750ECF,
3E50D67C,
BD678C55,
BC4416C9,
BDACB127,
BC7F6C8E,
3DC5F561,
BE6CE479,
BD7D5FF6,
BDA31CFB,
3DE29932,
3DCDCE38,
3D4A9D67,
BD0E7D2D,
BD93C972,
BDA6FDA4,
3D2F9C6C,
3C733FC0,
3E2EF410,
BCE35794,
3D5A599F,
BDE234DD,
3D6438F6,
3D3C3F03,
BC85D7B0,
3C4B88E3,
3CC12BE9,
3E2A91DA,
BD57C1E8,
BD7ACC3D,
3CFCBE2B,
BD9F7975,
BDEDEB28,
BDBD6B28,
3B5FAD8E,
3D867DF9,
3D62431E,
3CE5864B,
BD9CB416,
BDE443EC,
BC51BD3A,
3BB7CEDC,
BD136DF3,
3CD93FD2,
BC4EFC5E,
3C0C88AA,
BD4A990E,
3CABE0F3,
3E1C0867,
3DD38BEB,
3DA4AF6C,
3D89A6A1,
3D0FB47B,
3D883DA5,
3E077537,
BE87603E,
3E12586D,
BD2F7B3C,
3D6EBF53,
3D1C0E6C,
BD3868C2,
3D3171D0,
3C7AC5C3,
BD88EF3F,
3D404F51,
3DB55D44,
BD8195CB,
BD8A73AA,
BCF976E3,
BDF80F63,
3D7E05CB,
3C91A89D,
BE5EE5D5,
BD83F618,
BD1CFC50,
3D11D5FE,
BC912CF5,
BE169CC8,
3E072B71,
BBF1862B,
BD13D4C7,
3D9701F6,
3E1548BC,
3E1012B0,
BD4EB74A,
3D6DB0DD,
3D697B91,
3DA33460,
3D7A2582,
3D770D85,
BDBA09ED,
BD59ADC6,
BD5621C2,
BDAEA5C5,
BD143DE0,
BD36AC75,
BDA26CCD,
3DD6BA1F,
BDDB31F7,
BDE16D77,
BE31CB44,
BDAC1200,
BD1FDC9C,
BD8F7853,
3D996EDA,
BD4FD1D6,
BE06963D,
3CBD7718,
3BFEC31E,
3D8C2DDA,
BE132E21,
3D09E638,
3D9A730A,
3DA65E90,
3B15E77D,
3D210AEB,
BDA28AC4,
BDE306D9,
3CA3719E,
BD694A25,
3C3CD789,
BCA71EE1,
3E236CC1,
3D52A801,
3DFA2A45,
BDA2D8A4,
3BF4FC65,
BBC1CB20,
3BB0C68B,
3D1238B5,
BD6ED01E,
3D36C89F,
3DB5C53A,
3C93FA68,
BB14DC34,
3D7BBFEB,
BCA55D1D,
3D3712E8,
BDA47A16,
BD8D025E,
BD8D47AC,
BC29CF5F,
BDA00FB4,
3B366D7A,
3DD0EDFA,
BD353822,
BD2D546C,
BDDB9791,
BDA4E79E,
3DE56490,
3DFDFF6B,
3D9F9A2F,
3D3BC9E3,
BDB3A4C6,
BE03F4EF,
3CA90E54,
3CD77D9D,
3D06D3E4,
3E00DA82,
3C19F8D4,
BDB76107,
BD64F191,
BD3B1F9D,
3D98D69C,
BD9FB680,
BD730B91,
BC98451D,
BC1443E8,
3E0BB444,
BDF7424C,
3C8CCBD1,
BC7B918D,
BDAE664C,
3D349D8E,
BDC3ACA1,
3DB52100,
3DC4FCCC,
BD3055B6,
3DF7F6CF,
BC78FEB4,
3D78D122,
3C96798C,
BE11BAB5,
BD9CB89C,
BD9DA79B,
BDD512CE,
3E0FF807,
3D9AF3C0,
3D999BE6,
BCAC357F,
3CDFCAD0,
BD8F0FFD,
BCE7FD8D,
BD75F752,
BE0E26F3,
BD67FE4C,
BD765D01,
BC327C7E,
BD69EE5E,
3CFB11A3,
BE5449B7,
BBB34E7D,
BE170A1A,
BE0DE9BE,
3CB060A5,
BE747E7D,
BCC42EDE,
BD6B9A7D,
3E12DAF1,
BC8E1638,
3AFAD4D4,
3D0D3B18,
BD322BE0,
BD889A77,
BCE94E99,
BE2AF935,
3CAE02AE,
3D35F9C4,
3D86E44D,
3D61DE2F,
BAF79C2C,
3DA2E78A,
3DAA2CD2,
BE083F5B,
BDE65206,
BCAC27DF,
3DDE1CF5,
3D107649,
BD0BA977,
3DFF634D,
BE2C41B8,
BD685A63,
BDCD1A28,
3DAADF31,
3DA5DAE3,
BCB710C2,
3E0E3863,
BD508DCA,
BD15A671,
BCD19589,
3E12310A,
3E0D59B9,
3D8A1FCE,
BD412E54,
BD495AEA,
3C2F15D0,
3D53932D,
BD0F3578,
BD9969D9,
BD10238E,
3D087365,
BC5F1F17,
3DD583C5,
BE048FFD,
3CCCA540,
3D956A23,
3B597BCE,
B91D7B12,
BB3EB964,
BE2C6753,
BD5D424F,
3D94C488,
3DC73B41,
3B1042B9,
3D4C551F,
3D4113A7,
3DABBB7F,
3CB5F0FE,
3CABC386,
3D80B9C8,
3E1BA4E2,
BC225037,
3C7BB927,
3D3C652E,
BD0D086E,
BD85900F,
BCECB27F,
BD26E200,
3CC65F5B,
3BC420A2,
3D39CACD,
3D73935E,
3D9F1639,
3C43C218,
3E157D0D,
3DB084E6,
BD4F7D36,
3D863558,
BCB7F4DB,
3D2080E6,
3DCE113D,
BD9457ED,
BDFA3FCE,
3C4AF383,
3D2DE07F,
BDC5CC33,
BD9F39AE,
BDF8FB24,
BDD42933,
BE076F94,
BD2B83B6,
BD847FD4,
BBBBF7FB,
BDE4268E,
3C15E08B,
3DEF5C7F,
3E149601,
3DBB431E,
BDC42E58,
BDB7CBAB,
3D34002F,
BE020A51,
BD57CCFE,
3D868FB9,
BD438523,
3D4F6364,
BDAE4EFA,
3DAA7FAA,
BE257FF1,
BD85AA62,
3AE01942,
BC87AB88,
3D5F1423,
3D779107,
BCE98F5B,
3BDF6610,
3CFFE889,
BCE24E82,
BDB942A1,
BB39BEE3,
3CFEC7AF,
BD9C2A44,
3E372C72,
BE63A9EF,
BC65B021,
BDF22DF5,
3DCC363F,
3BBC9448,
3E37D95B,
BD5BB1AB,
BC844249,
3E047096,
3C982FF0,
BC1E8762,
BAC38AA3,
3E256BA1,
BD96EC0F,
BDAEE0CE,
BB961C4B,
BDC7219D,
BD7BD9B9,
BE099A26,
BCD97E86,
3E14B12F,
BCA35F4B,
3D4ECCD5,
BD9E99C8,
BD73B381,
3D5F52D7,
3D3E7D39,
3CD21156,
3CC0C877,
3D6ABA1C,
BC34F421,
BCE21BAB,
3C4EBCD9,
3D06FFD0,
3D8E8859,
3DEE4B2E,
BDD82C66,
3D0A8180,
BD90255C,
BE03B5D5,
BDA84AEB,
BD1249AD,
3D3BEEF4,
3D11B2EA,
BCE94813,
BD555B67,
3DA897F4,
3DC9EE6E,
BB09B7CF,
3D1D19FE,
3D0C8CC8,
BCC33241,
BD297098,
3DC1343F,
3D153FB6,
3DC0C309,
BD438955,
BD973DF5,
3D96B1C4,
3DDC5CFF,
3D7AB7A1,
BD9C6F36,
BD240489,
3D33CE23,
BD184FFF,
3C968A7C,
3D32AB7B,
3DEDA19C,
3CBDF09E,
BD68F92A,
BE03CD79,
BE0511F0,
3A94FB82,
BC48B85B,
3DCDD1AA,
3DCDC061,
3DA364E4,
BD9BF59E,
BC230537,
3D94667B,
3D0B3D3E,
3DE539AD,
3D60AB2B,
BBA3FA0D,
3C8AE9F3,
3D546B03,
BD15D483,
BCB7E7E9,
3CE025F5,
BDFF5685,
BDA8C0B3,
3E233A0D,
3D33CEEF,
BE9191D6,
BE195C8C,
BDE2D59B,
3DCF2CF6,
3D36F82E,
BE16A146,
3C17C5BD,
3E175658,
3E40CACB,
3D4EA310,
BE0A8D36,
3E38F0B9,
BD191B73,
BE50C6CA,
BE0D0820,
BC853862,
BE34EE22,
BCCE4DEA,
BDB446A1,
BD1379A5,
3D35105D,
3D9981EB,
3D64019D,
3D33CB1D,
3E15308B,
BDADD374,
BCB7DA16,
BD98F259,
BDB839F0,
BDA8D3B9,
BD90C468,
3B77CF9F,
BDC5CF6A,
BDC022D0,
3D6B3AA8,
3E31C4C1,
3E0028E7,
BDFDC0E8,
3C1941D8,
3D1355BF,
BB5B1424,
3DE7DE73,
BC6EFB09,
3BA0F82D,
3CAABF39,
BE233606,
BE2FF209,
3C3CD674,
BE7E1190,
3C198B8A,
3E66190E,
3C8487C1,
BC81C2C4,
BDA37A96,
BD98C61E,
3E61380C,
BE552C59,
3DF86D6A,
BDCC5ED5,
BE04E1F7,
BD650313,
3D93CF9E,
BC262184,
BE149F69,
BD179A31,
3E0ECD09,
BE2001CC,
3D24B254,
BE87A056,
BDC286AE,
BCFC7C62,
3DAB2A28,
3D370636,
3C2128EF,
BC7396BF,
BE38774E,
3D3CA45E,
BCAE4120,
BE445BEC,
BE2B0F85,
3E2C2393,
BE51B597,
3D1E09BA,
3B08A593,
BDDDE732,
3E1F5B8C,
3DE8D296,
BD3B14C6,
BCFD7643,
BDA84AC9,
BDF02D54,
3DB506A6,
3D357FE9,
BCF2F273,
3A5C2FE5,
3D1B2C98,
3CAAC7AC,
3BF06E19,
BC55D2A4,
3C945AFB,
3E4909AE,
BDD1CD4A,
3E0982E4,
BE110702,
BEAD36AA,
BC135A79,
3CBF14BB,
3E3B6C78,
BCAC48AA,
3D99E2B6,
3C586309,
3CF95312,
BE2753A3,
3CEB16A1,
3D77DEC8,
3DDE86D9,
3C8D59AA,
3DE38B0C,
3D8EBC54,
BD4943BC,
3CB776B0,
3C9B8E66,
BDDC59B8,
3CB29576,
BC6F1186,
BDCF523C,
BE0018E2,
BE091674,
BDB89B1D,
BC69C35D,
BD5D1B69,
BE8586FC,
BD8F374D,
3E0900C7,
BD4EF8CD,
3C2D89C1,
BCC4EC12,
3DF3460E,
3D47082D,
BD2830B6,
BE242F04,
BD6DB4D5,
3DBC2E11,
BDBE40AF,
3CCE2CD9,
BDA33A34,
BC204021,
3D7511D4,
3DA837F4,
BDFBEB32,
3C0490E0,
BDA6F9B6,
3DE864EA,
BDDD010A,
3D12F325,
BDE2318B,
3C428CA7,
BCB50435,
BB8487BC,
3D9E988D,
BDC00CF5,
BD4BCE85,
3DEA409D,
BE1B761B,
BCD42DEF,
BCB844C5,
BC28CC20,
BD53D397,
BD91558F,
3D8F7E4C,
BBA22CE1,
3C101ABF,
3D792B0D,
3D748A2E,
BD84C3A4,
BDA87080,
BD7C867A,
3CD0DE67,
BCE903FF,
BCD77B56,
3E04A5AA,
BD364CD9,
3CEB9CCB,
BC52E12C,
BDDC0B6B,
3D4DDB3E,
3E30FCAF,
BD8DB0B2,
3D12A378,
BDB3A457,
BDC4FB1F,
BCBD72B7,
3DB61D6B,
BDCB7293,
3D8C5C88,
BD8B53B3,
BD8AF6A2,
3D1EF615,
BCB7E590,
BE277C28,
3D9CAE72,
3D0BC88D,
3CE1D5DF,
3C75252E,
3D8150B2,
3D2C8C26,
3DEF2088,
3CDD6615,
3DA0EA19,
3DA0C985,
3E07C8C3,
BD395B7C,
BBBF3308,
3DAF9929,
3B6842CA,
3D62D6F6,
3D9A4D94,
BD6C43E2,
3DC6B09C,
3D1DC02C,
3E110280,
BE0AB296,
3D832138,
BD431FCE,
BC7E653D,
BBFD5BE2,
3DB2C13D,
BD4808FD,
3DC2EB98,
3D6A57D2,
BD81E44A,
3C8EB802,
BCA1F3E9,
BDF6A7D1,
BCF955B1,
3DE3C0FB,
3DE9638B,
BCFDD9BA,
BCDFC517,
BC9F2832,
BDC82135,
BD3ACD5D,
3E137183,
3D5EAC08,
3D981CB2,
3DCDB095,
3D02FBE0,
3C9B62D3,
3CCE8302,
BDD1E71D,
3C92062E,
BD3B4D43,
3BAB5D01,
3D4E695C,
3C668BD6,
3CD1B474,
3D19E207,
BD1C1373,
3D640A48,
BC5C6DBF,
3DA7D6C6,
3DCFF4F4,
3DD45873,
BDE92C7F,
BBF3845E,
BDA19DF1,
BDD30E47,
3D179B5A,
3E5D982D,
BE5DCB23,
3DBA28DC,
BCF4BC79,
3DC34E8C,
3DA5AD53,
BDBCAE73,
BD7752EA,
3C8F2FF3,
3C1DD638,
3CA49134,
3DC264C7,
3CDA80CE,
BBBC1FDB,
BE0C76AD,
3D812986,
3C57BB14,
BCF48BB9,
BD75F72D,
3D942C9B,
3D8902B8,
BD98FA4D,
3DFF3409,
BE87474A,
3C45019A,
BDD4F77B,
BC3B58CF,
3CB89CE3,
3D29A897,
BBBBC4B3,
BB65DD44,
3DB91D64,
BD0B3266,
3D1D74B2,
3D1D9BC9,
BAAF2DEC,
3DF27005,
BD89726B,
3D33F064,
BDF78713,
3D17E57A,
BDF3C614,
3DA7471E,
3D82F465,
3DB3C78D,
3BB4A275,
BC6BEE80,
BDEF5CF6,
3DBF7C51,
BD986E50,
3D8C9097,
BCAEA0C2,
3BDBAFFE,
B9EB1A3C,
3E16CBBB,
BCB7A9A4,
BCB81C96,
BDEB1DD3,
BE2B9CDB,
3D769BC6,
3D9D9885,
BD98E8D2,
3E31F054,
3D2A73FC,
BD67644A,
3E03F075,
3D9BF112,
3DA42286,
3DECD5F2,
3DE76962,
3D39AEC1,
3E088506,
BCC2E062,
3D3E8A4B,
BB231FD0,
3E040B4C,
3D152559,
BABD23EB,
3E182A90,
3DD128E1,
3CEB53C6,
3E26E335,
3C1B5653,
3D42539F,
3C4BCCE7,
BDF4B0A8,
3D419A95,
3D001438,
3DF22099,
3D4048BC,
BD9B5077,
3DB080B3,
BDA8807C,
BE17E504,
BDF223DD,
3DF20EA9,
BD5907F4,
3B2C6F4D,
BE3BF018,
3E447F7E,
BCEF5441,
3D8FD301,
3D9251D8,
3D295D87,
BBAE45CD,
BD0CC14B,
BDA0D5D9,
BD4E3276,
BE720709,
3DF60E43,
BC9016BF,
3E6DD7F5,
BDB09871,
BC1EDB7E,
BD293FAD,
BEE93C07,
BD1DA48D,
BEC3F0E6,
3E384223,
3D264C88,
3E050C6D,
3E64FD59,
BE65F2D4,
3DD65530,
BDA84BDB,
3D1EFD19,
BD5C709A,
3D786254,
BE83B8FE,
3E35FBFF,
BC3BD16A,
3DC0CD35,
BE4406EB,
3D55366B,
3E0CB4CE,
3DB0EEFF,
BE8C4F36,
3DA82740,
BE67D38B,
BBBD14ED,
BE316FE2,
39C02EF3,
BE2EC03E,
BD6AE529,
BDC0961F,
3D85EE16,
3D9F5A98,
BD54AA76,
BD94A248,
BC7CBA89,
BE126F72,
3D6D2DA0,
3D8A14F5,
3E3961D0,
3D8BE3EA,
3E41460A,
3DC9D9FD,
BD75D18C,
BD9289FC,
BE09D4C6,
3CB16AE4,
3E18A945,
BD879AD8,
BE51A4C1,
BE6C6292,
3D8B60BA,
3D043A93,
BD906D55,
BD57F75E,
BD10A5C6,
BE9B57ED,
BD7297C2,
3E0A7DCD,
BD47A068,
BD70F5C4,
BDC28A02,
BEFFC546,
BDE6C0B5,
3D2D38B5,
3E259B8E,
3DCD8925,
BD9262C6,
3D7BA6B5,
3E9C1696,
BE7B2533,
3DA25222,
BE276804,
3E1C2076,
3ED4C8AE,
BC8F1FFA,
3D5D93AF,
BC40A500,
BCC2CCD0,
3C0613EF,
3C6F2F86,
3B866612,
BD27D395,
3E4CACE3,
3E277ADE,
3D526C0B,
3D0192E5,
3D51A1DA,
3D88578D,
BDE67A84,
3EA4E0B9,
3E2A669B,
3E204ED2,
3CD29137,
3D5AA8D4,
3E112A54,
3DB87555,
3D90AC01,
3C96775D,
3DE46EEE,
3DEF086B,
BE4C860B,
3DF0BCD0,
3E200585,
BD433A49,
BE56E261,
BE3082B0,
3DD2FE7B,
3D97CE50,
BBD54FF5,
3DB7530F,
3DADA57D,
3E9B6043,
3DA460D9,
3D946E81,
3CC222FD,
3E0FD47A,
3E81E30C,
BE987182,
BDAC1F42,
BD36F809,
3D05D826,
3D92B865,
3A3CCCE2,
3D2B6245,
BDD28138,
BB37FC90,
BE07B943,
BD0E00EF,
BE0FCA29,
3C6F40D4,
BE33C75A,
3E398676,
BE0D9C23,
BD99BC59,
3E006B77,
BC9C935B,
BD737F62,
BCBF7AC2,
BD8C92DD,
BDB6C7FD,
BB86413D,
3E2A67FC,
BE905E15,
3C351F4A,
BDE115DE,
3DBF37FC,
BDE1842F,
BD91A71F,
BD030C13,
BE371C63,
BDB25392,
BD6703BD,
3D2384AF,
3D78D59C,
3D3D1779,
BDE53286,
BDACEE14,
3D6B8B79,
3D4BF9C9,
3D129695,
BD7D4A32,
3DF3C767,
BD50D756,
3E0E73D0,
BE5CCB6C,
3DC5908D,
BDE3D2FE,
3CDB3EE1,
BD30C74C,
3D779B5F,
BDBD50AC,
BCBEBC68,
BD655569,
BD07AB1B,
BD7AF050,
3C00E063,
3DBF5BB2,
3C04F6C2,
BD275221,
BD083D19,
BD2DC144,
3DCF3590,
BDD1F7FF,
3E15CBDD,
3D7CE1E3,
3DDC6D35,
BD82835A,
BDE863FD,
BD9D3439,
3DB4DF62,
3D3C772C,
BDE2F75C,
3CE965B2,
3DED7C4B,
3D87ACEC,
3D8266DC,
3BF5CA3A,
3DF1C31A,
3D4AAC4A,
BBA2BF7A,
BE08AAD8,
BD21FD9B,
BCAB10BC,
3D2627DB,
3D0B67BD,
BE2D6F58,
BC2BA1BF,
BD270CCA,
3D2B76F8,
3DB669C6,
3E410AB2,
3D7F4E1B,
BBC481C3,
BC63313C,
3D08C94E,
3D4892AA,
BD88AC58,
BD5592EE,
3D243A2E,
3E09A446,
3CDE9E41,
BE19DD1A,
3DF30D91,
3CF5ED96,
BDD0CAD2,
BDB76099,
BCB9EB9C,
BDCCF962,
BC848E8B,
BD1A5554,
3D2EDBD9,
BE2766B0,
3B263F37,
3DDACA98,
3D2750FB,
3A4BA080,
3E137C24,
3D61007A,
3D85BADD,
3D47256E,
BD84A612,
BC368E8F,
3D213AC6,
3D233E43,
3CAA41CF,
BD3CD930,
3D9CD054,
3CB38096,
BD575959,
BC7066F2,
BE11682C,
3BD8B90F,
BE762640,
BE0CF835,
BC15B2F1,
3D2B52A1,
3E8271B8,
BC914235,
3EBF9750,
3D6809A2,
3E4E64DA,
BE395D29,
3D9F3593,
BD3636D5,
BC774FC4,
BC8BA122,
BD9ADBF1,
3D1E4028,
3DBD6FEF,
BCC07BBD,
BDB54985,
BDA33D5B,
3D8363D4,
3E69488E,
BD3D9B5C,
3D807898,
BB2D0ABB,
3E6B6BCD,
3CEAE79C,
BD3F0C68,
3E785F98,
3E0E4EBE,
BE37DA23,
3D989EC2,
BAE02CB2,
BDA5131E,
BDF5674E,
BE0430A8,
3E1F6D2B,
3E177026,
BCEE5855,
BE941426,
BE33DB79,
BE4E6160,
BDF27BAC,
BE00E0F5,
BE0C3AEF,
BE2A80F7,
BE022990,
BD80B1FE,
BDADD81E,
BDC9CE44,
BE6B49C7,
3D94692C,
3D6CA742,
3DC0682B,
3CC7D9CC,
3E294F44,
BDFE15D8,
3D763D0A,
3D932B03,
BCC0B4E9,
BD6357C8,
3DCAE4EA,
3CBD721A,
BE4B01DC,
3D43FA63,
BC43C524,
3DC2E469,
3DA06949,
3D543A90,
3DA6567D,
BC94FFE6,
BD2E9D22,
BDC400AC,
3E5E427F,
3D6F988F,
3CE3FDAB,
3E631179,
BD1635B9,
3DF7B8EB,
3D4BE470,
3E3FB5E4,
BC4EDCB6,
BC218669,
3E359982,
BCFA1432,
BCA21576,
BC89EC60,
BE62173C,
3CC93B3C,
3D6E9EED,
BBAF359C,
3D3EDB16,
3D77260F,
3CC1BCE3,
BE1A8CB6,
BE3B3814,
BE6C58DD,
3D46A471,
BE2A1C64,
BCF56B3B,
BD1991E5,
3EBFA589,
3C13DDFF,
BDCBD1ED,
BE064522,
3E098E1E,
BCD2665A,
3DEA0BB2,
BD81D6A9,
3E1066CD,
BC8316D5,
BDA5FFFA,
BD804577,
BD36EDE4,
BAF2F6DD,
BD35E39A,
3DD6DEF0,
3EB65B6A,
3D811307,
BDE59291,
BDC108DC,
BDB769C4,
BE53EC58,
3D858A33,
3DBC923C,
3D1752E2,
3E04AD69,
BD60F398,
BDE3B8BA,
BCD45940,
BCF6F1B4,
3C9AD7B0,
BE957E40,
BE6C5DCE,
BD9FDB56,
3D926F39,
BD5C1676,
BD9CFE98,
3C961D86,
BD8F5C8F,
3D94542D,
BD033183,
3D49A27E,
BD1ADC10,
BCB6E2DA,
BD2EEB54,
BDEA41E7,
BDA6BCAD,
BD2657C6,
BD7675B5,
3D5118F7,
BE045FE2,
BC8BD92E,
BE3C90DF,
3D45DB06,
BE622692,
3BB647E8,
3E954D03,
3D942738,
3B97D320,
BBAEA9DF,
3E69A32F,
3D8AA5BD,
BE2EC820,
BD107B12,
3D8F9CDB,
3D13DFDA,
BE3197BD,
BCB169F5,
BD821A1F,
3CCF6458,
BD2C9652,
BDA3D7C5,
3D5AD619,
3DBAAC82,
BC5FED1C,
3E3A1165,
3C9407AD,
BC8CA4C7,
3D8D3BC4,
BCC65051,
BD428256,
3CD0B84A,
3E44A3FF,
3C8EE344,
BCAEE82F,
BDE4B59F,
3D21FE9B,
3D6B4812,
BCB45CE6,
3DE2AAE5,
3E37922F,
BCC772D5,
3E6584FD,
BD985286,
BCA2CCE7,
BD6878DF,
3D6D549E,
3CC3A9FC,
BD6D900E,
3E05D2C5,
BB08E35F,
3BC9E746,
3C0EA73A,
BE81BB15,
3E0E53FE,
BD0D5093,
BD3F6E3E,
3C74ECBA,
3DEB4FF7,
BD9EE7EA,
BD1F24B6,
3DC82FDA,
BD0FB495,
BE548943,
3DC5B5EB,
BD55A20D,
3D7292FD,
3E60DD95,
BE5ED1CB,
BE6950E1,
3CA5C2ED,
3D503CAC,
3D71E94E,
BE5C9AF2,
BE1F2E7B,
3D0E0C52,
3E036663,
BD54ECB9,
BB13E0E1,
BD66F6BD,
BDFBCA8B,
BA846678,
3CE89AC3,
3DAC1AF7,
3D12BED9,
BE25BD0C,
BE885B5C,
3D6DD2E5,
3DB7FC75,
3D8791F2,
3DCCC72A,
3E6CDEBC,
BD81DB12,
BCD527B4,
BD726647,
3CEF49F5,
BE0119C1,
BE06B827,
BD5E2726,
3D24B6D7,
BD7A8E72,
BD33368F,
BE370DDF,
3DEE510A,
BBDEE53F,
3D06325E,
3CF5B3EB,
BDAF6B28,
BCD7E3B1,
BE14D872,
BE16AAC1,
3E1CB355,
3DD2C046,
BE3BA20D,
BD8AFB53,
3E6E1ED2,
BE49C9F6,
3D6A25CA,
BDE90065,
BD3DB45D,
3C71C7D4,
3DB11C87,
BE4B74A6,
BE027768,
BE90CAC2,
3CFE3F1E,
3D75BCE2,
3D8026C6,
3DD7FE7F,
3D4E1390,
BD4818C0,
BDFEB302,
BE2CBDD6,
3E0E3FBB,
3D4561B9,
BDB9B3FA,
BD91CD54,
3DB081B7,
3D2C58A8,
3BD4C450,
3DACD47C,
3E3AC28E,
3D0C4F06,
3BD1FC95,
BE1B71C7,
BE006030,
3C849026,
3DED6195,
3D024DBC,
3C515F67,
BE16E0FA,
BE19AD96,
BDB9BE0B,
3D50F549,
BD791A98,
BB330E8E,
3D9FA235,
3D308AB2,
BE170016,
BD2C83E9,
3E073ADC,
3DB1A80E,
BE10D2F3,
BD32F8EB,
39F1A290,
BD055FB6,
3E01AEF2,
3DCB8716,
BDC46AF2,
BE39EC69,
BDCB8A56,
BD27216C,
3DA535EE,
3D79E397,
3E2835A6,
3C7087F7,
3E1AB0B2,
3C9856C4,
3CDFC982,
3CE55E6A,
BD6D87F9,
BD8A3927,
3E412910,
BE4247BB,
3E28A26C,
3D9D58A2,
3B855396,
3D01BECC,
3E5741FB,
3DCD503E,
3CC08015,
BDC0758F,
3DF4A72B,
3E0F6B08,
3E0B6662,
3B986FC8,
BDBE085D,
3E2742F1,
3E3AA7CB,
3DAC4C27,
BC8F3645,
BDDDABFC,
BDE54986,
BE18E71B,
3CFAB19E,
BD5038FF,
3E79629F,
BC3E1B54,
BE292775,
BDA735BB,
BCB6C8F4,
3E09D0F3,
BE09DCCB,
3CEA95F7,
3D999C56,
3E316ABB,
3D28A760,
BCB70F01,
3D23A55C,
3CB21CA1,
3CFC3219,
3D81D54A,
3E350A0D,
3ADE414B,
BD5B6CA7,
BE6749BB,
BE2690D4,
BE35AA6F,
BCE5B311,
3D4EF1F6,
3CD4A3FC,
3DD86E52,
3D43A947,
3E01B745,
3CAD76D2,
BDC2A3B1,
BD0FAE31,
BE365D56,
BE62AD96,
BE4D683B,
BE24713B,
3DB81781,
3E2EE276,
BE03E97D,
3D318692,
3E034192,
3E0B1DCB,
BD5E2F12,
BD1DF091,
3E19D967,
BDE2DABC,
BEAE76AE,
BE13C6AB,
BDD13B66,
BE6E0A5D,
BE005234,
3E255D06,
3E5C3FE1,
3D1EE524,
3DC8882A,
3E5C92D3,
BD224B6A,
BE40253F,
3CFE966F,
3D327E41,
BD6D0F72,
BCBADFD1,
3D5437FF,
BE582E0F,
BE09B9AA,
BD5DFFA1,
3D11DFB6,
3CCDB9C9,
BDBC59B1,
BD21E4E1,
BE1FECB5,
3DED83D9,
3D12071B,
3DD76CA2,
BDAAED0C,
3DC81157,
BD7D9E41,
BE100B44,
3D81D987,
BDE26133,
BE15B9C3,
BE417EBF,
BD58CB33,
BE31F050,
BDD488D0,
3D8DBF44,
BE0A4DF6,
BD741ABA,
BCF3E628,
38E9B844,
BC3B32BB,
BC04FBF6,
BDAAB57A,
BE69AF4F,
3D9EA7FF,
3DBC4F16,
BC79DDA3,
BC80D571,
3DDD7490,
3CB4F487,
BD9980D9,
BE03B961,
3CFCA77E,
3E3D987D,
BE0073C7,
BD389CCA,
BCA303FC,
BDF51287,
BE554B56,
3E5B0481,
3C9ADF2F,
BDC5D1D6,
BD08495E,
3C83C351,
3DAE079E,
BDEDAC87,
BD76498A,
BC98AA0A,
3D88F1C3,
BD1C24A0,
3C1C8F06,
BC9B9EEC,
BE15B64D,
BDFA10BD,
3DFE7993,
3E5EF088,
BDE33456,
BE43F304,
BD2F3DC7,
BE3B0CC5,
3CFED8BD,
3E7CDA96,
3D897B89,
BB8623F5,
BD3ADA04,
3DA0F950,
3D2A1BE3,
BC81221F,
3C2B9218,
3B204310,
BD6E769E,
BDBB880F,
BD74797C,
3D983114,
BE623BB8,
BE1BE2A7,
BD0C02AD,
3DFC1704,
3E122F1B,
3E1E6EA9,
3DFE8B31,
3DA32893,
3DB12DE5,
BE38C63A,
3D2E1F05,
BC99DDDD,
3C91C192,
BCDFB8CF,
BD0D59AB,
BCB55AE8,
3EDB32F1,
BE100157,
3DAF3908,
BEA8C76A,
BD87399F,
BD7D6B76,
BD832E03,
BDBD832F,
BEA55BA1,
BE51C424,
BC55B75A,
BD9FB7F6,
3E6C9C63,
BE7269BD,
3CC0A01A,
BDBAA4EB,
BA2B452C,
3E43C62B,
3D95EC5A,
3E243615,
BD874934,
3EA39EF9,
BD16AD9A,
3DB908F7,
3DB64763,
BDAFD576,
3D2A8706,
3EB583A0,
3D247D9A,
BE67E00F,
BE029716,
3DFF308A,
3E92457F,
3DB5EF8E,
BD4A87F3,
BE768BBB,
BE7900DB,
BE9D8A4A,
3DB5FC1F,
BCA8EB51,
3E2ED418,
BE80C0BC,
BDC18E7C,
BD39655E,
BE25B0A9,
BDBA6799,
3D90F517,
BD94369E,
BDD0E15D,
3D00DCBC,
BD498D09,
BDB71DF8,
3D8A9A2B,
BDA329A9,
3E958C0F,
3D18CB32,
BC0EAC20,
BD514F83,
3E533898,
BC8D5B0B,
3D46B0DE,
BE9079F5,
BD5A6198,
3B11F7B2,
BCF6CE8D,
BE490C34,
BD94A05B,
BE734246,
BE75E666,
3CF802D5,
3D5F1C00,
3D1DA2B0,
3E299BE2,
3E1DCE42,
3E7777BE,
3E928ECF,
3D2AB78B,
BDFF03AA,
3C1DF4F8,
3C342D59,
BD556696,
BE5DD55E,
3DA601A9,
BE9F62FC,
3DF59172,
3D79DA50,
BEA029A9,
3E26ADBD,
3E57E718,
3E89E348,
BC217109,
BE23AECC,
3D94403F,
3E85779A,
BDBA43AB,
BE30BEE3,
BD1EA930,
3E8FB409,
3E1A482B,
3DA21887,
3D2F9A24,
3D7CF9C1,
BE21B713,
3EA827B5,
3E404E97,
3DC3C50A,
BDF6EEC1,
BD8628E3,
BEB79C7E,
BD6E4464,
BE12740A,
BE9192A7,
3E0619B9,
3EDD5FD3,
3CEC6FCB,
BD1D7550,
BE7B0DA4,
BD859013,
BE62BFF1,
3D054C6E,
3CF3A560,
BDB5549E,
3E0BB789,
3D7E0CAA,
3E4B6CEB,
BD736467,
3CDC9AEF,
BC857CD1,
BE0621AA,
BDF852AB,
3D038F8D,
BDCD8478,
BE1C8F7E,
3E4C085F,
BD6EB2BA,
3CFF995B,
3D823E59,
3DCD5777,
3E0AC2A9,
BDAFEEDB,
BC3DEAB6,
3D9118C4,
BE7CACBE,
BE0A98DB,
BCED38BA,
BE6F74A7,
BDDF0B67,
BD086AE0,
3E599868,
BC665FAC,
BDB2312E,
BC3F6B70,
BDDD6C36,
BDCC2DBD,
BC04B9E4,
3DD0997A,
BDB8BA39,
BC839DD4,
3D8FD10E,
BE0EC391,
BDAEA02A,
BB153FCE,
BC531DE5,
3D2E7A84,
BD3C4AB1,
BCDDD6C1,
3D94D127,
3D95A4E8,
3DE01730,
3B2EF5C0,
3E0BB58C,
3DA8F81C,
3D10E25B,
BD68634C,
3D22118E,
BC75A136,
3D388BF4,
BDC17F84,
BDC04D51,
BDB98423,
3BCFBB2E,
3D4B4380,
BD827BA5,
BDD6DA4F,
BD10D4A2,
3D01C844,
BDDDD26F,
BA8FAFEE,
BD44B581,
BD2F82E3,
3D8F80A1,
3D8DB5C9,
BC9CB543,
3D5FF8FB,
3DF312FB,
3D969260,
3DF43CDF,
BE142974,
BDEF0FB2,
BD4F9858,
BE58CFC5,
3E60B0D6,
BCB64C23,
BCD8D826,
BE64FFE7,
BDD5AE70,
BDEFF17D,
BDC3DD45,
BD1203FF,
3D126232,
3C3E02ED,
3DFF80C5,
BCE53D14,
3C562FFB,
BD88DDC1,
3D48189E,
BE06143E,
3D6B4799,
BDD5317C,
BBF4EAB4,
B95D9F67,
3DB300CA,
BDEB35A7,
3BD26816,
3DAD9937,
BD5BFBCC,
3DD7155A,
3DDC85D3,
BD3B0648,
3E0EE1AE,
3DDDD484,
BD3EC03C,
3CFCC714,
BE4EFD24,
3CB02B5A,
BC053290,
3D5C16B6,
3C9A1171,
BDA0F55F,
3E07D74C,
3BB4F202,
BD4FD952,
3D9F8EB2,
3E3DA272,
3DB40DC2,
3D457EEF,
3C6446B8,
3D50C517,
BDB2C6C3,
3CCA9266,
BA7A9A30,
3D980FC1,
BD936F15,
3DA2785D,
BDDD8E00,
BD4DFA44,
3E7BF18A,
3C9B842D,
3D66E8EA,
BE33F020,
BE087EA9,
BC194704,
3D3CE6A8,
BD30D66E,
BDC71D13,
BD5E860E,
BDCFB7E7,
BD56FDF0,
3DC0E745,
BDCA3BC2,
3CF502AB,
3E0EB9A8,
BCC8C153,
3DCD1D5E,
BD90384B,
3D4AF30F,
3D1DBF01,
3E4299A3,
BDD5C0EA,
3ADBFFED,
BD9DA18B,
3E38FC92,
BDA5A62D,
3E09EABA,
BD26CF05,
BD472D75,
BE254C70,
BDD20D86,
3D1604A2,
3E1FEC66,
BD4BABE5,
BD227DA7,
BE8C1D80,
BC486495,
3DD6D0C8,
BD14A614,
BD8E2F35,
BDA5142C,
3DA4D4AC,
3D4194C4,
3DA33BA0,
3DD5B1BB,
3E1E4CE1,
3D8B04AA,
3DCBDB15,
3E17AFA6,
3C94D381,
3D2A8CE5,
3DA8D04F,
3DD25AA9,
BD046816,
3CAC9830,
BDA67C7B,
BDBC100E,
3D802846,
3C636963,
3D970A78,
3A98A0E6,
3ADD4BB7,
BE2E99FB,
3DEF84D6,
BDBF1D8D,
BB5078C0,
BD35533B,
BD3679BB,
3D865134,
3C835FFE,
3E1F5C6B,
BC984E2A,
BE2398AB,
3E094810,
BDE68544,
3CA57019,
BCE53C73,
3DE97FA3,
BDBE367A,
BE236311,
3BA154D6,
3E257428,
BC3BDE28,
BE5F22F9,
BD33A726,
BD640FB1,
3B332049,
3D689718,
BE109E68,
BC0BED71,
BE30F58D,
BD99653B,
3DED8146,
BD1DF417,
3C663C37,
BDED1241,
3DC0F203,
3D9C3EB8,
3DF2A0B5,
3D9FC391,
3C6B0BAE,
BDBDDA45,
3E129DCD,
3CFAFE0D,
3E401897,
3DC7B9AC,
BBABD690,
BD287F07,
BCF520E5,
3DABEC2A,
3DBCDCC7,
BC1D9D7C,
BDD557D5,
3DC0624B,
BD065116,
BDC518A3,
3D8B359D,
3D8BEEFA,
3CCD0A07,
3DA2FAFE,
BC27CA4C,
BE2DB9B6,
BDEF55D3,
BE500634,
BDCB818E,
BD89BBEE,
BE2B7300,
3EA4EFDD,
BD47ACC9,
3EAA1F5B,
BD394786,
BE083FD8,
BE3274A1,
BDDFD247,
3D4B3DA5,
BE0ED68A,
3CBB08D9,
BD89F0D6,
3C5192CC,
3DBB428B,
BD00B865,
3DD03078,
BC532654,
3DB6DEFC,
3E79A822,
BDC39DD9,
BD8CC899,
3A3580E2,
3EA34B9E,
BE1B5405,
3D84CE34,
BD1D03C6,
3D28FFDE,
BCD2C5A4,
3E510471,
BDBA5BBA,
3CFE5006,
BE327EA6,
BE10DE85,
3E16430C,
3DE8E76E,
3B8A0FD7,
BDCDF70A,
BE206B0C,
BD6FA6FB,
3D1644C1,
BE0B6775,
3D3A3FBA,
BC3C59C4,
BD63F1A8,
BCA2E133,
BDC1BA53,
3D5D6C82,
3E2C66E6,
3E200870,
BDD931AD,
3D5BC6E6,
BD19E741,
3CCFDA85,
BD430C97,
3D4CC483,
3CB36D69,
BDCA2792,
BE114DCE,
3DB01D8F,
3D4F3C35,
3DD6B2C8,
3DB707FD,
3D839CF0,
BDBC2946,
3D8F84F7,
3D46E6D3,
BD9A5689,
BB90B77B,
BD3C0874,
3CE8D60C,
3D53909D,
BDC6BE81,
BDFFC2EE,
3CAB9DD8,
BE01D1CA,
3E7DD896,
3D88669A,
3E483F25,
3E1E50E8,
BC17BC0F,
3E0F6C36,
3D49BD80,
3CFCB19C,
BD5F8408,
BDAF895D,
3C1733E5,
3DF5DE76,
3B34CB7B,
BC3AC64C,
BD910C09,
BDD76284,
3D1D1887,
BDEF1F49,
BC991CF9,
BCBD845F,
BDCC2C9A,
BE3213ED,
BD4DF0F2,
3D61091E,
3D8E84C2,
3DBBB8E3,
BCDBA881,
BD127654,
3DB382A0,
3E764976,
3E595819,
3BD32000,
3D493535,
3D8E2A71,
BE06B50E,
3D4C76FF,
3D5C6790,
BD990E41,
BD8740B3,
3E041355,
BBCCB910,
BE3E8FA8,
BCCABD9C,
BD32733C,
BD511CAC,
3D9E02AB,
3B966682,
3DA5FA07,
397B1871,
BD863C03,
BDAA45B2,
3CA940CC,
BDE15907,
BD05E760,
BD020645,
BDA2DA4C,
3CECC230,
BC37EEFD,
BE40080B,
BD715ECA,
3DE4C237,
3DBECC66,
3BC2F566,
BB276376,
BD868CB8,
BD04E769,
BDCA5BDA,
BE1308F1,
BDB42321,
3DEA546D,
BDBCA138,
3D029888,
3D54DDB0,
3D4BAA9C,
3D1FF57E,
BE1D14A2,
BC0ACD92,
3D142AE1,
BD2F0BCB,
BCB97096,
BDC453BD,
BDB11D5F,
3CA304EB,
3D4E3BE8,
3DE0F1A6,
BE1021E5,
3D2338D2,
3D0FF7A1,
BD05007A,
3E016F33,
BD9D2868,
3DE528D9,
3E0017C4,
BD21CB75,
3CECAB60,
BCF68379,
3E02E1C2,
3D88B372,
BD9213F7,
BDEAFFB5,
BCD46E77,
3D687554,
3DE2EB7C,
3DDD0D13,
BDEFE6AD,
3E4E14AC,
BC001206,
3D7945BE,
BE01DDD2,
3DC39C83,
BCD413EB,
BDD83E23,
3C662D2C,
3DD792F9,
BDA88A7F,
BD704046,
BDF976D4,
BD7BB7F2,
3D8C9088,
3D1CFBE3,
BD9D3369,
3E1539F4,
3D86CD0C,
BE09ABF1,
BD852AD2,
3E03E7EE,
BDDD45B8,
3CAF95B1,
BD380F69,
BE01816A,
3D3EB67C,
3D6A77FD,
3E22E164,
BD8351B2,
3CFCEDBC,
3D708BCA,
3E119D44,
3E3F4644,
BDEB4585,
3D22CBA6,
BC84D511,
3DA47B9D,
BD8AD1BA,
BDB78243,
3DBE0E2F,
3DA3D9B8,
BC4348E7,
BDF27CBB,
BDAC7E55,
3D677699,
3C664A3F,
BC6929FC,
BE40A1CE,
3DB45CB9,
3D91CAD2,
3D4E1427,
3D92C5BA,
3E036189,
BD6620DF,
3E1B3DC0,
BE18EBD7,
BE0AD45F,
BCA36B9F,
3E306671,
3D868506,
3E23CD46,
3DB40180,
BDBE9CCF,
3D650946,
3DCFABB5,
3E13A444,
BCBE0195,
3DAC0C56,
BC4AAEEC,
3D3CEC72,
BCD79034,
3DAEC006,
BD88EE8D,
3D8C474E,
BD868E39,
BDD9B964,
BCF19193,
3D54BA5B,
BD3683BD,
3D10B381,
BD3AC52F,
BE982A53,
BC2F9427,
3DEBA32F,
BD82878B,
BD98F617,
BC86F0D9,
3BE74295,
BDCB5B3C,
3E182766,
BE03A9BC,
BD33CD64,
3D78B796,
3B48F277,
3E1DC598,
BCAA79A8,
3D83C884,
3D7060BF,
BD917D46,
3D0B746E,
BDC2094D,
BDB46BAF,
BE2F8824,
3AECC950,
3CA3C542,
BDFB45A3,
BD3B19BF,
BDB58AB8,
BE735BAF,
3BE4A538,
3C3F862D,
BDF1D3B0,
3CBAF78F,
BE7587C9,
BD97AF97,
3C992F49,
3E22BC00,
3DABD75B,
BDD1D45F,
3D98D27E,
BDCC594B,
BD40CDE1,
BCEC58D6,
BE087B0F,
3D53D4BD,
BD9BD31A,
3D877BFC,
3D929244,
3DBB2450,
3D2B5075,
3CB5F887,
BC42AFC1,
BE2930F8,
3C420DB7,
BDCABD0E,
3DE89C27,
BDF289D7,
3D5EFDDD,
BBD6E625,
BD6F916F,
BE00212E,
BCF25D04,
3D28519E,
BD95A3C3,
3E30C7FD,
BDEF91A6,
BE46CCCF,
BD1DB5AE,
3C9E27DA,
3C892E42,
BCE3152B,
3CC618CB,
3D39CE67,
3DAE3ADF,
BDC8329A,
3D498C22,
3DB7D4ED,
3DC615FD,
BD9F7372,
3D570CD5,
BCA0CD7A,
BDFD44E5,
3DAF06FC,
3C622621,
3E0B5657,
3DA7211D,
3BDC96E1,
BCED2F12,
BD082AF7,
3DBDF530,
BD9F2BA7,
BD98AF16,
BE31B3F0,
BD691F3C,
3D0CC685,
3D6DADA1,
BDC27138,
BD1923C7,
BCD043EB,
BD8FA723,
3E2D2C94,
3CDB7CCC,
3DD37581,
BE2FA850,
BBEAC450,
BD6C2F31,
BCE82F50,
BDAE50E1,
BD8E533A,
BD1EF184,
3D6AD027,
3C8806B1,
3E021435,
3E37D2E4,
3BBF4D90,
BB0DD0CE,
BE00DBCF,
BDCBA973,
3DB0BC37,
3D83B7C2,
BDCA83EF,
BD5CC3E4,
BD158667,
3D6C0431,
3CA67158,
BDA393CD,
BD918FC0,
BD76A622,
BCEE782E,
BE35C2CE,
3CA95ED7,
BCEBC588,
3CD88E90,
BD8E55F8,
3A9DD8AD,
3DA7B9DA,
3D4CCF6F,
BD7A7DF7,
3D35932C,
BDD7DB37,
3E1ED9B6,
BDBE7819,
3D082176,
BDA0D8BD,
BD3964D4,
3DDF5031,
BE0AB868,
BDC4ADBC,
BD713689,
3D4DFDCC,
3D91BDB8,
3CE4C4DC,
BDA53872,
3C913A55,
3DC3D63D,
BD360CCF,
BE1DC365,
BDFDF6DF,
BD7212EB,
3B73476C,
3E1A1904,
BD2E77B1,
3D363655,
3D99EB35,
3DAC2B9D,
3DA2A244,
BD30A41B,
3D91E766,
BD5471A0,
BCD427D6,
BC114972,
3CE7F465,
3D952ECA,
3DE07915,
BA245701,
3DA71C5C,
3D3E60D5,
3CEE5113,
BD863798,
BDD069D7,
3E0EEE4B,
3E0241CD,
BD8C1D73,
BB046D39,
3C8706E0,
BDBB434E,
BD1EE04D,
BC6E0CA5,
BCD92A34,
BD709ABC,
BDC6AAAE,
BBC59599,
3CDACAEE,
3D84AE0C,
BE3919E5,
BD8D13A0,
3DC0AC61,
3C8F02C1,
BD91A364,
BBE9760B,
BC4EE54A,
3CE6B697,
BD67A8B6,
3E018D09,
BB7E38BC,
BC868800,
BCD3558B,
3DF2382A,
3E0064F2,
BDFC2A1C,
BD871A13,
3D10A68B,
3DF69F8C,
3C9C5A12,
3B7BAC94,
3D04EE3B,
3D85E596,
3DDF053B,
BD216C58,
BE04CC76,
BC80400D,
BDC0BAD7,
BDDD83E0,
3CF7E561,
BCF8A913,
3D8732AC,
3D7BB0F7,
BCE10935,
BDDD9547,
3AC5F02D,
3CC8EA39,
BD10AEBE,
BC3A4203,
3D26D80F,
3E051FAB,
BD3DFC69,
3DAC8650,
BD5B933E,
BE49DE4F,
BDA94C89,
BCE0C406,
BBC7DAAE,
3D8AE944,
3D8AC70E,
BE83C7A9,
3D70EFE8,
3E03074B,
3E2E8212,
BCA3A118,
BD2D5B98,
BD389064,
BBB25669,
3C7C3C3F,
3C945363,
BE66596B,
BE5AFE9E,
BDFDA352,
3DA47245,
BDCE226A,
BE09A9D0,
3E27F507,
3E0671E2,
3E348B62,
BC84B363,
BD2D8320,
3D2AA75F,
BE732F2E,
3D94B3C3,
BCDEFFC7,
BD9A9C87,
BDF8FBEA,
BDE72DBA,
3D314271,
BDE75221,
3C940C43,
3BE1ABB6,
BAB9F838,
3D87FD28,
BDF25E0D,
BDF02714,
3D96483B,
3B544806,
3D89E8C6,
3DDED496,
BE1D7448,
BC66A809,
BE2C7E57,
BD00F7C2,
BCA85678,
3D58CD26,
BDD18EF2,
3E528EEF,
BC4644DB,
3E472A9C,
3DAF912F,
3E2AFEF7,
BCC44903,
BCA2EC60,
BD437DB6,
BD59001B,
BE11444B,
3DA4009D,
BB7E2A14,
3D793EF8,
B7E1EBB0,
3D88442D,
BD45DBA3,
BE2A7698,
BDEA1144,
3E52565A,
BC8DFF9E,
3CB2CF1E,
3C051864,
3ABC550B,
BDEB542F,
BDAD77E6,
3DA0A4DA,
BD52645F,
BC25AA3C,
3D833832,
3D8B87B3,
BBE7DB75,
BD504E8D,
BE00313B,
3E27AC77,
3C72FD45,
3DFD05C6,
3E22A837,
BD92E4F8,
BE284C40,
BE06966A,
BD8A4304,
BE0813C5,
3C8704D6,
BCBB2CE9,
BD76E850,
3D9E366B,
BDFA2270,
3D41569C,
3D522058,
3E6D880D,
BD3EDB66,
BD86553A,
BDBFF701,
BE843B40,
3DF32319,
3C89FEC4,
BD0EBE7E,
BD224CA3,
3D4FBB89,
BD9BEDF9,
3C86B283,
BD52796E,
3D98B326,
3DDC2AE7,
BD6B0DF5,
BAB889E9,
BE09639F,
BD9953BD,
BE1462D4,
BD9533BA,
BDBB674E,
3DD8EDCB,
BCBBD82C,
3CAE177D,
3DEC523A,
BE187F12,
3E0A9FDA,
3DD9CF7B,
3E36D905,
3DE3521E,
BDB0D77F,
3CA6DDBA,
3B1E81DA,
3E32586E,
BE14115C,
3D419084,
3DB8770C,
BB77AFA4,
3C679666,
BD914978,
3DCA88C6,
BDD60DFF,
3E59F6C3,
3DD3B118,
BE4E45A6,
3DD8713C,
3CCEB420,
3DE37D42,
BE1BB100,
BD8BF3DD,
BDF07D7C,
3D248E2F,
BD8B3BE9,
3CD24FB6,
BBC99E39,
BBAE191C,
BDAB7D36,
BD726F67,
BDD70041,
BD203280,
3C70EE44,
3D83AD55,
BDA46B7B,
BD6F5B49,
BD7DA39A,
3E061176,
BD9A16A1,
3E22D615,
BD9E3743,
3CA62D59,
3DD04EFD,
BBCC0FEE,
3CD99D24,
3DD53D64,
3CED451D,
3B8CA041,
BE834F42,
3C043C81,
BCB62A02,
3C3514A5,
3DAC1B2D,
3D0D202F,
BDB5E4D1,
BD6A5322,
3B2C15CB,
3B9315BD,
3DD1E453,
3D7D54CF,
BCA92F6B,
BDB9B1F2,
BDB37211,
3D1063A2,
BB880321,
BD67F451,
BE495975,
3E039348,
3DA4DF23,
BDA119E4,
BE05750C,
3E3F8EA1,
BE089F96,
3E701A3D,
3DA1B1F4,
3DD70C7C,
BDDB5FFD,
BDF2B053,
3E16B217,
BDDC0A9C,
BE20A1A8,
BDB71BBD,
BDB54680,
BCCADEE1,
3DDB2BBB,
BDA834D7,
3C7AC7ED,
3CB2E5E1,
BB338216,
3C920694,
3C2FE8BE,
BD67BB1E,
BE35480F,
BDBB8C15,
3DF9005D,
BBA26D58,
BDB18500,
BCA4354C,
3DAD259A,
BE725B2E,
3D7ED063,
BDEFB4F0,
BCD4AD12,
BDBE9D6D,
BDA33323,
3E03B4D9,
BE1DC52C,
3CF562C7,
3D9F62FC,
3CB3DFDC,
BD594A3E,
3E5CB449,
BCF8EDEC,
BD9FF5EC,
BD2D6A62,
3D9EF957,
3E24DC0C,
3C8C2E20,
BD625D26,
BD99D2DF,
BDC61FED,
3E3891E1,
BD953439,
3D3C018E,
BD785C76,
BCC57CAA,
BCC80FB9,
3D6328AE,
BD5C1293,
3E09BDBA,
3CFD5A61,
3E24E20E,
BDCD379F,
3DB975C8,
3D4902FC,
BDDC504A,
3E388E72,
BDC6E8BD,
BCA271FF,
BE0A7BE8,
BD5DDE3A,
BDB3E805,
3D5315F6,
3D07BE22,
BE61354E,
BC70533C,
3E3C86BC,
BDA61D67,
BDAEA831,
BD3622C3,
3D917ECF,
BDAD09BB,
3D87DB22,
BD415713,
BCD67579,
BDEF30A8,
BD5A1E69,
3D95611E,
BDCBB17D,
3CD58F80,
BD299EC0,
BDAC5D75,
3D44598D,
3D091C64,
3DF2ECE3,
3C793154,
3D949FE6,
BE1DC96C,
3D8F567F,
3D375A94,
3B7AC39D,
BE6672F7,
3C85542F,
BDFDA22C,
BD825222,
3ACCEA36,
BE026DD9,
3D6D6C2E,
3E32A510,
3E1431F0,
BD5CE7FC,
BCA9745D,
3D36E0EC,
3DD283FE,
BE0E69C4,
BDBAB6F0,
BE24F4F5,
3E06AD70,
3CF4182A,
3D9B4D27,
BB9EB082,
3E2C0EDA,
BD91AF14,
BD000719,
3D9A60CA,
BDBED830,
3CE3AB41,
3D2786D2,
BDD51823,
BE16643E,
3DA4C6C4,
BBF44BAD,
BDB148DF,
BC6443DA,
3DF361FD,
3E22D4C5,
BD672755,
3E4AA0C9,
3D6492F6,
BCD8A9A8,
3D92D04F,
3D15A5DF,
BD10F78E,
3C10B267,
BE5DE473,
3DAA83EF,
BD4100B4,
BD855443,
3E087247,
3DC0423F,
BD05F509,
3E33E4FD,
BDBF4B99,
BD3B9E0C,
3D9EDD71,
3DBD8FEF,
3C67EF93,
BDBBCFE7,
BCF8C974,
3CA1ACE3,
BCBE3D36,
3DA0EEDC,
3DB43E71,
BD01582A,
BE2AD157,
BDD3FA70,
BC15348D,
3D86B005,
BD645879,
BD340E88,
3D13C77B,
BDCB1FA5,
3CB35B76,
BD9C7A76,
3D714708,
3CBC3355,
3DB8B53F,
3D359427,
3D3DFBA6,
BB479B92,
BD4235B7,
3DCB237A,
BB07FEE3,
BCC1BFAF,
BE12064B,
BCF951C3,
3E0D8778,
3C4BCC37,
3D789CEA,
BC07C4E0,
3DA5416A,
3E0C9F5D,
3DF35B76,
BD57A57A,
BE731F8C,
3DB11DBE,
BD85354A,
BCF396B5,
3D1926CE,
BDD7EA60,
BE1F3065,
3E602670,
3EA9E045,
BDF166B5,
BE11328A,
3CBC64C2,
3E54F453,
3E0FDD50,
3DCF3187,
BD5D7389,
BC28BB3C,
3D1FAE14,
BD573E9E,
3E557BB1,
3BCC9AA1,
BE11AA8D,
BC950FDC,
BD927988,
BDACA036,
BDE0732A,
BD9D3371,
BE1F1CFB,
3DFDA6AB,
3DCB3783,
3D555B47,
3DA214B7,
3D93C04A,
3DCD0889,
BD91313B,
3C3EAE2E,
3D1539B4,
BE61BFD1,
3DA50766,
3E080ED9,
3DD0FF1D,
3D46E1A8,
BD9815A5,
BBE69A3D,
BCD72BCD,
BD8451A6,
3E24A170,
3C7CCD35,
3E614D3F,
BB0A7FA8,
3C317A71,
3E3BEA63,
3E5DD6CA,
3D70C51B,
BCA4A97E,
3E3BF165,
BDDE1464,
BCB73B35,
3D799DC0,
3DF57250,
BBFE7605,
3D276357,
BD03683F,
3DB1BE8D,
3DD04F49,
BD45AC65,
BD0978A2,
3CA0F693,
BC3C048E,
BCC6CFED,
3DAFE3C2,
3E1FA083,
3D8B919A,
BBAE76FC,
BE1310E8,
BE0E5EAA,
BD534E23,
3DF53E14,
3E8393A7,
BD417A06,
BE04A375,
3DE3A4F1,
BE37A2A2,
3E166AA7,
BD11FDD0,
3D017A5C,
3DD5B8CA,
3D085AA9,
BDC7EF2F,
3DE3BCF6,
3E69E143,
3E693064,
BE1C9DBF,
3D964B5C,
3DB1EFCF,
BE294C5D,
BD9591EC,
BE1624DD,
BC85C9EC,
3E940A66,
3DAC2321,
BDAB3B3B,
BC6C4C10,
BE0400D2,
BE33E563,
3DC02082,
BE12D4FA,
BCA6BE15,
BE918CAE,
BD96AC99,
BE67F551,
3D3021EA,
3E6AEB4D,
BB7C88D1,
BDE25B18,
BD9EA7F1,
3E5E95A3,
BE0F6EFB,
3D746D8A,
BE2A5F92,
3E243CB3,
BD4C7846,
3AD8E91D,
3D1D013B,
3D4EE0C6,
3DCF6F21,
BDCA6C64,
3BB12B26,
3D5A52BE,
BCABEBEC,
3D573375,
BD369B8B,
BD00EF49,
3C0C3828,
BDD30CCA,
3DDA1A10,
BE59D0D8,
3E015550,
BD87B5EB,
BDD57F46,
BDB6B7FB,
3DDC9999,
3C0C4532,
BDE20721,
BDBACBDE,
3C9FD8BF,
BD9078CA,
B9CB832E,
3CFFAEBE,
3D1EF9C8,
BDEEBF14,
BBDE13FE,
BD4311C8,
BE83DD27,
3D646A5E,
BD6FC3CC,
BCC1FFF2,
B9CD4E64,
BDBCBCCD,
BD8D9F78,
BDF55F9B,
3D9F8FC8,
3DA78C37,
BE507193,
BDFF9C11,
3D2A2487,
BE08B99E,
3DCD1B91,
BD3F6532,
3CA462B0,
3E09406C,
3CED316C,
3D84DD01,
3D80013E,
3DC7EDDA,
3D4A9AB1,
BD5450EB,
3D3E1103,
BDD1D924,
3D131EB5,
3DAE4050,
3D832459,
3C99D105,
BD2C31AB,
BDB03112,
3D5C9C37,
BDC0EC1E,
BCA488AE,
BD5D7521,
3C7B4B02,
BDDBF447,
BDE46916,
BD48C208,
BC4ACC2C,
3D891B93,
BDF752DB,
BDFAEC85,
3D2AE394,
3E1784F5,
3E0118D1,
3AF6DCE5,
BDD439CC,
BD9AD7C9,
3BAD99BF,
BE584610,
3DCF22EE,
BE189504,
BE438B02,
BE0AC36F,
BD958AC0,
3D6249D7,
3D8A327A,
3D9770ED,
3DB43B49,
3E4015F1,
3D7CEFD5,
3C62A576,
3C34A66B,
BD4C2CCE,
3D637F76,
BDDC0AF2,
BD870C3D,
3E258126,
3E356961,
BCC64281,
BD0AD5FB,
BE2F9035,
3D704D75,
BDF8934E,
BDA6EB05,
BD9C9B61,
BE19ADBE,
BDC32431,
3D83F8C1,
3E223C1F,
BE09B1EA,
BD841D68,
3D87C227,
BACF68BF,
BD69ACE8,
3E4C231B,
3DD4DCD0,
3DD5F9B4,
3D311D08,
BCB17865,
BE3DBB77,
3D81E73D,
3E23B10A,
BD28EDB7,
3D420EA9,
3D90A47E,
3D10B68D,
BD665D20,
BD3A45F0,
3DAA3478,
3D906979,
3D59C6D1,
BC6C634F,
3D757EB2,
BD72B5BC,
3D177D3A,
BDB66D86,
3E049491,
BB119C38,
BE500784,
BBC8994B,
3E361B9C,
BE1A9622,
3DA84F49,
3C915BB6,
BD399793,
B9C60345,
BDC65CFB,
3D803901,
BD772870,
3D235315,
BD3B62F2,
3DE385EB,
BDEF688E,
3BB77B43,
3E0E798E,
BDAE189C,
BE4EF86D,
BDB07A17,
3E3D7F1B,
3D828E2B,
3E17584E,
BD78F48D,
BD447AC0,
BDC0A87B,
3DF35F22,
BBF62463,
BCA40EEC,
3E36E662,
BD57B28F,
BDF6B504,
BD5E68D0,
BDE6AD27,
BDB047C1,
BE06B7E3,
39C852F6,
BE17B138,
BE3FD05B,
3E276338,
BE276062,
3D724BF2,
3D7C6A3A,
3CC437CE,
BE24DD0E,
3DBC3559,
BDE26650,
3E0862BE,
BBAF8008,
3D32B97F,
3E1BB373,
3BE7899E,
BD9561DF,
BD1D9E1D,
3CC8D75E,
BD4F131D,
3BAFFCE3,
3DC27CD6,
BDB4509E,
3D7DE711,
3D8A5C2B,
3DBCB369,
BDF4F400,
3DC23266,
3D0133CF,
3E37D8D4,
BC974423,
BD9E7871,
BE3264C5,
3D265D1E,
3C745F07,
3D693969,
3E24D713,
3E05E83A,
BE113BCD,
3EA7A9AF,
BDFADB6C,
3D476E43,
BDAC1602,
BE018BCA,
3D946F59,
3E6704A9,
BCAE6901,
BDD702EB,
BCE73C2D,
3DA36253,
BE1536F0,
BE070358,
BDBD041E,
3E0A2914,
BB6AAAAD,
BE24487B,
BDB0D7CF,
3E728934,
3CF4825F,
3DE1F27B,
BD33003C,
BC95F882,
3D1DF31A,
3DDE9839,
BC8D9B54,
3B075C93,
3C909981,
BD720500,
3DB5CA11,
3D65B5D6,
BCBEF078,
3D4F36C7,
3DAB61DB,
3E0EA3C1,
BCCA502B,
BD4A03E9,
BC4FF99F,
BE3928ED,
BDB836D1,
BCE88DC7,
BC8F3E40,
3E71985D,
3DDFC7DF,
3DC98B3E,
3C285F3B,
3D857EB3,
BD39F77D,
BD8D2771,
BE4AB5C2,
3C475377,
BE71C294,
BE0394DA,
3E37BAA6,
3D3D5297,
BD763A98,
3E813DFA,
3E2341B2,
3E43D4FD,
3D575222,
3BFBF80B,
3DF070CE,
BE8E5681,
3E1BD331,
BD77B762,
BCCC42B0,
3BD6F6E6,
BD40EB33,
3D8A6BB3,
BC0C36FF,
BDF653B5,
BD415A21,
3D828840,
BC9C83E2,
3D981704,
3CB3E1D0,
BE4B7C06,
3DA49272,
BC9F1001,
3E7BE71C,
BE0490D8,
BE3E7C82,
BDD70CB8,
BC63B427,
BD069FB7,
BDF475E5,
3C45ABD4,
BD7233A8,
3BCC58F3,
BDC93B66,
BDBD4C25,
3D7CE09F,
BC6DEA8B,
BDF18078,
BDDA0E14,
3D7E24CA,
3E5D933D,
BD17BC21,
BDA5BAAD,
BB7498A2,
3E6173D8,
BDBC8C1B,
BCF00636,
BE8285DF,
BE2D9FF1,
3DC55C5D,
BD44A1A9,
BD01CF5B,
3E6AF7A1,
3C25C904,
BC936E96,
3DCA0163,
3D455D55,
BE0C7BB5,
BCEF1161,
3DBA36EA,
BD01D08D,
BB8A8315,
BD24DFDE,
3C512D83,
3E378854,
3DC0B0EF,
3D647393,
3E0803C1,
BE308E8C,
BE41A72F,
BC3792C0,
BDB382D9,
3CBFE8C7,
BE678D96,
3E34F75D,
BE45AA51,
3DEE1785,
BE13623E,
BE1E5CCD,
BAE53E64,
BC51F04E,
BE0E70BC,
3D24503E,
BA0E5F70,
BE8E92A0,
BCC1D90F,
BD27B84F,
BD4E60E5,
3D929C65,
BC367BC8,
BD647A9A,
3DC79473,
3DC033CF,
BD1024D8,
3E031F13,
BE270C5C,
3E323C3E,
3D9380FC,
BE455FFB,
BDE9835F,
3D9A23F0,
BB947A14,
3E22AD26,
BDD2BECF,
3D9581EE,
3DA6E14F,
BE364916,
BD522839,
3DA19BD0,
3E8716E1,
3DEB9D05,
3E110199,
BC78D1A6,
BD2A6A87,
BD5F5224,
3E44D4E3,
BD8DDBF4,
BC8ACA81,
3D359B87,
BDAEB074,
3C0E6F5B,
3D6D2C06,
BE59735E,
3E13A07D,
BB3FEBAE,
BE8D0E71,
BCA21450,
3E4A13F5,
BE29D0D1,
3E25B5D8,
3DA9D67A,
3BE955EF,
BD325A87,
3DACFEC9,
BDCC423F,
3DB81046,
BD9EA3E3,
BD76E3AA,
3E03AD2E,
BBD1CB11,
BE432C53,
3E401262,
BD3808C2,
BD3EFDCC,
BD959C5B,
3DB3C39C,
3C5BC3EA,
3D83A3CB,
BDF3283B,
3B9EFC4D,
BE073E00,
3DC1FA21,
3A0071A5,
BC4FF525,
3E24B100,
3D4EE4BA,
BDBC623A,
BEC35B8E,
BDB63086,
BD98FE1D,
BDC9FAAA,
BCEBFED0,
BD277D33,
3E2DEAC9,
3DAA689B,
BD5630C3,
BDA9E87B,
BD8E041D,
BC75E713,
BD8A0C0A,
BDD9115A,
BC3ECE2A,
BC91BFA1,
BDF71EEA,
BD117B22,
3DD0D877,
BDCB5CC4,
3C8E18DA,
3E23A28A,
3CFE567B,
3E1F1046,
BE279E45,
BDB1F9EE,
3D1188A6,
3E00FF9E,
BDAA7D44,
3D867E89,
3C3A0956,
3E2AE339,
3D26B08B,
3D83E0D7,
BB096234,
BEC2D021,
BDC904B6,
3E403820,
BE3FB28A,
3E4AF449,
3E1127B7,
3DF1163E,
BD0F1650,
3E6500A8,
3DC4B0AE,
BD6970B3,
BDDE8E5E,
BC3E18FF,
3D81A583,
3E36533F,
3E133CE3,
BD89DA9C,
BD452DE6,
3D8F7FE4,
BD88833E,
BD2FCE58,
BD888FDD,
3D66A379,
BE24F3F3,
BE427691,
3DB5BDC3,
BD8E89D0,
3D72F904,
BDEC42BD,
BE26735F,
3DCD87FB,
BC8CDFCB,
BC86695C,
BE146F05,
BE82E9EF,
3BDF98F0,
BCFC04B1,
3E557D01,
BD699379,
BE344334,
3D3D7AF5,
3E205A48,
3DB91DE8,
3DE5EFD8,
BDC7996F,
BCF62666,
BE37B2F3,
BDA1F022,
BD4D5DE0,
BD27603C,
3D2DE149,
BB08D505,
BC7CAE95,
3C839B71,
BDEAF844,
3D119A41,
3E418002,
3DAC07E2,
BC91A20D,
BCE32A39,
BEA99F58,
BDE30E3C,
BC9D7483,
BE21A7F3,
3D92EFB3,
3D831A42,
3E41EFCB,
3DB60F20,
BD3FC18E,
BD1F8F3F,
BDD60183,
BD02214D,
BBE67251,
3CCE167A,
BE4D03A1,
BD1DB256,
3DAAC323,
3DF725CE,
3D96D175,
BD2036F6,
3E82394C,
BE6651D2,
BD0395D0,
BDCF4FD8,
3DCE0F92,
3BE3E221,
BD5135CA,
3D8E4B8A,
3E0F0E42,
BD18F9D1,
3DD63A9B,
BDD785AF,
3DD59DDE,
BD843680,
BDEAECDA,
3CC656D0,
BD81457F,
BD520F52,
BD19DE21,
3D5B2F4F,
BC353E17,
BC8309B9,
BD5FBFB5,
3E0AD906,
3D0B97E4,
3CFF4603,
BA810CE9,
3D3652BC,
BDE1A591,
3D731236,
BD96912D,
BD1723F9,
3CAD3705,
BC6C6C8D,
BE2EB461,
BD3F815A,
3E3B43AC,
3C649D9A,
BD99A796,
BDA0C1C1,
BDA1FFA0,
BC504EF9,
3DA77EA3,
BCE165E8,
BDD90872,
BDA0A702,
BDD41A22,
BE1492FA,
3CC339A1,
BE709BD7,
3D51D78E,
3D476DF0,
3DDD7C70,
BCE1344F,
3DD64957,
BE596FA9,
3DB727EE,
BD7AA015,
3DBF4398,
BD94E3D5,
BC86E7CA,
3CBD5792,
3D78056C,
3E57C64C,
3D4E9726,
BD03132E,
3D5BCE74,
BEB12F26,
BE871AC7,
BD1A6DD8,
3E3B5B74,
3D0ABF50,
3E369F9D,
BCC58598,
BE23E41A,
3E3DB56A,
3CF6CECF,
BD818B45,
3DC45E14,
3D572C0C,
BC6E5E95,
3DD14623,
BDB6B96D,
3D634372,
BBC1FF6E,
BD7319F4,
BC6F87E4,
3D052115,
BD1DDF1F,
BE4207F8,
BE05B5EF,
BD4B4E04,
BE03A29C,
3C6FD382,
3A5497B6,
3E024F59,
3DBB7931,
3BA1EE11,
BEC63849,
3DC1E10E,
BD87EEF9,
BE6C6DA1,
3C9BFE3F,
BD0C4ADD,
BD0BAF23,
3F09BF28,
BD007279,
3E976161,
BE8DD63C,
BDA91235,
BD97295A,
3CFDF764,
BD8DF63B,
3D91770F,
BEB4B315,
BDB73560,
BD38C32C,
3E33AF70,
BE784615,
3E895EC7,
BE3D1B42,
BCE67290,
3E7E4CFC,
BD9C82D6,
3DC4D545,
BDD34E9C,
3F02C74E,
3DA85536,
BD3AE550,
3E27AF97,
3DA2762E,
3DD6D7B4,
3EA8D42C,
3D931AEF,
BC9C9292,
BE9BC4A3,
BEB5333F,
3ECCA8BB,
3E4CB752,
3C472125,
BF01C775,
3B0EC25E,
BEB452EB,
BEAC0E64,
BCE9FB41,
3D8DCEF8,
BE25D71C,
BE220B52,
BD94B596,
BE34103C,
BD6FFEEA,
BE2B59E3,
3E80277D,
3DEC0DC6,
3DE4CE66,
BD304DC8,
3B264B9E,
3D21E616,
3D90750D,
3E561B51,
BD6222B8,
BEF89E93,
3E293F26,
3E68CC8F,
BE510E76,
3C214A85,
BD669DD1,
3D957616,
3E20B613,
3D09E998,
3E0B2701,
BEAE7BB8,
BDE3AE68,
BD3B6762,
3ED24833,
3DA9224E,
BD317425,
3E42F136,
BE845911,
3D782677,
3E6636DF,
3E4811BF,
3ED165FB,
3E6131EF,
3D73D37A,
3E4996CC,
BE9C132B,
BED07987,
BED8B605,
3DA6A954,
BCC94A73,
BE6FEA38,
3D2ED4A0,
BDE42E28,
BE7FFF9E,
3D98FB72,
BE8D978A,
BCCFCE6F,
BE1FA3EE,
BDD135F4,
BE8C5C74,
3D66F5A1,
3E175F24,
3E2C98F3,
3DD67536,
3E8B2487,
BDA547CB,
3DD7CE53,
3EDE11F8,
3DE7CFA2,
3E53C574,
3DCB2E4E,
3DAA1B13,
BEA18849,
BE245C4A,
3E529F4C,
BE17C1A6,
3DCF8877,
3EB74158,
3EE095CB,
3CACFCEA,
BE58F315,
BE1A79FD,
BE64F4C1,
3DAFF5B7,
3C992684,
BD18BBE6,
3D387319,
3D3F90FB,
3DCDF57D,
BB01A873,
BDE6988B,
BE0491A5,
BD991AA1,
BE3AA528,
BDBE4436,
3D551930,
BE76A0CC,
3DFB79BA,
BDB88B63,
BDA71B93,
3CFD5B12,
3DB04244,
BDC58AE8,
BDEFE234,
3C9BEA27,
BDA6191B,
BD180757,
3D3DC923,
3D418F89,
3D94CE99,
3DAB965F,
BD6E71A7,
3D4EB8E8,
3CE70006,
BC95E635,
3C5E69C1,
BC6B2B48,
BD973104,
BDA783B5,
BDA67AB3,
3D9AF6FF,
3CD96BC0,
3DAA4AA1,
3D68CA6E,
3C924CD2,
BDA5DC39,
3D152344,
3DE5E43A,
BE5B5FA8,
3D2CD5E7,
3E18D46A,
BD85BF31,
3DE8E1A1,
3D818331,
3DCD674F,
BD8E4838,
BC717505,
3DAD5FF9,
3E26374F,
BD6A3157,
3D583ADC,
BCB83173,
BD873F11,
3DB40119,
BD994A48,
BD23EDF6,
BE03B7B3,
BDE1CCDC,
BB68CC94,
3DAF1B42,
3D0320CD,
3E008FF4,
BDBF1B73,
BB8BE5DB,
3CD5ACB3,
BD0B36B9,
BE1A2D3B,
3C2355F7,
3E007627,
3DF0E061,
BC7EF060,
BE4B2CB6,
3D2E9A2C,
3D8A91E2,
BE64D2FD,
3E16D4F6,
BE22BC91,
BD022734,
3CDB6C9A,
3C1B5655,
3D391791,
BE1F8722,
3D98CE2B,
BC0CF910,
BCD03567,
3D54FC1B,
BE66DD2B,
BD55113A,
3DA10398,
3CB4F9FB,
3D286855,
BE6A41AA,
BCBE9092,
BDAB4CEA,
3C9A6998,
3CD5B272,
BD887C7D,
BD9F22D8,
BC9BFAB7,
BE29264B,
3DC832E8,
BD736304,
BC95D614,
3D3AB258,
3C10DF65,
BCAD57D9,
BCF4E953,
BBE37273,
3C957859,
3C9E3352,
BD165B18,
3C109AD5,
BC9B81E9,
BD12BBA2,
3E3F10C7,
BEB518A4,
BD89FB93,
3C9099B5,
3DB801F9,
BD537BA2,
BD82F71A,
3D09B737,
BD0B0B81,
BCBB3204,
BDBA57A5,
3D90818C,
BE547262,
3CF02A04,
BD86F420,
BDD8DF02,
3E27CDCC,
BD331AF0,
3C4403F9,
BD9FB374,
BDA57B83,
BDD94BFA,
BD9378C5,
BD3DD5B9,
3D33BB25,
BDB1ECE6,
3C76B8D3,
3DA6A740,
3C01A03F,
BE328B0A,
3CC55ECB,
BCBBD8F9,
BCF83CD7,
3AFD5A66,
BDB6420E,
BD28C076,
BE7B9044,
3E59394D,
3DB4D714,
BCBB3AD4,
3D8E43D8,
3E1386C8,
3DB0A2A6,
3E2B72EA,
BC5B848A,
3DD8AEB7,
3DAF1AE8,
3D91D5A5,
3E152754,
3DF9DB67,
BC8ACB85,
BDCAA594,
BDEF3769,
BDB19D27,
3DCA7E1F,
BB1FB2D2,
BD50B20D,
BBE0E576,
BDC0C698,
BE7604F2,
3D66167B,
BD15F569,
3E075359,
3E567F54,
3E899722,
3D6E8558,
BC699080,
3C260C03,
BD1E145B,
3D1CB59D,
3C1CFC37,
3D1F6F04,
BE026B2B,
BD413999,
BCC323C3,
3E002F2E,
3DDAF15B,
3DF6EAAD,
3CD9080C,
BC8B8DD6,
3C834894,
3C65178A,
3D11ADBC,
3D579404,
3B05D32E,
3C82097F,
BDEBE7AE,
3C3B1D59,
3E3A95C9,
BE1FE716,
3E4120A5,
BD872DA4,
BCD4D38B,
3CB34977,
3DCC7159,
BD8DBD8E,
3C2A1A6E,
3D20C206,
BC732C6F,
BDABED2E,
3CC49A90,
BD393975,
3D1FAC38,
BDFB1F09,
B9927BC5,
BDBE07BB,
3E0BA39A,
BDF00495,
BE3B7208,
3DB5E060,
BE19CB4D,
BD74F140,
3D28B3CE,
BC24D1FA,
BCF3B0A5,
3DB29773,
3CC81E55,
BD40F291,
3CAB0C1A,
3E770C78,
3C6C48EC,
3D3956CD,
3DC0515A,
BD01A467,
BCB7DB84,
3E1D8281,
3D7ADABA,
BA9C9CC0,
BC4354BF,
BE36E37D,
3DD3A646,
BD9DE558,
BE33F55D,
3DD961D5,
3D84FCBF,
3E2AD1A9,
3DAFA247,
BC856F38,
BE2FA933,
3D8BD6D2,
BE714BEE,
BB92D402,
3D46798D,
3D55D97F,
3EAFFD40,
BB6EBC84,
3D3B157F,
BD167F46,
3AF1907A,
BE2ADE99,
BA949AC3,
BD82B0AD,
3D9B07EB,
BE8171BE,
3DCB4E2E,
BBF9AADD,
3CF88E40,
BE162564,
3DD95817,
3D810BDA,
BD0E673F,
3DD6941E,
BC37D6F1,
3E102E75,
BE57E948,
3EB29B71,
BC2CC41C,
BC921614,
3D803751,
3E81E9FB,
3DF5E50C,
3E52872D,
BD00C559,
3C51E2F5,
BDCB0C73,
BC1D57BF,
3E259965,
3E09CA88,
3D98A0A6,
BDEDF5C3,
BD08A9B2,
BEABC865,
3DDC9F54,
BCB07462,
BE04B745,
BDB835F5,
BCE7B797,
BE50AA96,
3D55A95E,
3D9879C3,
BC78A661,
3D2366AD,
3E531B5E,
BC4AF4E5,
3C88B739,
3E2763EE,
3D1E87A8,
BD9E2B5D,
3E2341C0,
3AA63158,
BE51C9B0,
3E2A8C61,
3D8D8187,
3DEE96D8,
3E71B706,
3DFC5294,
3D8B7BDA,
BD85D4E9,
3CDD4177,
3DEBBACD,
BE8B8CE4,
3DD2628C,
3E157244,
3DDADE7E,
3C361C0B,
BE520431,
BD5858CF,
BE58495F,
3E7A446B,
3BD3BB2F,
3D0E9DA3,
3E94B99A,
3E83AC1E,
BD8C8A1C,
3DA0334F,
3DAA89A5,
BE4E6E8D,
BE4F2ED3,
BD79E9D6,
3DEE1E5B,
3E78EC4D,
BD90A130,
3D89FA8F,
BE11097F,
3C0BD60F,
BE7DB316,
BDCFFF5F,
BD8AE97D,
BCC725C7,
3CED39B9,
BDC3B4FE,
3DE0BB4D,
BDA4516A,
3E08A4DC,
BC1BABAD,
BD485330,
3DF4A7F2,
3EB00119,
3C9E5076,
BCA2A012,
3E4367AD,
3DB8C22E,
BC95EFB3,
BD7E864F,
3E092010,
3D6D8922,
BC9631C8,
3DBC75C6,
3DA07103,
BE02AB21,
BEA59B85,
3CAB9919,
BC332B71,
BD44CA71,
BC208672,
BD163F27,
BD9BC5C1,
BDD58B50,
BD9F4944,
BC235A10,
BDDA0034,
BE16E2B2,
3DBA7E8E,
3D1FBEA3,
3D516760,
3C33F1E6,
BD7202C1,
BE2A2549,
BDF42162,
BE2B9446,
BCE44D30,
BE1E06C5,
BD994448,
BD3B6972,
BDB3C8C6,
BD9625C4,
3DF5CAA3,
3D08CBF1,
BA58E161,
3C9A8AB0,
3B1158AC,
BD89E67F,
3D82F0E1,
3D581E29,
BDAC1841,
BC02EB0F,
3DB6C8FB,
3E0BEC87,
BD92E113,
3BADF49B,
3CBD17A3,
3DA89C63,
3DA87E9F,
BD6E72C1,
3C9EA101,
BD7912F1,
BDD6DBD6,
BE0AEF7D,
BDC059EA,
BCA9F6F5,
3E05E966,
3D2714F8,
3DA47038,
3D46C7AC,
BCB07749,
3D60F42D,
3C74632C,
3D9A659C,
3DD20F2C,
3E04C6CF,
BC978B4C,
3C89B956,
BDBF7FBA,
3DA1AD70,
3CC7687C,
3DD91921,
BDFF365D,
BD16722F,
BE1B5757,
3CF92B0A,
BDD78C60,
BC196441,
3D81602C,
3D85BEEE,
BD638C43,
BC8F52A3,
3DB9406E,
3AD6A1C9,
BD8E832B,
3DA59A46,
3DF50BC0,
BD3E95AF,
BE1C7324,
BDDCABB0,
BD87120E,
3C3045A1,
3D7DA815,
BCF48FA8,
3D850007,
BD1D9FC7,
3D7FA059,
3CAA7A74,
3DCC877B,
3DC2B33D,
BDA6543D,
3DC6644C,
BE48D9CE,
3D26776A,
3D828004,
BE0C0124,
BDDB20A2,
BCC0E3D4,
BBBECB58,
BE0357D9,
BC9B6622,
3DE1CAD3,
BE05D8D9,
BC817042,
BDD83F90,
BE0F70E1,
3D3FF225,
3DF2B933,
BC2052B2,
BDDD203C,
3E0A46FF,
3E0E1C7C,
BD885C93,
3C4D82E0,
3D35C24C,
3CAA57F9,
3C766C2D,
3D5264CB,
3CBF0E39,
3D4ED758,
3BEB0111,
BE040AEB,
3D529760,
3D0F586F,
BD4749E7,
3DD0563E,
3DE14595,
3DAC41A9,
3C551710,
BE3AF029,
3D473D3F,
3D796F37,
3CF7B0D7,
3CBA2D09,
BD2C690D,
3C32BFB6,
BCEB6FAB,
BD76DA64,
BDA3A8C3,
3D102A79,
BE6D1FC6,
BDBB4979,
3DF5052E,
BD93FFF8,
BE2A3246,
BDF47320,
BD6CDD50,
BDA9E906,
3BB85B88,
BC1DFF97,
3DCFB454,
BD4CE681,
3CC2E7DC,
3D9C3E65,
3DB6E68D,
3CFB4E02,
3D4E0402,
3D19D4D6,
BD814C74,
3D9649A8,
3DEC2F78,
3DBF8A42,
3DAC5E37,
BD6A10F2,
BDACC858,
BD255E0F,
3CC13721,
BE3A285C,
BCA8CFDE,
3CC5145B,
BDA6FE2B,
3D62C55C,
BE3D89F4,
BDBBCAF5,
BDA35BB7,
BCE1EB2D,
BD881F6C,
BD9CE6E8,
BE137F23,
BD4C972F,
3CB6A9FC,
3D7B08DE,
BD8E7EFF,
3DC296FC,
BDAC6D83,
3BB35ED2,
BDB55015,
3B8E7A17,
3D9D6A49,
3E03F692,
3DA326E8,
3D18195B,
BE2EA524,
BD8A2F4D,
3CFE57D4,
BD116373,
3C80B775,
3D18ACCD,
BB372B9D,
3D67EF59,
3BB4ECDE,
BD821B10,
BC87C61D,
3D728094,
BD3C3BA0,
BDB499A3,
BE12B588,
BDB1C0D9,
BAB6B2FC,
BD79B61E,
3D3125EE,
3D127B82,
3E0E3F61,
3C8549A8,
3D3B3B46,
3D065E34,
3D359F65,
3D1169FE,
BDA31523,
BD86C893,
BDED21FD,
3D10639B,
3CC9AF05,
BD3696F4,
3CBFC8D3,
BD29D163,
3DB4EF42,
BE26C534,
BDD942AA,
BDCE79E0,
BE51977C,
BDB1E0F1,
BD0B57C4,
BCBE8306,
BDAFE606,
3D5D8A2A,
3D178351,
BD59BD10,
BD8EAD77,
3D9BE719,
BCBFA351,
3E0A918E,
3D4D6D0E,
3D6B75DD,
BDBE44C9,
BCA4042A,
3D2F6D9A,
3D6ECF5C,
BD69DB10,
BDCD31EB,
BD9B3CC5,
BD148D22,
BDAA2B14,
BD3EF29F,
BD277D48,
3DBD78D1,
BD41F134,
BCDD7D28,
BDA330D0,
BD0EF372,
3CBE860E,
3CC51EC5,
BDBE3365,
BC33DFA5,
BD5596E1,
BD6388EC,
BD373918,
3D67BF41,
BE5C4B4F,
BE03DD3A,
BBC54182,
BDD80B8F,
3D951258,
BDE4A782,
BD256E0A,
BB4B38E3,
3AEB4AC4,
BD75C122,
3D4193BE,
3CAA4296,
BCD2213D,
3E0D7779,
3D280892,
BB6DDC33,
BDC5811D,
BDD10925,
BBF051A9,
BD49BC88,
3D1FA081,
3E2D0C91,
3D8D426D,
3D6E4C0B,
BD6A4406,
3E0BB260,
3D2B84AA,
BD11C836,
3DB1475D,
3DA6623F,
BD99165B,
BD0FF9C6,
BE7A63AE,
BDA3DEE6,
3E698E71,
BD2CE0AC,
BDB0DD11,
3E13CE88,
3D1C426F,
BA450BFF,
BD0122FF,
BDB6713C,
3BD699C0,
3D50D71B,
BD1E72A4,
BC9BD741,
3D631ABF,
3D759472,
BDD6587B,
3E2069F5,
BCCDCD97,
BD7BBE3A,
3CFC256C,
BCD5579F,
BDECAAC1,
3D0571B9,
BD53B08D,
3D00E0A0,
BD12C722,
BE7FCC15,
BD865876,
3D456AD0,
BD518DF1,
3D95E9F5,
BD8C2DB1,
BE2000FE,
BDCE5EFB,
BDC1A5F9,
BE23415F,
3D01AF63,
BD910C16,
BE291657,
BC8516EA,
BCC57692,
3D0C5834,
BDFF4B54,
3DEF2578,
3CEFDDB2,
3DCFCAA8,
3BD59401,
BE8CDAD5,
BB3F4412,
3C370FA8,
BE151C6C,
3CE45FB6,
BE16287B,
BD4EB42D,
BDAEBD3C,
3C91AE62,
3D54F96C,
BDEB568F,
BE031138,
BD8FCC4C,
BE1EC0C9,
3DA5C098,
3D3AD0A3,
3E0BB7FD,
BD92043C,
BD432547,
BD6A46F4,
3D964E6E,
BC6B86D2,
3DDB3039,
BDB5ED22,
3CFAC1F5,
3D59D201,
3D2BDF19,
3C211783,
3DD75055,
BE88D3EE,
BE095A59,
3DF39D35,
3C6E72F1,
3E0DF874,
3D868A24,
BE8CD7A8,
BDD46986,
3C2AB5F5,
3E43DEFC,
BD39E080,
BD2434AA,
3D1049A4,
3CA38191,
3D1E063D,
3E34CFB0,
BD9FEC37,
BD0C27CA,
BE651F16,
3DCB2479,
BD9DF954,
BD682AC9,
BD85ED0F,
BDD9C009,
3D8AF012,
3DE93084,
BDE7A88F,
BCAEB125,
BE32E393,
3E458101,
3CCF77B5,
BCBB4D74,
BD8C428C,
BD5F16F4,
3B81DE83,
BC077EC8,
3E81B6D5,
3E14C510,
3E3F6117,
BCC68EB7,
BEA6CA42,
BDDE7F8F,
3E2E0DDD,
BD091254,
3D1C3E9F,
BDFCFA4F,
BE9606AE,
BD2E9087,
BDFD876F,
3DC40E91,
BD2E75F1,
BE3A9B87,
BD8715B6,
BDC23EBF,
BB4595AA,
BC94F002,
3C6FEAE4,
3CF8BCFC,
BE01FB48,
3D863362,
3DB2E67B,
3C2F4A45,
BB28898E,
3CAABA8F,
BD94E2C2,
BD555D1D,
BD101B13,
BD9DCCE0,
3C45B804,
BDBCC7D5,
BE4B8FCD,
BD0DDDCC,
BDB27365,
3DCA2968,
BD949FEB,
BCC2C4D1,
BD32115E,
BC088979,
3E1DBE8A,
3D71D8B0,
BDEDFBAC,
BDADC1CC,
BC98D2FE,
3D2BF1D3,
3DA91510,
3C9337C8,
3E0D3FB1,
BD51B3BF,
BE159E9A,
3D3DD607,
3D8159B1,
BDAB4866,
BD80B321,
3E1B5B55,
3D5C8BB9,
3D06A073,
3DE3BFAB,
BE8341F2,
BDB1E961,
3DFB731A,
3E2DB821,
BD512490,
3D501C05,
3E3CBE8A,
3DDA7351,
3D39EB3F,
BE49C5BE,
3E2D6504,
BC9FCE95,
BDB46B6B,
BD0C1014,
BD592D09,
3D6EBF84,
BB26FA23,
3C847062,
3D0D16CF,
BD823802,
BD957498,
3E7A62BD,
BCDA0622,
3C304051,
3CC03E21,
BD6A73E9,
BE40B54F,
BCC71118,
BD86738A,
3B58C409,
3E010D45,
3D457D66,
3D97631C,
BDF4AB48,
3D1FFBDF,
3D980B3A,
BE3D5C80,
3DD039E9,
BD09E85B,
BDBFCA3F,
BEE149D0,
3D55F5E9,
BE6E64B1,
BCCD6CF5,
3D699103,
3CD545B0,
3E7A242F,
3DB9AF94,
3D552B92,
BDB7EB8D,
BC88553B,
BEBDF555,
BE206E19,
BE8F0750,
3CD3177F,
BE263402,
3E1266B4,
3CFDB39A,
BDF8D7DA,
BDBDAC90,
3E311AD5,
3DFE685F,
3DC57514,
3E0AE1CC,
3DB1C2A0,
3CF1AC8A,
BEE6D231,
3EDD84BD,
3E5C4DE6,
3E1020CD,
3E42FF64,
3E915580,
3D664C80,
3E2A1F96,
3DD1B059,
3DEF07A8,
BD9F62EC,
3D9AA91D,
3D8F39F4,
3E9CC110,
3D795770,
BEB3977D,
3CDEAB9F,
BEBA715A,
BD1F5266,
BDD0C179,
BE63D2F8,
BD12E554,
BE1550D1,
BE806375,
3E55C4A4,
3D4B4552,
3CCFD5DC,
3E081D2E,
3E3F1820,
BC19791A,
3D825C13,
3DE3E67D,
3DBABA78,
BD91876A,
3E495EB9,
3D943F97,
BE9DB501,
3DD17B68,
3D257550,
3DA59820,
3E53807C,
3EAA5D78,
BDD7ECC9,
BE91FFDD,
3E9CBCD0,
3E2D9A20,
BE5A1049,
3E2DF0B9,
3E029760,
3E81F504,
BD8D805F,
BD799690,
3E152C9A,
BEE3438E,
3E66F7A2,
BD261E69,
3D809B2D,
3E965250,
3E8DB0E7,
3CBCE043,
3E85BA6F,
3E926B9D,
3D0DECB3,
BE771189,
3A9D51B3,
3E0F8241,
3E95F8B3,
BDDD1074,
BD64B4AD,
BE6E2F49,
BDC888DD,
BE4F3437,
BD9D2000,
BD478BC7,
BE202968,
3E01CB58,
3CF8CCE7,
3BD6429A,
3D98EA46,
BDBEBA1E,
BDB9D09D,
BB8939E5,
3E8493F5,
3E796315,
BE23BCAB,
3E0312A0,
3E3B21A3,
3D45B268,
BD64D965,
BE37D9C0,
3E0D630A,
BD318FC2,
3D63D0AC,
BDEFFF4A,
BD321C63,
BE97B8DB,
BEDC71DF,
BD19ED83,
3E13110C,
3CFDB158,
BCB021CC,
BDF3C271,
3BE073A8,
BDC55AAC,
3DC4C61F,
BD6CAF1D,
BD3BE3D7,
3D82D2E5,
3D7E85BD,
BE839650,
BCB09C1E,
3D3FD433,
BDF1745C,
3D01E5FC,
3DE0EC82,
BDB94A5B,
BD2720C0,
BD617D61,
BD18ADD3,
BDE59ED3,
3C44C2AF,
BE2E14AC,
3D963F3C,
BDD41E57,
BCB4A86D,
3DDBEFF1,
BDC8F656,
BDAFDDEA,
BDE40388,
BD56D037,
BE10CE23,
3CAD0E6E,
BD49DD9A,
BD7FE161,
3D521922,
BC116DF0,
3D1D8B48,
3D581D03,
3C8B13F5,
3D00D90A,
3DB41E82,
B9CF28B0,
BDE2A10A,
3D8C1354,
BE71F091,
BBD7A840,
3E27269B,
3DE6BAC9,
3D03C641,
BDB12D72,
BC75E4C4,
3D9A8CF4,
BCA96220,
3D95250E,
BC8D24D4,
3C7C52A0,
BD58DED9,
BC1FE878,
BD1CA651,
3E147151,
3D251D23,
3CC85DC6,
BE225F49,
BDB08064,
BDBF0197,
BD76DC47,
BD176779,
3DBB8D13,
BDC89C7E,
BD4469EE,
BDB41CF0,
BDFAB04D,
3D94535B,
3D0C029A,
BC0CA991,
3E465CC2,
3D8DF889,
BDE260CF,
3D335F9F,
BD1454ED,
BE10691B,
BD47D1F2,
BE2B1123,
BD8019DA,
3DAE4A7C,
3DDDB85B,
3DE7E98F,
3D4339F5,
3D8E5D4E,
BDD32361,
BC91EE12,
3D957448,
BE1AC903,
BD9F2AD3,
BCF33D0E,
BD0DD53A,
BE21C553,
3DE8E9C8,
3D84D0C7,
3C95A7AF,
BD8D86EB,
BD6917DD,
BD6B9845,
BDC12BC4,
BDAD4631,
BD0CB794,
3CC9F81B,
3DC41135,
3D862AF5,
BD84B3C7,
3D843042,
3C0CC229,
3D2C7CA0,
BC96B36E,
3D038C49,
3CB16AC8,
BDB1B564,
3DB23916,
BE064DDB,
BCA7341F,
BC9F2A40,
BDA8571E,
3DAC8F55,
3E5637AD,
3D60A3D3,
3D044A31,
BD471C2F,
BB33671D,
3CFEB408,
BC8E61F3,
BD66D08C,
3D92CB1F,
3DB84DFF,
BDDE93B9,
BBB48E01,
3E581B09,
3DE7D398,
3DD76E1E,
BE0E9E45,
BCAD370A,
3DBA7CB2,
3C41030B,
BD1EC014,
3D02F27D,
BDE5198E,
BE4E445E,
BD310227,
BD3A32B5,
3CAFBA53,
BD279D9C,
3BDE49C2,
3DB9C4F8,
BD3BE1F4,
BDCBDF69,
BD064E1D,
3E01EFF6,
BE44931F,
3DE11F9F,
3E871B3E,
3C5E34E6,
3BBF8966,
BC0D35E8,
3D42AA00,
3DF76617,
3D73A936,
3D71EE90,
BE7A6A5F,
BE0E163F,
BD49D07F,
BDBC28F6,
BD010D71,
3C8B8E1F,
3E91BF44,
3D3157D2,
3E891B28,
BC6DEC53,
3E48354B,
3DB81598,
3E2DEBBA,
BC28B2CF,
BC2F3FA1,
BD696924,
BCA66194,
3CE5FB4D,
BD92BA06,
BE684779,
BDA22499,
3DEFA8D7,
3D86C653,
BC9C04A9,
BDB65DC9,
3E7B55B2,
3BE444AC,
BD188685,
3D95D7EB,
BE3488D7,
BE312416,
3D06829C,
BBF60C85,
BD181A02,
BDD2B751,
BA76B6FC,
BE28101D,
3CAFDB13,
3DF07227,
3DE49FF2,
BDEB140B,
BD12C0B4,
3E3B315A,
BE06DE3A,
BC824170,
BD026082,
BE9FEA84,
BEA10507,
BC0A5EC5,
BE4E5FD9,
3E59DCC7,
BE59DACC,
BE5B807F,
BD5511C7,
BC89F485,
3DD37D52,
3C60DE03,
3E795C8D,
3DF12B9F,
3DF7F181,
BC95826D,
BDAA2FE3,
3E9D7DF5,
BE467C70,
3D8BE044,
3E33B984,
3D76E8BE,
BD018129,
3D8C9660,
3D5AAA28,
3E8A5B01,
BE897862,
3D84922F,
3C370C3A,
3D64A404,
3D942AB0,
BC67E88F,
BD86BBC3,
BB7E3B52,
BDA64BB3,
3CF58244,
3CF2AF12,
BC78163C,
3C538EC7,
3C660C14,
3D4D0B93,
3E1C0718,
3E35F8E6,
BE0F9CC5,
3D2A15B6,
BDA49520,
3CB57096,
BD058ED5,
BD6F8D57,
3E53B208,
BD2DDD89,
BC2C162E,
3C9B6145,
BD6174C8,
BE079D43,
3C384140,
3DD0E15B,
BE4390E0,
3E075D58,
BDD6A504,
3D598FB7,
3C4E52C5,
BE2E304D,
BDB9C677,
BC819885,
BCD5B7B0,
BD812FFC,
3E0574DF,
3DA9FC5E,
3DC3BD03,
BC4400BC,
3DAD4E4B,
BE11BF72,
BE06AA2F,
BDE24C14,
3E0FA89A,
BD64C0EB,
BD9F1DAC,
3D0AEA76,
3C97B17A,
BE69CDF8,
BD9C82F1,
3D5189BD,
398C2F88,
BDC8E6AF,
3C790301,
BD892106,
3D86022C,
3E082B71,
BE5B1D2A,
BD77DBEB,
3DFB29E6,
3E260F2C,
BD91588E,
3E502E20,
3D17F8B1,
3C266617,
3C19D047,
BCF9395F,
3E382CB3,
BD3519E7,
3C5C46C3,
BE009447,
BDBA0BEF,
3CAAE38B,
3D8339A4,
BCF34739,
BE27B212,
3DEAEA30,
3BFD9822,
3C7619DF,
BE8001F5,
3E39636D,
BDADF575,
3D4AE066,
3B9075C0,
BD96F460,
BE09ACBC,
3D78E62E,
BDFE56B6,
3E4058D8,
3CAAEE60,
BDA06A0C,
BDC62ADC,
3BE3D570,
BE2C61AA,
3DA0694A,
BE188324,
BB15DDDA,
BE64C71D,
BD589427,
3E03DD29,
BD9D815B,
3CA0D873,
3DC58F2F,
BCBA7318,
3D823999,
BDDBBE97,
BE305275,
BD944955,
BD8C867A,
BE54D7A5,
BE191587,
3DA078A5,
3DD17388,
B9E843A2,
3D3D3923,
BE263356,
3C76B9D2,
BCC68073,
BE384CEA,
BDB1F4A0,
3A0AA1FC,
3C9DFBB4,
BD206400,
3A883E2F,
BDF6BCC7,
3DDD86F6,
3C75B411,
3DC7A15D,
BD315BC7,
3E329D1F,
BBA72FFE,
3DE41D28,
3DDDFB40,
BCED99B0,
BE8F5C45,
3CCBA804,
3E8490AE,
BDC8300D,
3DD3079B,
3D2C4A59,
3D5B18ED,
3DC14571,
BBEB089F,
3E910A4A,
BC25B225,
3D22F243,
BD81C9CE,
3C897F47,
BE75ADDD,
3DF36AC4,
BE74752E,
3D9045C3,
BDD43A19,
BD386982,
3D5060B3,
3E1BA4F2,
BDD3ACE5,
BD6010DE,
BDE19183,
BD9EC6B4,
BC7A80FE,
3C61AC69,
BDE17BB4,
3E1B78E9,
BD82A38C,
3D6C2A88,
3D905E0A,
BD9C72B6,
3BAE2A20,
3E47B921,
3E0CCFDB,
BD84386E,
3DCF9790,
BD77AA40,
3D89CF25,
3D1D7431,
BD4845A7,
3C55D21F,
3B3268C7,
BE28949F,
BE52CD2A,
3E176886,
3C953254,
3DB2B719,
BDC12927,
BEA518E7,
3C59388A,
3E1ECE42,
3DA22C9F,
3D937697,
BD6BE616,
BE240A95,
BD69BF06,
BD9F6199,
3C818962,
3A557AE2,
3D3063CF,
3DA4EF38,
3D1F607D,
BD7A6038,
3DB0BE71,
BCA2F56B,
BD9E5DD0,
BE1F5BD3,
BE1B133E,
BD16AD87,
BD515175,
3D60D562,
3D880A9B,
BE9B9176,
BD9D855B,
3D0614AF,
BD0963F4,
BD69E951,
BDF67FA1,
BD89897B,
BDCDF819,
BDAA6D14,
3E1A10F2,
BC2E492C,
3D165636,
3C9F9004,
3CA84DF6,
BE12AB89,
3E082E43,
BAAA02B5,
3E19F30E,
BD30B3EA,
3D347FE3,
BC845444,
3E495002,
BE0B7331,
BE4193CC,
3D9A25BB,
3D059A50,
3D28DCF8,
BCA2ED97,
BDAA5988,
BE26DDC4,
3E017808,
BE171534,
3DFC2C2C,
3D821623,
BD12DA41,
BE59DD00,
BDA50602,
BD90A57B,
3DB5E899,
3E2C4A1F,
3DB8F423,
3DF0B173,
BD43A053,
BDC776DE,
3D343D14,
3CDDDE74,
3E17E4D9,
3DE4B9C5,
BE13C28D,
3D1D42A0,
3D88C01C,
BD399B41,
3E00864C,
3E4075B1,
BCA8E56B,
3DA17FEB,
3C405486,
BE475DB6,
BE28F87B,
3CEB39C9,
3DC1A23D,
3B6191D0,
BE1555A2,
3D85CC7A,
BE0049E5,
BDA8D92D,
BD8F38EE,
3DBD743E,
3E036591,
BDA9AE89,
3D93E360,
BE823012,
BCD4E72A,
BDA2ECFE,
BE11F1EA,
BDDF900E,
3DD74C3E,
BC3DBE51,
3E6BA2BE,
BD845C26,
BDC85059,
BDF29DAD,
BD528C64,
3E9D2859,
BAB112B8,
BE38841A,
BD6418F9,
3CADAAD6,
BDCD6312,
3E3D8A7D,
3E29B677,
3E49CF83,
BE519857,
BDCEA671,
BDA7C741,
3C4D7679,
3D673934,
3D9790E0,
BE31720C,
BE413606,
3DBAEC1C,
3E7883EB,
BBA4DEEB,
3CDA5346,
BDA5A283,
BE516801,
BE69EAC9,
3DE2460E,
BD78F15A,
3AF16179,
3C5B6E63,
3B08A058,
3E4A1FA3,
3DD6EF84,
3DA425E3,
3D4E61C2,
3DB850D3,
BDC7047E,
3C71B0EE,
3CFAB375,
3D8DE0BF,
3B4125CA,
BE15ABA7,
BE38D9DD,
BE0537F6,
3E0246AB,
BC76260F,
3DB54B27,
3E63CF9F,
3D864D31,
BDC7B012,
BDA69FE7,
3E0FB27C,
3D9B7765,
BC1D598C,
3BA10D98,
BDF6D0A8,
BD56B442,
3DA4FC61,
BE1A8D34,
BD8239A9,
BD309CCF,
3D98113C,
3D442A7F,
BCCE6881,
3D8FE82D,
BCEA83F9,
3D5A4355,
3E4F29AA,
BD2DC8C9,
BE188F74,
BD18A84E,
BD755EA2,
3E931640,
3C7D3DB9,
BDAC7601,
BC7C9D3C,
3DAE7318,
3DAB59BE,
BE58722F,
3D76E428,
3B9C9314,
3E782514,
3DAA617C,
3D6496CF,
BE1EF7FA,
3E5A4C2C,
3E5068BB,
3D8D400F,
BDC65504,
3E4CCB66,
BCE1A785,
3D4607D0,
BE0DA167,
3D944648,
3DC05A8C,
BCEB4EDC,
3D0EABFD,
3DDAEEEA,
3DC1525D,
BB424897,
BDBD620A,
BD6E9DD7,
BD6126B7,
BD09CB2B,
BB480445,
3E5BBD33,
3AF94141,
3CCA345A,
BC8139E8,
BCF4CB6E,
3D9DE6F3,
3E194871,
3CC89F9F,
BCC02EDA,
3D970F90,
3E079309,
3D13CC86,
BD3D2920,
3DBF5861,
3D4FEFAE,
3E38AB4C,
3D125A70,
3CCC6150,
BD812379,
BDBB25C4,
BD94327E,
3D12921D,
3DE04914,
BD092157,
BDE7D946,
3E4E9A7B,
3D126174,
3CCC6BAB,
3D020865,
3E81D4B6,
3E77E659,
3E168926,
3E67721E,
BC3D3B1F,
BDBB4F3A,
3D16BB93,
3BDE7E46,
BC9FE59B,
BC2C6E6A,
3E0B67E6,
BDBEEE9E,
BD8AED60,
3BCDE792,
3E4C3F08,
3C422EDE,
3E025C96,
BE8E8631,
3C62113F,
3E31F981,
3DD72DE3,
3CD86490,
3E1535FB,
BE08736B,
3D69012B,
3D1B13FD,
BD303289,
BE210164,
BE4656E0,
BE41DBAB,
BD917D39,
BD2B6FC5,
3E0C04DC,
3D950E83,
3DBF4F73,
BE16B84D,
BCBF9EFB,
BDD35892,
3E19B447,
BCCC782F,
3E0685B9,
BEAEEB3B,
3E24794C,
BD2418F3,
BC9670C2,
BD9E0400,
3DE51038,
BE8A558A,
3D18E523,
3CC9AAF7,
BD976073,
3C09D3EE,
3E3282DB,
3DAB3A6B,
BBB5F520,
BD8A6F78,
3DE0EDF1,
3DC347FE,
3D474D04,
3E002054,
3DEF21EA,
3DC019D3,
3E29AEE6,
BE162103,
BE551FA4,
BBAB87B3,
3D3E1E36,
BCDA81E7,
3DD7AF7D,
BC8B3E33,
BE345BBC,
3D674127,
BD82FCF6,
3E130A7F,
BDBB978D,
3D83F70B,
BD222652,
3DC85B9C,
3D4A3421,
3E2CB612,
3E3CA3FE,
3E464593,
BBE54192,
3DA00347,
BE02D0F7,
3E6ED3F7,
3CEC362A,
3DA2ED07,
BDCD756E,
3D9CB079,
BE5955EE,
3D834322,
BD34BB79,
3D493F77,
BE107925,
BDD8629E,
3D7CC8BE,
BE9848F2,
3CB021F1,
BE146B42,
3E2C6D2F,
BD554A5B,
3E1DEE35,
BE336502,
3DA415FB,
BE8606F9,
3CE13282,
BDF65D75,
BE89D504,
3E8BE4B5,
BE231C4A,
3E630540,
3D31D576,
BE6C68DC,
BE27C219,
BE76FC26,
BD928A17,
BB907D9E,
BE4A569B,
BB987854,
BDF1AB52,
3E04EF06,
BDCBCB02,
3CD08BE5,
3D23D669,
BDBF77BA,
3E427304,
3D4EF7C3,
BE108FB6,
BE421CF1,
3E8602D2,
3DB5BF26,
3DF94A51,
BC0BBD2B,
3DB025D5,
BD2CDB8B,
3E2660CF,
3A298B68,
3CBF0CD3,
BE8BAD93,
BE7DC35E,
3D4CDFD8,
3DDDABAA,
BDD90D71,
BE5A9A45,
BE25AEFB,
BE4E7BE4,
3D8C26C8,
BE111957,
BBDB41C4,
3E131159,
BD4C7E2F,
BE820745,
3D1A6613,
3DA66AD4,
3E8EF918,
3E682717,
3EA7CF0A,
BAA06CD1,
3DABFD87,
3D69889C,
3DA8B6EA,
BD4E318F,
3E19BB5B,
3E96F61C,
BDF3896C,
BE072C6C,
3DCC4141,
BDA853CE,
3E8B3793,
3DC3C416,
BDC4D384,
3C86F171,
BD955F0D,
BE18328C,
3CFD88FF,
BE21AC20,
3D93D063,
3DDFFB24,
3D4853BC,
BDE2A66A,
3D8F9FBD,
BEDC2D31,
3E800CC6,
BDACF155,
3D49020C,
3D076BAA,
3D3BF6D7,
3C9CCCBF,
3D832FB0,
3C78D95A,
3DC2DC4A,
BE0747E0,
3DDF05A9,
3DA4153B,
3D4557CF,
BDB3FFD3,
BD4F8FF0,
BEBDAADE,
3D5F3CE0,
BE05C7E1,
BDAB8E16,
3C6FADB5,
BE3139C1,
3DFE71C5,
3C8E96FD,
3E43EF17,
3C511A4A,
BE258147,
3E155134,
BD43E4D5,
BCAE4ECC,
3E9DA274,
BBCFB5FD,
3DA72F69,
BD876C59,
BDC068BF,
BE22CC87,
3DA1A334,
3E4CF51C,
BE5C6DEF,
BC3163E4,
3E0CAA34,
BC7EB834,
BCAA51B0,
BEB451EA,
3CB98818,
3DC4EB89,
3D89528A,
BD10A008,
BE2E8333,
3EA95F2A,
BD02AE73,
BD015FD5,
3D88867E,
BE0EBDC4,
BE1A20BA,
3DB4717B,
BE4D3B18,
3E4B9789,
BD8B8983,
3E0DB157,
BE7BDDFF,
BD041E59,
3C4EC85A,
3DE2923B,
3E1FA178,
BC06C6A6,
3D812AEF,
BE0453E8,
BE090422,
3E2CE54C,
BE00C5DD,
BC971F78,
BD9AE7B5,
BCAE6637,
3D751933,
3E0EF60A,
3EBC1C55,
BDAA6F2B,
3E4C3D32,
3DE8FC3C,
3E7B9785,
3D7468D0,
3E557B1E,
3DCA2916,
BE1E32B8,
3E0C5380,
BDC70617,
3D2281C8,
382B1E45,
BDC7CFFB,
BED2E3B4,
BD8BBD90,
BB59B418,
3D5A473D,
BE0B3DE7,
3E0D1326,
3B44E234,
3E1B4110,
BE654A6F,
3DDCFD06,
3DA3E68B,
3DAA3D29,
3DCF92EE,
BDDFA558,
BE0F58E7,
BDB4ECFB,
3DD69A55,
3B3462C7,
BDC084E1,
BDAAB025,
3CA22D0E,
BE9C5156,
BE90D473,
3EBC626C,
3DEABA09,
BCC94FB1,
3DF1C91A,
3D781123,
3E6FA107,
3E34A77E,
BDA16176,
BE55DD18,
3DB5D924,
BD57A404,
3D1F40B8,
BE0F830E,
3D5ECFBA,
BC4D57F4,
3D51E339,
3E40E0E4,
BE0790CC,
3D637C1D,
3E2261AD,
BE00A6DF,
BD3E7857,
BDFACD26,
3D658A8F,
BD1B2171,
BE2E1B3E,
BA2CBC7B,
BC863F7F,
3DE99BF1,
BDA12B16,
3D5AD5A1,
3E420773,
BD30A26E,
BE24CA6D,
BE08AA99,
BD426D1D,
BDFCCBE8,
BD3847AD,
3CBEE1B8,
3DB33EE8,
BB235379,
3DAD4B6C,
BC9EEEF3,
BE3BF907,
3D420D85,
3EA8C764,
BE0356FD,
BE25826B,
3E4A515E,
BC7A714F,
BE93ED02,
3E4036A5,
3E699727,
3DF730E5,
3D6575B5,
3D167330,
3DA3B9D5,
BDA7E51A,
3C819479,
3DAF7BCC,
3D1C4993,
BE0BE724,
BDE31461,
BC94BD4D,
BDD43191,
3BD81297,
3DFC75BF,
BDD56745,
3D76C55F,
BAD17B30,
BCE3CDA2,
BDBEBC60,
3D868C76,
BE5B31C2,
3D2F42DE,
BDA4C042,
3DFDF935,
3E1F433B,
BDC0D57C,
3CA29A29,
BD0AC332,
3AA8414B,
3D90A2A0,
3CB45ED2,
3DAD4B5E,
3D4ADFF7,
BC310315,
3DB2A001,
3DB99450,
3CA970CC,
3D565E22,
BD1BACA7,
BDEE5271,
BC8C7C41,
BB7AC616,
BE0F74D9,
3CECB3EF,
3D7FFA7A,
BCB1CF3D,
BCD2AA8B,
3CEDD2F5,
3DD70C55,
BCD2CAF3,
BD3A6886,
3DBE5418,
3C9313E6,
BCA1F21E,
3D654CA0,
BD160871,
3B40EB21,
3DE4DD22,
BD5395C5,
3DE08A8A,
BD253056,
3CCF01A3,
BDDDB71B,
BE307088,
BA80A31B,
3D93C390,
BD1CE445,
3D8611AF,
BD09574C,
BDC5F0C7,
BCBE87C3,
3D198671,
BD0EFCD6,
3DFC6D96,
BC3B2755,
3CFB91B6,
3E049137,
BBE971B1,
BD7D0159,
BDD80AD3,
BD375ED6,
3DE08F13,
3DD34283,
BD897947,
3DE890FE,
3DC1330B,
BE637214,
BAF4529C,
BE32E67D,
BD063A9B,
BDDB674E,
BC6C3ED4,
3E5482B5,
3D96B56D,
BD2F7287,
BC101B73,
BD0D9DAC,
3CD00E9D,
BC96EE28,
3D858A33,
3DEE87DE,
3D2D0C0E,
BD2AE51F,
BCC5D8E6,
BD9DE7DA,
BDE9B246,
3DFFA6D5,
3C2B79F4,
3D1259AF,
BCB650CC,
3B9CBB2B,
3E016253,
BD77D5DA,
3D917909,
BDF661B9,
BD1100F6,
BD67022B,
3D076938,
3C4B0DC6,
3D5152FE,
3CE153F1,
BBEEBB8C,
BC8C9A2B,
3C9785F2,
BDCC5888,
3E0E3AA3,
3D1B71C9,
3A7DAB98,
BCAA1C84,
B8A7E7C5,
3E251602,
3DBB4911,
3B7F37B0,
BB00F698,
BCF4261F,
3CA5AC85,
3C0A6FC9,
BDD7F8E5,
BD0C5EE1,
BBFAF36E,
3B7D4D6F,
BB8D99E5,
3D1EED40,
BC3BBDF9,
BE00EB71,
BDF76376,
3D14B443,
3E3BF4C5,
BDA45C21,
3CF7EC3D,
3E4A7924,
3E045710,
3D6205B5,
BE6B5288,
BAC750AB,
BDEB1888,
3D7C5974,
39A9A65C,
3C45C23E,
BDD5CCBE,
3D0C5E76,
BD726360,
BD827873,
BDBA11A6,
3C8E2174,
3DBE9F2F,
BD11A6AA,
BB843B20,
3D061ED7,
BE33C639,
BE009486,
BD4AEB01,
BD899450,
BE02A114,
3DB3AF01,
BCF4F9F8,
BDAB087D,
BCA0466D,
BDD8B3CD,
BD890690,
3D6FD26B,
3C863A17,
3D99D64F,
3D91D50D,
3CC8B757,
BCE3E917,
BD324640,
3D6F7AA3,
3DC5B4B2,
BD9F9C0C,
BD99A4BA,
BDE2725F,
BD935E64,
BE3C5D9B,
BE2EBBE2,
BDAB64E5,
BDC50DB0,
BDDD2018,
3D98F266,
BE41A2A8,
3CDCE24E,
BBBF6782,
BC3A911C,
BE1687A6,
BD8E8C82,
BCFCB3F8,
3DBD15CA,
BDE5EEE7,
BDA77EDF,
BDEC2835,
BD367B06,
BD820D7F,
BD596A34,
BD32DAFB,
BE8EFF7F,
BC26A867,
BE236786,
3D126CCF,
BE5BC744,
BE720390,
3D0880C4,
3DFAE0EC,
3D838566,
BD4B5520,
3D950F01,
3DC1852F,
3BC59788,
3DFAA2B8,
3E01E8C6,
3DC5B1BB,
BD47AB40,
BE572BAF,
BCB1B7DD,
BE305DA1,
3E1FC04E,
3E131B5A,
3E269137,
3D9F4412,
BE302EE6,
BCB110B9,
BDAD223B,
3D857124,
BE0771CB,
3B840F39,
3E06F601,
3D872093,
BD45A9E2,
BCF4C24F,
BC72A7A2,
BE074016,
BD729B11,
3D3453EA,
BDB05BE8,
BD3A1AA5,
3D6527F4,
3E01C630,
3D9C2E23,
BDC220E9,
BC720B02,
3D14B4A6,
3C31D468,
BC2EF527,
BCF9EB37,
BDA156F5,
3D884656,
BDCFDCA5,
3DB0A5EA,
BE27419E,
BD664EF5,
3D83DF68,
BD9B2F68,
3B9E9107,
3E41363E,
3E317363,
3E0BD8E7,
3DB2B68A,
BE016C22,
BE016EEF,
3CC68249,
BD839ACF,
3D78F088,
BDE171ED,
3D4FE474,
BC760261,
BD1DDA89,
3E1F7B4B,
3D0F8E5E,
BD26CF0F,
BD0688E4,
3D977F81,
BC52918B,
BD7532C3,
BC6751E5,
BDFAF71E,
BC5CD521,
3DB63C5C,
3E1AB90B,
BDF7E79C,
3DA013CC,
BDAF6BCC,
3E27C63E,
BDBE0038,
3D9866A3,
BE3163FA,
BD0B9259,
3CCA07D3,
BE26A123,
BD5A6F26,
BC5BA3DB,
BD8CEEEB,
3BBC7F0D,
BD131B1D,
3DF942CC,
3DC7F37E,
3D3F3F01,
3C3D8FAE,
BD36456C,
BD878705,
BD57DC69,
BD2A98C0,
BD69C617,
BDE76DC5,
BCAB4499,
BDA3D1DB,
BE636586,
3D5C4666,
BDD9DEDA,
BE3C08CE,
3DB4B068,
BD3FE2A5,
BC0BB752,
BD8E0F67,
BE401E6C,
3DDD1DC9,
3DE1462F,
3D38CE17,
BD129752,
BD281243,
3DA8C436,
BDE9339D,
BCADB98D,
BDE44CF6,
BDB5CE6B,
BD93A534,
BE297DC8,
3DAF5BD9,
BDA6EEF3,
3E2D6C12,
3DCAAF97,
BD6B8581,
3DAA2231,
BD91D817,
BD0E28C4,
BC7ABA9A,
BE039345,
3D55B95B,
BDE42F8E,
BD2697E4,
BE04326F,
BCE9F29D,
3D29FB8B,
BE44775B,
BD02BDEB,
3E102BCA,
BDF78DB2,
3E0DCF61,
BE016A47,
3DF08063,
3DAAEE12,
BC4BB1E8,
BCB7C1BF,
3D64D37A,
3A8D1BE0,
3CA6EB65,
3D92DDCA,
3D2EA3B5,
BD09C86C,
BDBD244D,
BCE914D1,
BD7FDF46,
3D32058B,
3C833D8B,
3C7B1EF1,
BDB4F57E,
BDD927C3,
BD39142D,
3BA99314,
BD54E9CE,
3D086A7E,
3D024E18,
BC28E81B,
3D952CFF,
BCCC6082,
BC72F1EF,
3CFEDA23,
BE0F0447,
3D948EC0,
3E00284D,
3C190329,
3D7E248D,
3D02D289,
BE16051B,
B8A84FA9,
3E1F6F26,
BB97AC8E,
3E590729,
3D9B6248,
BC667AFE,
3DFED5EB,
BE5DB284,
BDF245BE,
BDB8F0D3,
BD7133DD,
BB9577E9,
3CCC9FDA,
BE03289B,
3DE6CED0,
BDB7B6DA,
BD82B38E,
BD58045E,
3D49DBF7,
BD5A8D68,
BBE72884,
3E279F47,
BCC304DC,
BDEA8A66,
3CBA41E4,
BDC60585,
3DAFC18A,
BC69F45A,
3AB90E99,
BDFA146E,
BDA5CFED,
BD4BA4C4,
BDD76C78,
3DAEBCE3,
BDBE9525,
3E11EECC,
BE0F0EF1,
3D8A4705,
BBCF478C,
3D090038,
3D8F5138,
BD1253A7,
3CB06770,
BDD3738B,
BDC9C21E,
BDF4C584,
BDCE3B4F,
BE09EEFE,
BC5C694B,
3BAD6892,
3D859AEA,
BD4D6579,
3D0361AC,
BE437D1A,
3D699F50,
BDD5F888,
3D283F08,
3CEAD92C,
BD00D39E,
BD663626,
3E01C2D6,
3D2A454C,
BD7C8691,
BD484906,
BDB0DAEC,
3CA03637,
BDA89CA9,
BDC68D87,
BDA300CF,
3CE3D9C7,
BE0D2793,
3E92E12F,
BE1A2B95,
3E07DBFE,
3DEABE3C,
3DF1E07E,
3C1381EC,
3BAAFA2E,
BD9E13D2,
3C574F6F,
BE2A859E,
BD2550ED,
3DC2DE5E,
3DBACA18,
3C6BBCC6,
BE157981,
3D16EE85,
BDBE7659,
BC2F0909,
3DA5C016,
BDCEEB74,
3E6A6AED,
3D952AE6,
3D928102,
3DE1A5ED,
BD2BF1A4,
BD44F6B9,
BDAB9C0F,
BD3057CA,
3D37E971,
3DBB1DF5,
BBB4201C,
BD9A85B8,
BE3D776E,
BDE5E804,
3D4B1BE8,
BC04DCC5,
BD5A544D,
BCA0B78D,
3D92D285,
BB292296,
BD809B73,
BE479A08,
BA60874C,
3D2F800D,
3D6450AA,
BD167944,
3D40383B,
3E546F80,
BDAEB605,
3E6D8704,
BD97FA43,
BD1F6B51,
BD82E349,
BD88932A,
BA3312EB,
BCE4E156,
BCABC626,
3DDBF148,
3E556487,
BC709B92,
3E5DD02F,
BD69E8AC,
BE02F3BE,
3DE7AD25,
BD831DE6,
3DB9D62C,
3D3BB8C9,
BD295DA5,
3DD2F228,
3CDFE16F,
3D046240,
3E459D50,
BD64E824,
BD9A223E,
BC08D278,
3C5573FF,
BE081457,
BB85D1BB,
3E046C4D,
3CF485F9,
BD9B6046,
BD6D55E0,
BE2B8298,
BBA730A1,
BDEA60BA,
3CB3D12B,
BBF2F89A,
3DDE42E1,
3D31852A,
BDDB0AC5,
BD591F8A,
3DCD8748,
3E2D0DDF,
3D7EFD77,
BE8FA6F8,
3DF4594D,
3C48FA01,
3C0F576F,
BD63B09E,
3D81B5A5,
37E0C8BB,
BDD7F09D,
BE099BBB,
BD140F97,
BD4BFFC8,
BAD544A8,
3D1EE652,
3D5B003E,
3CA27B72,
3DE61936,
BE08DB8E,
3D8FFD92,
3D3C8813,
3DDD80E8,
BCB66E6B,
3CAEB153,
BE2D7A7F,
3D912796,
3BAA4365,
BE2DA7D1,
3C8CACA9,
3E13BBEE,
3CF429A8,
BE2358C8,
BD0FAEF7,
BE098A27,
3DA95618,
BE4A0C92,
BE0F9642,
BE9C8074,
BC435651,
BE107176,
BDFB3852,
3D34036B,
BD90DDFC,
BD01B7CE,
BD26194B,
BE1756AF,
3DAB5A93,
BD21702D,
BD68140A,
3D2A91FE,
BDAE77AB,
3A6D5FF1,
3BA2596A,
BDA49D53,
3E0BBC2D,
3E39685C,
BC97E3CE,
BD88DCA1,
BCDFF926,
3DD4F080,
BDA46138,
BD9B91E4,
BDD5F6EF,
BD066DF5,
3D3AB7F4,
BCFDC747,
3CB48A56,
BE53C729,
BDF8A7AC,
BDAFDE22,
3D38B00B,
3D917B54,
3D22015D,
BE649950,
3D08E6FF,
BCF6B817,
BDFA769E,
BE05987A,
BCD81766,
3DF92A68,
3BC07531,
3E1DCD75,
3E33D7ED,
3D91ADF7,
3DA53F4B,
BE38E509,
BD94529D,
BDED9BBD,
3E02BCC8,
3C95E522,
BCEFC6A1,
BCAB5946,
BD7858A6,
BD5AD917,
3DD524A8,
BDB60774,
BCCF1E9B,
3C2CD376,
3D8ECED2,
3DD1B290,
BD7C3906,
BDB31E1B,
BDE70BF8,
3C7ED83C,
3E29EAEF,
3DCA83F0,
BD68B61C,
3D977FE0,
3D9088CE,
BD708013,
3D46DA09,
3D98A6DE,
3BBC4F44,
3C8E4D98,
BE1930B3,
BE009CCE,
BD8C209B,
BD36738C,
3D817DC6,
BDFEAA46,
BCE0E9A5,
3D88A6B2,
3DBBB0A5,
BC97B5CD,
BCD0318E,
BD961EA5,
BDA9059C,
3DC72185,
3DEFC734,
3E1E2291,
3B8948A3,
BD8AFF4D,
BD9B1510,
3D843FB0,
BDD48FB5,
3E052C2E,
BC6FBA87,
BD0B0ABC,
BD175FB7,
BC5251C8,
BD8BA876,
BDD1C43F,
3CEC96CA,
3C45EF01,
BC1E0781,
3D42DBAA,
BE442330,
BE0B5C5A,
BE233B78,
3DADEA87,
BBCBFE62,
BCD5FF18,
BE1E42E0,
3C5E7337,
BD37571A,
BD9358FB,
3DD0858C,
3DA9291C,
BCD10316,
3DDDCC0F,
BC07E40C,
BDE1329F,
BC9A02C4,
BDCC6830,
3D64EF54,
BD843985,
BE51799C,
3E04C6DD,
3DAEF99C,
BD217FB0,
3DB9681B,
3E4AF415,
3C7CC96E,
BCF8F0F2,
BE385E18,
3D29B36D,
3D88C427,
3D4212F2,
BE1B0B17,
3C0F646F,
BE443F34,
3DBB106F,
3CAFEE01,
3D485815,
BE03CAA3,
BD3C5EF3,
3DB2D1C1,
BD23D1E3,
BCB15D82,
3D9577D2,
BE172BE0,
3D183C63,
3D8F3CEE,
BD721BDD,
3E371313,
BE1390B6,
BE563AB1,
BDD9A675,
3DA1C6A2,
3D704E4E,
3D9E207E,
BD1BEAD1,
3D504273,
BDEB323E,
BDA6AA5D,
3DA64090,
3C668C11,
3E074B9E,
BDAF577B,
BD5B2441,
BE1084E3,
3D69F32A,
3D0A0DE9,
3DB89A62,
3E231B96,
BCD360E3,
3CD7D9C1,
3CBAD701,
BC3B7790,
BCFB39A0,
BEC7A0B4,
3D4C2A7C,
3DC968F1,
BD38D1FA,
3DF30B5A,
3D404AA5,
3D6468EF,
3D000C40,
BD7D5AAC,
3C32F361,
BD194593,
BBB681FD,
3C820E56,
3E2FCB36,
3E6730F6,
BB9FD474,
3CCBA9B7,
3E163072,
BD693B87,
3D958F9B,
3D1C1F90,
BD6083FA,
3D58836A,
BE55A7B8,
BD823008,
3D73FEDD,
BCC74848,
BE503473,
3D9AB79B,
3C15A46B,
3E517515,
BD246978,
BDE4268A,
BD56BE83,
BD47EDB0,
BE0492C2,
3D089BE7,
3E227121,
BDA2F967,
BCD7609D,
3D78DD03,
BCD4F5BD,
BDC135D9,
BEDA8748,
BDA61EC1,
BDCA547D,
BE8AB6A5,
3D96B21B,
BDFD0AF6,
BE3515DA,
3CE4749D,
BD648E10,
BB4F3D63,
3E4C83E2,
BD121F72,
3D94ACB2,
3D5B8EE7,
3E5682ED,
BD50E320,
BD81F093,
BC94F7FF,
3D5DF332,
3BA050E9,
BD4F14C1,
BBFDE96A,
3C862AAA,
BE142C3F,
BD7A09F3,
3CC3BEC3,
BDCB5E69,
BDCF3E4D,
BE64EBEF,
3DED2166,
BBC30FC7,
BD90CC29,
BE1A9102,
3E02F71B,
BC25D5F0,
BD89D47C,
3DA90E38,
3DE1E706,
BD060A00,
BDA90266,
BDC000BF,
3E27B478,
BD7C83E8,
BD522B56,
BD871BE9,
BCF3E8F8,
BE06BD6F,
3DA53612,
3D7CDF52,
BE1B4171,
BE51CDEF,
3E4AE502,
3C8D02EC,
BC8148C5,
BE0BCF75,
BCF9827B,
BC8AC757,
3E56C2C4,
BDD2D5B3,
3D61324C,
3DA6DD09,
3C1FAF99,
BC9EC811,
3E6DF19F,
3CA5DD7C,
3E57A06D,
BE384EDC,
3E75EA7D,
3E7C9771,
BE2B2AB7,
BD057446,
BD3B170F,
3C52CD1D,
BE0C9DB1,
BD20BC81,
BB6E4A9A,
3DE06179,
BD5EE440,
3D7AAA27,
3D83CBC0,
3CF57013,
3D9DF827,
BDA89001,
BDE9D476,
BD90C047,
3BFF9360,
3E3BA1D8,
BBD07369,
BE7DC3CC,
BE09E8E0,
BB8616DD,
3BA655F7,
BBF03CD7,
3C87CF80,
BE0B13AB,
BDF8B32B,
3B02EA53,
3CC36186,
3E4C5AE9,
BDE802C5,
3DF35F41,
3DB65E33,
BE2AB8F0,
BD82189A,
3DDEC60B,
3DC107EE,
3BF8951E,
BDA4BFE8,
3D971F9E,
BE1540CB,
BDC9B6DB,
BD484075,
3DDA37FF,
3D2B4F76,
BC6F0CAB,
BD062D19,
3D8C95E2,
BD8D2E1C,
3AE5F5C6,
3D9B9938,
BD370250,
BD4C6D5E,
BE03BB13,
3B4FA094,
3DBFDF0B,
3D0AF90A,
BD229D2C,
3CD9D5BD,
BC55B348,
BC7E8C7D,
BDD2143E,
BD74F8DC,
BE0AF048,
3D7F7AE2,
BE2B4993,
3CCAA3C8,
3CB66717,
BD656E28,
BD94DBB8,
BE6A1E02,
BD808A69,
3CCAACD2,
3CED28F1,
3D648FCC,
BE02BD29,
3CC1A37C,
BD4A8671,
BD73742C,
3DD9B936,
BE09D513,
BA62F45B,
3D782AAA,
3DDD00FA,
3DE32FFF,
3DB7D0B6,
BDC16202,
BA3D615C,
3DC40107,
BC91DE1B,
BDA081CE,
3D5EDCAE,
3C824278,
BDA7E257,
BDD4A4C7,
3DC3C8AA,
3A8FEA52,
3D969664,
BCB619E6,
3D942B98,
3D8D191B,
3D0F73D4,
BDB57C6A,
3C74345E,
BDEB0149,
3DB46E1A,
BDE04870,
3D1DEC35,
BD39A149,
3CF83356,
BC44DE57,
BE3BAE54,
3D3CDA6D,
BD52253E,
BBC3F89A,
BD19B95E,
BC4192A8,
3D4DAC02,
3DEC9223,
BD67D62A,
BDD56E38,
BDEA8E9D,
3CFD5AC3,
BDA114A1,
3D84900C,
3D9D2D2C,
3D2586B4,
BE04DDCD,
BCE629EC,
3D98EF75,
3E1AA9BF,
BDC7C8F3,
3D9F8C0F,
BCAD2090,
3D2A0FE6,
BCB5132E,
3CDBBC96,
BB9E0926,
3D86383E,
BD460B43,
3DA43BE5,
BB737F61,
BE0D18B1,
BDC83B97,
3DC589AD,
3D5FD95D,
3DCE83B0,
BD1973A9,
3E95D659,
BD43B709,
3E129888,
3D2E1E43,
3D9A64A6,
BC151A58,
BE30F11F,
3DB6CD1C,
3E08128E,
3D093FF7,
3E2E7167,
3E51DA63,
3CE61EF2,
BCAD0B52,
3A208ED3,
BCD6F638,
3DC5A751,
BD1B5CB1,
BE2C4219,
BE349396,
BDBD40B9,
3D8E9D1B,
BD86049A,
BD315242,
BDBA3352,
3DB15606,
3E2D4153,
3E08AC1A,
BDBEF512,
BDB30D70,
BD01560A,
3CD52249,
3DEFB8B4,
BD909FFE,
3E1CC2EF,
BE155B25,
BE57A773,
BC7455C6,
BD5FA702,
3D3E100D,
BD6728F9,
BC5CD0A5,
BD321193,
BCF39798,
BE569166,
BE5496C3,
3C267EA2,
3E34077B,
BDE4AE7F,
BD356D40,
BCF87D0E,
3D73D1ED,
BCB2EF50,
3E095B15,
3CF97476,
BC6E7A70,
BE9428B8,
3DA304E0,
3D04AFF7,
3D6F8D22,
3D2EF83B,
BD1B3BF8,
BE37E0BC,
3E12A957,
3C324AD0,
BD2633CC,
3C37FC3B,
BD5BDAF4,
3EB4C8CA,
3DAB810D,
3C90BA54,
3E81C559,
3D72AC11,
3D611B3C,
BD19D5C3,
3E761503,
BE1E6920,
BD9C9C9F,
3D268317,
BBA4AF82,
3E32F764,
BE351B28,
BCB7EDDD,
3DC60D80,
BE46F401,
BD8924F5,
BC871ADB,
3C942D45,
BCF8CC57,
3D11205E,
3B3DFA99,
BD6AB6FE,
3D3229AA,
3E10A266,
3E142DC2,
BDAF7C90,
3DC04E4D,
3D547494,
BDA88848,
BD06554B,
BDCD0E5B,
BE010067,
BB4475B9,
BB80A3D6,
3DE2B783,
B9B84BE8,
3CACA414,
BD159676,
3D29BC57,
3E7B720C,
BDD4EDD7,
3DF4DFFD,
3D16823C,
BCC03D94,
BDDEBDAD,
3BD8DA80,
BDC68400,
BC604EF7,
3CB3EB17,
BD9A2406,
3E02E9BF,
BDE50DF8,
3C0F4EAE,
3DEEEE11,
BDDA6F5D,
BE33D591,
3DCB6A82,
BCDFD0A1,
BD64202D,
BD02D444,
BD415400,
BE46DC17,
BDB0A5CA,
BD7E1AFB,
BC1AE316,
BD91D669,
BD8B53EA,
3D5B04D2,
3E6C3326,
BD426F56,
3C959452,
BE562F6D,
BD907E7C,
3B0BB4F2,
BDED964C,
BE1C3330,
3D222D50,
BE1D14E6,
BD8FC3E0,
3DC30C63,
BC4A46ED,
3DC7BBFD,
BD13ED22,
BDAC9C18,
3CC79C88,
BD417721,
3CDA8CDC,
BCF0EB6B,
3D1557FF,
3B0E5251,
BE342CC6,
BDB54EDB,
BD553334,
BE0E1CFE,
3CBEE6BB,
3D9B08EB,
3D224D1B,
BE596C2A,
3B4C1F6D,
3BFDEF8E,
3D81CA3A,
3DBC9D9C,
3D0E3CDD,
BDF26197,
3D9FC35D,
BE772D4C,
BC862710,
3DDD30FF,
3E995F13,
3DA3FD9F,
BBA782F4,
3D3DEA3D,
BDA82D46,
BE39770F,
BE4AB0F5,
3D5D7F06,
BD85803D,
BCBB8099,
3DE1B7C7,
BC69FED8,
3CB66DA0,
BC8AFA7A,
3E0AAF54,
BD7A88F5,
3D0FCAE9,
BCED394A,
BDB44887,
BCB5CCF4,
3D1473F0,
3DA77A70,
3D7B3E39,
BCE1B87F,
BDD0EBE2,
3CC61541,
BD052A44,
3D2BC2C9,
BE09961E,
BD5471DA,
3E2B1DC9,
3D4E3B30,
3C901458,
BC31471C,
BD8815F0,
3D1762F9,
BD0144BA,
BCE1D52D,
BB34643D,
BE23FF4B,
BC99B484,
BDAB1C91,
3D1AC2F4,
BC0F9709,
BDF173FD,
BE2003F6,
3D151DD8,
3E153230,
3E086B4A,
3D95550D,
3D3A4D41,
3D22B125,
3DDB7918,
BBFF8D66,
3D5EA276,
BD57880D,
3E48E2AC,
BC848A99,
BDB1F09D,
3D78074C,
3D61707F,
BCEA4E11,
3CD4B3AB,
3D3BECAB,
BCC332C1,
3D57994E,
3C3013CB,
39DFF080,
BE46DCFC,
BDCD9AF5,
BD5B58F1,
BDAD8455,
BD63AB0B,
BDD0950A,
3E1A17D9,
3D1EBE4D,
3EC067CC,
3DB99029,
3E828B1F,
BE44982F,
3CD45314,
3E9E973F,
BDE79DCC,
BD249814,
BE81479D,
3DB2790F,
BCFC1549,
3DD58F2E,
BD254786,
3C9136B9,
BDB4685D,
3ECA787B,
BB19B123,
39EC652B,
3DD4667E,
BD74EAD0,
BD0F6C74,
BEA59C55,
3DA4B1D7,
3E4271FC,
BD288A26,
BE448BD7,
BD26F940,
3E7738DC,
3D945CC2,
BA6ED2E5,
3D6D7C90,
3D86A6B4,
BB57C18D,
BDB58512,
3E98809D,
3D087CBE,
BD93B723,
BE3CE589,
BCB82E64,
3D8B91B2,
BE0C8AEA,
BDBCBD58,
BDB329D5,
3D14A463,
3D8D93F8,
3DD51E91,
3DC6C644,
3DD4044B,
3DAA9B6D,
3E263A8E,
3D857BC8,
3A9B28EE,
3D33B6AF,
3EA82C7C,
BE8DEF73,
3E99D68B,
BE4A3413,
3D8ADA5D,
BE8B1415,
3E6AC94A,
BDAE0848,
BE43F03E,
3DC7F600,
3E036F71,
BE65C31F,
BDC626A6,
BDAE4FD3,
3DEB4C83,
3D0B7082,
BE2DC438,
BC1983F1,
3E2B707B,
BDA56326,
3E2E1B89,
3E91B2D9,
3DB31672,
3DA1493A,
3E823AF1,
3D93C8B2,
BE5C599E,
3E086858,
BDAEC737,
BE21A629,
BE0F8D3F,
BDAB66A7,
BDAA48C5,
BAF74BB6,
BE5BB7A8,
3CE3220C,
3E165C77,
BEB44689,
BDE1453B,
3D72DCEE,
3E362843,
BDBA377E,
3E097A9C,
3E148FE5,
BDE46034,
3D8BC377,
BE0D556A,
BCF1006C,
3CA47D52,
BE7EC0BE,
BD0EFF7C,
3E1201F4,
BD9273ED,
3E61C9F6,
BE752358,
BCEC3541,
BC8273EA,
3D45BDAE,
BDEA9025,
BCB8ADDC,
BE2537F6,
BE8F34C7,
BD7207B2,
3C8D5AED,
3E506A22,
BDC55626,
3D49A674,
BE8536E0,
3D8CDF67,
BD8D685A,
3D9651B3,
3DD328C1,
3DBD2008,
3D3934F6,
3DD3CAAF,
3E51D1BB,
BE1D1DC4,
3E115BFC,
3CFF7C6C,
BE693F91,
3E202E7B,
BD341D55,
BCE750C8,
3E1AA836,
BE03016F,
3BADE0F3,
BE563F94,
3D9207C5,
3D757FC6,
BDA73AD9,
3C69F0B1,
3DC3F6DB,
3CD4798B,
BE746480,
3CA094BE,
BC21E7E5,
3DD047E7,
BD9D78BE,
3AA6D0D6,
3D1096DC,
3D95976E,
BBE2FA62,
BD2150A7,
BE4D892C,
BC8AEB84,
3D255F66,
3E0B3083,
BDB4B288,
3E00B067,
3E540587,
3D10919E,
BDA7BC02,
3D025AFB,
3A1E9EE9,
3D992372,
BAE3AD51,
BD9E536F,
BDDA3E2C,
BCA9AB95,
BB3809DD,
BD8A06FF,
3CD0B342,
3DA39E3F,
BD95A504,
BDE641C5,
3C8C958F,
3DED30DC,
3E0710CD,
BD38C042,
BB432458,
BBA2843C,
3C55548E,
3E3C8BDB,
3D119AA3,
3A21DDC3,
BD3B3827,
BD36FA36,
3E0E1EA3,
3DF73472,
BD8A4A91,
BD6A543D,
BD5E99C0,
BAB2421E,
3D0EB28F,
BE43579E,
3E033360,
BE1BFA68,
3C642631,
BD895752,
BCFDF031,
3D86E3A5,
BD06BFF1,
3DC97E4F,
3D902B55,
BDDCFE3D,
BD16EF72,
BE1A8E31,
3CB6CEB8,
3DF12731,
BDA01627,
BDFAAC87,
3D0A0A99,
BD1FF897,
BCAD8954,
BDEF89A2,
BC8DE907,
BE451EA3,
BD1EA699,
3D9A770F,
BBF30982,
BDBA208E,
3D61841B,
3BEA9D1A,
3C19E913,
3D5FBCF3,
3C69B084,
3D935582,
BBD8334C,
3DB2595A,
BDF4C49C,
3DD40999,
BCF2E658,
3DA77DDA,
BE168509,
BE11BE75,
3D34E1F8,
3DF2962A,
BE4114AF,
3CDCF85A,
BE259B74,
BDB91907,
3E1B025D,
BD5AD78C,
3D376BFC,
BB3CD224,
3E2AB1F9,
3D9025E9,
3D4E731A,
BDCFF85D,
3DBC7B86,
BDF5EDEA,
BE07BE47,
BE031E70,
3D92F538,
3D9EDFEF,
BDEE3C64,
3D5954D8,
3EA6C6AF,
BD8472D2,
3DE6CEF5,
BD6E37CB,
3CC7B231,
BDC0A0E6,
BD5A4285,
3E29C98F,
3E40D1D7,
3DE44B6B,
3D4F82F8,
3E072F88,
3D33F3E7,
3D0B8839,
3DAF873F,
BE75AE39,
BDBAAE6A,
BEA1BABF,
BD4B908C,
3DA774A2,
3D1DF662,
BE8FF906,
3DF63641,
BDA78418,
3E37756A,
BE1AE68C,
BDFC8F66,
BDC9529A,
3D971F0D,
3DE74AFA,
3D3631A2,
3D5B6FC6,
3E16AE27,
BD040F8B,
3DCF81AA,
BD0303D6,
3C24B155,
BEACC743,
3D9B6278,
BBDDD74A,
BE337055,
BC846F22,
3D55AFF9,
BE55F4EE,
3CAE24BE,
BDDCAD96,
BDAB830A,
3D8453E1,
3CCBA2A8,
3D885535,
BDB577AF,
3E32B27A,
3D057450,
BDBDB7E5,
BE3F9B34,
BD468D5A,
BC37F3F6,
3DAC51CF,
BCC247D4,
3D802BFB,
BD43E865,
3D981A60,
3E3F45C3,
BE91CC5F,
3D8FE1BE,
BDA67207,
BDFA8E02,
3D153961,
BE8CC4A8,
3E164C45,
3E09932A,
3D3428C0,
3E08CDB7,
3D4CF317,
BCE7E5C6,
3E2850AF,
BBDEC94D,
3DA7E2C5,
3E4AAEE1,
BE03AA41,
3D83E16D,
BD81F89A,
BE154415,
BDDF8711,
BC8661F6,
BE211592,
BEC7FE04,
BE1B7D5B,
3E3ACBB5,
BE4AD129,
3D8E5545,
3DFDF099,
BE0C2DF4,
3D479AF5,
3E07CDA1,
3D1FB87A,
3C41B4D8,
BD42FDC0,
BD7DC6D0,
3E17F731,
3E3BBD19,
BD0366F6,
3D897CA8,
3DEF78F4,
3DE83E09,
3CA47F9A,
3CA46E9C,
3E204B09,
3DC0E8C3,
3E0E911D,
BD88E261,
BE416BDC,
BD3BCDAC,
BDABB518,
3CFDB2AD,
BD669181,
BCD99281,
3D4FD3E7,
3D67CD35,
3C4BB1C3,
3DC573A1,
3C560161,
3D35C886,
3C820616,
3E04BF60,
3CE95D2D,
BD5D3AA7,
BC150739,
3E10D73D,
BC9D6581,
BCDF0473,
3C859A40,
3DDDEDB2,
BD8B3670,
3C841A66,
3D6EE013,
3E0211DB,
3D8E2957,
BD84EE72,
B81FF78D,
3D8C0EF5,
3DEC4819,
3D4CD54C,
3CE4F6D4,
BC9CDE27,
BCD1576B,
BE4B7996,
3B9F56CF,
BDC53E43,
BD26E83B,
BE012070,
3D0BB0B4,
BE530481,
BE028E19,
BE65AB85,
BE1F9C31,
BC8C9739,
BD2B940E,
BD8C8D8B,
3C6AC57A,
BD10C5BB,
BD81A1BA,
3D712FC8,
3D964630,
BCFCFC5A,
BE97ECCB,
3E096C25,
BDAFCE70,
BE911D3F,
BD02CC93,
BC760665,
BE44B949,
BD25D78E,
BDCBFFCD,
3D301768,
3E28D5AB,
BC613572,
BCB425D3,
3D8A9592,
3DAE4E53,
BD866512,
BDDE43C0,
3C248B96,
3DEFE333,
3D611CE7,
BCEAFAC5,
3D14E56F,
3CD507A5,
BC1F7A8D,
3D4857E3,
3E13EF18,
BCA3C241,
3DB101A8,
BE39104A,
3DAC38A1,
3D11C903,
3E2CD53A,
3C201279,
BD8B73F4,
3D13B16F,
3DDA3D62,
3DA0D196,
3DF3526D,
BCF3A572,
BC52863C,
3D2E9B5E,
BC28FA56,
3CF2BE70,
BC9CE546,
BD931B92,
BE37227F,
3D97D686,
BD08CC70,
BDD6404F,
3C1EDAFC,
BD9BBAD7,
3DAFFF0E,
3DD5F019,
3D8F00BD,
BDC9C57C,
3D3A393E,
3D153836,
3CD2AC2D,
BC0761F7,
3D94A9A9,
3D02F7E2,
BE280967,
3E1A8174,
3DA8E66A,
3C31C22F,
BD4CB7E6,
BC9ACF07,
3DB1D815,
3C8AA18C,
BDEB5835,
3E580365,
BC45E294,
3DE400B6,
3CAECBFA,
3E1D34AA,
BDECA6DB,
3D52613C,
3BAAD10F,
3C80928B,
3D3B51D6,
BDB487D5,
3E5FABD8,
BDBA572A,
3D2774C2,
BC893DEC,
BBADABAC,
BE2D160F,
BDEDF6F4,
BD61DE01,
BE747BAF,
3DD884DC,
3E7D430A,
3E0A08F1,
3D4D25D9,
BCB2F07A,
BD2DD3BF,
BD4E11BF,
3D99B5A0,
3D880FEE,
3E0688A7,
3E0CD5FF,
3D87CF9D,
BDA433D9,
3D50560F,
3CF97093,
BC48E892,
BE6B4ADA,
BE73D695,
3DD410BA,
3B9E76B7,
BE5A8DC6,
BD9DD424,
BE20DB5F,
3D6239BB,
BD1CC4EF,
BDA1B2CF,
BDD1FF3B,
3D9B5B5C,
BE010AB4,
3DA0D712,
3E80F87D,
BDE2208B,
3E340105,
3D4994F7,
3E314B91,
BB03CD2F,
3D8D797A,
3E1EC68C,
3E59C8B9,
BE0A0688,
3D5C06A3,
BD5C498C,
BD82C3F2,
BDA075E3,
BDE38E57,
BDE3EE86,
3D83F63C,
BDD23E50,
3C60D283,
3C55DF90,
BD88C1B5,
BD3E8824,
3C856278,
BD5EA67E,
3CFDABDF,
BD59C02B,
BDF95340,
3D07D565,
3D817A5E,
BDAE0EF7,
3DFCE065,
3D84B025,
BE092DC4,
3C7229B3,
BE6EA027,
3C79079B,
BCDC0B4A,
3D593483,
BD6BEF9D,
BE67BD20,
3E8FC6DC,
3E058F9C,
3DADEDFE,
BD545521,
3C162F0F,
3DADD6CD,
3DFE3690,
BC5C2EE1,
3E091309,
3E8A7479,
BD6FBEC6,
BE68264A,
3D8B9C18,
3C9A28BC,
3D2277E0,
3C723861,
3DEF031E,
3E2C8029,
BD48252E,
3DEFEEF5,
BDC2FAB8,
BDA83FA5,
3C3E5F2F,
BDC85343,
3E075B48,
3D4FD1E5,
3E5B50CB,
3CAD89C6,
BD82EB7E,
BDB36732,
BC956AF4,
3D2FDCDC,
3CD3487E,
BD7068A4,
3DB51446,
BCEB9DBD,
BE66B8C2,
3D6D11DD,
3DC6C41E,
3DC832CC,
3E5B8DFF,
3DC1F342,
BD2D9F7D,
BC3B8D17,
3E0EB547,
BD5F1B94,
3D0959E8,
BE18AB4B,
3D48709A,
3C5B62B2,
BD112529,
BD7ACC30,
3E2785E4,
3DFE5ED2,
3E0E2F75,
BD91595E,
3D386AB1,
BDDAE87B,
3D8DEB7E,
BC38F80E,
BD778EDF,
BD3A9857,
3DCA37E1,
3C862266,
3DA4C5B7,
BD7C71BD,
BD110C4E,
BD321B71,
BDC573A8,
BDA86581,
BE2F5DCD,
BCBBE915,
3E18854C,
3DA5A276,
3CFEE7BC,
3DB72C8D,
3E3763B5,
BD7C1D73,
BDC21DE8,
3D7C8A5B,
BC983E99,
BCFF9E9A,
3D3256F7,
BE2CDE42,
BD937BFF,
BD1C78E5,
BD8E5734,
BD2E08A5,
BC8087C8,
3D888602,
BDDE052F,
3DBD4598,
3E4F8B23,
3D08B8AA,
3E27A8E5,
3DB645AD,
BD417700,
3E37187C,
BDB38AF5,
BCDCB9D4,
BE075327,
BDD4D693,
BE5BD557,
BD4029EC,
BE2C2804,
3CF79AF6,
BDFC8335,
BD22B68D,
BD734FE3,
BD0B67B7,
BE0CC392,
3D98C09D,
BDEE71E3,
BDA1B4BB,
BC5A043B,
BB9B7D6E,
BDA50B74,
B9D19A5E,
3DC7CDB2,
3C139607,
3D8A6547,
3DCB9234,
3C1ED197,
BDB5208F,
BC8FF725,
3D98AC74,
BDFE731A,
3D0F0BD4,
BCADF92D,
BE44E199,
BE07C395,
3E114772,
BDB6CE8B,
BD2688A0,
3D1FA5FD,
BC70D513,
3D51360B,
3E118151,
3D5D0134,
BDE09100,
BD743909,
BE57CDD5,
BDF4B643,
BDEA1DD2,
3D8C7D7A,
3DC88FBE,
3CF3394B,
3CB3AD2A,
3D96F10E,
BC381D0C,
BE162CA3,
BCFEDA89,
BD61186E,
BC8E84E4,
3DA21A27,
3D955726,
3991AC67,
3DB92294,
3D050207,
BE0BA31B,
BD79BDAD,
3D7B1AC4,
BD402B81,
3CBF503A,
3DA7E98C,
BDD83598,
BDF3F8C5,
3DCA5288,
3CADF0B4,
BD4A7182,
3E4063A0,
3AEBC086,
BD545F96,
BDAF2525,
BCB4365C,
BBF0CC4C,
3C8A0BF3,
BDCEC510,
BD35FD65,
BDA681DF,
BACC3C24,
BD4EFA67,
BDE1B107,
3DDA6D70,
BC14651B,
BDE53894,
3D65787A,
3D923B43,
3E64D00D,
3CD51562,
BDF8C795,
BD7BCB9F,
3BBD4579,
BDE36174,
BE319D06,
3BB90CB0,
BC7EAF9F,
3DA3DD9E,
BCA89BF2,
3D9A2789,
BD590589,
BDD207DA,
BD89D242,
3DACAD77,
BD4549FB,
3D358443,
BDE6BBA5,
BB9BDF0E,
BDA59D4D,
BDA9586E,
3D0FCA5F,
BD224364,
3E5EE70E,
BDAAB12E,
3CEB13C8,
3C8D8200,
3B9243B3,
3D03CDF3,
3E0FC357,
3BE0FEF4,
3D9BD5BF,
3DBFE027,
3E31EA5B,
3DA24F22,
BCDA4F2C,
BD2D14E9,
3CC339C0,
BE7E2E20,
BCAD5AE5,
BCD54213,
BDCD28B0,
3D05E1FE,
BD547DC8,
BDB8CBB1,
3D547129,
BE7F393F,
3D0FF1CE,
BCC38857,
3D880D58,
BDF430E0,
3D67D922,
3C1ADC48,
BD184295,
BD43AA3B,
BDEFB781,
3E0588F5,
3D869B59,
BDD322FC,
3DF8291D,
3DAB018C,
BD2F5FB0,
BDA95A52,
BE51A848,
BD6598B7,
3CA4E785,
BDDB6F95,
BDE3514A,
3CE68A44,
BCA62184,
3CF3B8BD,
38B83028,
3E73751D,
BD368EB7,
3D511AD0,
3D03FFD9,
BDB303E6,
BDF7E217,
3DCF4A77,
BD0CCBA5,
BE14CC01,
BD54E4FF,
3DF9C941,
BAD2BB69,
3D82B6D7,
BE3A1540,
3E0C016C,
3DD84D74,
BD5A8448,
BE60C514,
BE8F8D61,
BBFFF595,
3DFB4A0A,
BE8055B4,
B8B92CC7,
3C637DBD,
BE52C137,
BDDB51FA,
BDAD9A42,
3D98AEEF,
3DACBCF3,
BE0BE853,
3E10A2A1,
3E114946,
3D47F14A,
BD86C166,
3E173E83,
BCD655C2,
3D0EDD45,
3DC092C5,
3D60EF00,
3CF69EDE,
3D007F81,
BCA0A86F,
3DFC546B,
3D0F0781,
3D6DBDA9,
BC8D947B,
BD11D90C,
BCDB6599,
3B88B15B,
BD9AE318,
3C966909,
3D56E71D,
BD42CEE5,
3E190D70,
3E17680A,
3D907332,
BD82B6D0,
BD8D6372,
BDD4F4B2,
BC751858,
3BD25F52,
3D17C66D,
BE0CDD23,
3E3C78EB,
3B806D23,
BBC9D744,
BDA21EB0,
BDC2885B,
3E094E58,
BD3E8DFB,
BE372079,
3C7AF875,
BBFBBFDB,
BD3A7D63,
BCC87E35,
3D3BF9A9,
BE06DD62,
BDE6B078,
BD3BB112,
BDBC0ED6,
BD001B16,
BE0C309B,
BDDF8AE8,
3C1F774A,
3E081761,
3E385824,
3E163273,
3C508694,
3DB5CA34,
3D7992B1,
3DFC2D65,
3E1ACA7B,
3CD4B40A,
BD6F5223,
3E0037CF,
BCF6D8AC,
BD8BA643,
BE1BA0E3,
BD484568,
3DDB2111,
BCE04F12,
BCC92C7E,
BE077257,
3A8F878C,
BD4625AA,
BD4E31A8,
BB6F3F0D,
BE07D6A5,
3C89171D,
BD3E7CF9,
3D41A5F3,
BE1DA8B3,
BE2C2C84,
3DBF539D,
BDDC1A26,
3DFC32B8,
3E0050CA,
BE4DA8B7,
3DAEFF03,
BCCDD0C6,
BEA55F6E,
BD3636DD,
BD9E5836,
3DB2FEE6,
3D4AEF16,
3DB6B1ED,
BDBA9198,
3D0C9E39,
3D2E34A1,
BDC5FC0A,
3CDAC771,
3D745E59,
3B2A6F1A,
3D72FF06,
3DBDC91F,
BDEC75AB,
BE5B8807,
BDD30720,
BC268F22,
3E46481A,
3E086709,
3DDA0B6D,
BD94A01E,
3C84FDB1,
3D3758AD,
BCE9A026,
BC2E8538,
3E13F4DA,
BBF384DD,
3D6E2795,
BD3A5FB3,
BDB2BC34,
BC054AB9,
BD3816DE,
BE4132BD,
BDDF0C4B,
BA42FD95,
3DFA6B35,
3BE6BB17,
BE087200,
3DFFE41C,
BE155A31,
3D85D997,
3DE013BA,
3DCB256B,
BD75E326,
BCBCE935,
3DA1BCAE,
BC1D4A38,
3D02C954,
3BCD46F6,
BD413637,
BE355D45,
3D360997,
3CB3A3B0,
BCA0250E,
3DFB7D92,
BC53E5ED,
BDD2B101,
BDE31B76,
3D7F1A87,
BCBF62B8,
BE34090F,
3D11D7BA,
3D488D09,
3D826611,
3D14F880,
BDF0A629,
3DBEB8AD,
3DAED3B7,
BDE8D588,
3DFCDBA2,
BA9B8BE6,
BDE0ACBF,
BD34AAF4,
BE07EC19,
BDDE6722,
3E0766FC,
3E3C6FD2,
3E23B40A,
BD7EBC1D,
BD88F021,
BDD1CA32,
3CB24752,
3CD89285,
BD97887A,
BD37C3DD,
BDDCDAA4,
BC0B0A0E,
BCD65F7E,
BD1E3A8B,
3DFB6D62,
BDF7B371,
BBF396E4,
BE0FDD03,
3D9D91DD,
3D960335,
3DE1D044,
3CDC61DD,
3C659294,
3E3260C3,
BCFBC106,
3E13E90E,
BD709B7D,
3E5F7D03,
3DB1308A,
BDCE6CDC,
BD278CAB,
3D5D3D3D,
3CC97DD8,
3E001B42,
3CD84706,
3D272E55,
3C43C269,
BDBC755A,
BE1BD9EF,
3E02156A,
3C94845D,
BDA2BA95,
3C9CEEE6,
3D725B2A,
BDBEAF11,
3E1147CB,
BD6A491A,
BCD0A903,
3E5E4B98,
BE20CF5B,
BD05CEEE,
3E0120EC,
BE5A4650,
3D89289B,
BD99D087,
3D2992C4,
3E01BAE0,
BCBAD00C,
BDA9224C,
BCE9BF64,
BE0ABD0A,
3DA35CD1,
BDCAD1C2,
3DB731B4,
3DCA9EC3,
3DD143DE,
3D7F436F,
BD269BC6,
3CE74EB0,
BBD1A751,
BD946363,
BC27CEB4,
3E16D70D,
3CF4F007,
BD1CB2E6,
BE08D9C9,
3D63A90C,
BDACB356,
3E06D0A4,
BD6D2FA7,
3BBC88D7,
3E18047E,
3E1122C7,
3DA0DB3F,
BD06BC74,
BD1C2120,
BE00C106,
3DABA198,
3D73887D,
BDF78844,
3D055D08,
BDFCC0C3,
BC93A80A,
BA74D4F2,
BDFA9DAF,
BD6C819C,
BDAFDB04,
BCB8FB9E,
BCBCF622,
3D3774C9,
BD2DC289,
BD4A81F8,
3D89F047,
BDF47480,
BDE975D5,
BD47C6B7,
3DE170A8,
3E096438,
3E3654B9,
BD913E34,
BD8BBFFC,
BD45DE96,
3D6100BB,
BE287A11,
3E1C10DB,
BD5F414F,
3D747F4E,
BD151E2A,
BD7B796F,
3DFA474B,
BE05D491,
BD3F5442,
3E0DE5B6,
3DBFCDD4,
BD05994F,
BC417421,
BCF23514,
3D1CDF39,
BD40B9BC,
BBFEE026,
3DB7FDA6,
BCC8F280,
BD644FAA,
BE04414C,
3DB64CD9,
BD297B25,
3D6AD36D,
3D9D8596,
3D6DFE84,
BB86A73F,
BD23CA12,
3D2CAB12,
BC66AD9A,
3E131786,
BE12F06F,
BD2F1837,
3DA75539,
3CD63726,
BD06993B,
BD33830D,
BD68D7D5,
BD121F50,
BD9D8767,
3D0A5366,
3D852D4F,
3CD17D76,
3D7BF337,
3DAEED06,
BE01D52B,
3CA82CFE,
3C00F23A,
BCFAC74C,
BC019578,
BDCDAC23,
BC84409A,
3CA23801,
3D89C8BA,
BC846E45,
3D98DF93,
3BE70406,
3DAC65BF,
BDE7D179,
BD3D9D1C,
BD937B4F,
3DE6EA61,
3DB4F2AE,
3D9C6F09,
3D17A514,
3C99816C,
3D197D6B,
BE638A3C,
3DB846C2,
BC7F7BC6,
3CA0F4E8,
3E12828C,
BC3B21CA,
BE138181,
BCCA1EA1,
BDF27ABC,
3E258533,
BCB8BB9A,
BCD34687,
BBDD5DB0,
BDB74195,
3CCDB5B7,
BDDB39F5,
BD5F0BED,
BD14B049,
BD51BD12,
3DAD3E67,
3B3286F4,
BE0DCF30,
BBD4F654,
BD61C621,
BDA9D440,
3D3D0BAE,
3DB32E3D,
BDBCEA82,
3D5BD674,
3CF6D4AE,
3DF4C9AC,
3D98EBD9,
BAE742F1,
3C1DA32F,
BCCF45D7,
BDC6A412,
BD03F121,
BCCB713D,
3C3E5B57,
3D18E48F,
BE2D3455,
BCA27097,
BD9A54C5,
3C7B4FF6,
BD050DAA,
BD15F190,
BCEBF8B9,
3CB3A5AB,
3D815A1C,
BDE0ED1E,
BDCD2E7E,
3DB404BE,
3BDA2DEA,
BD2B92A8,
3CB86E3D,
3D804DC9,
3E0ED5DE,
BD8E88C9,
3D831724,
3D796909,
3DE1DA46,
BDC1BC21,
3DF46F5D,
BD9B598D,
3DC39BB9,
BD95D593,
BD8D7840,
3DCCE1A8,
3E4ECE86,
BE18C701,
BD7E37AB,
BDB44472,
BDBED8EC,
3D7D264B,
BDA3CB37,
BE3242E3,
BCC7466C,
3D09A7F6,
3BAD2CA4,
3DB0939E,
BE10C3D2,
BCADD35A,
BCDC430D,
BD6AE7A9,
BDAEFC95,
3C18C607,
BDE52A9E,
BDC8C9DB,
BB02EDB7,
3D1B8A26,
3DFD5DB7,
3DB3C414,
BD050521,
BD3EBDCF,
3DA5226F,
3DAE076B,
3D63A9C1,
3D288E4C,
BDC55804,
3CC69DA9,
BD7856EA,
3E2CA2DA,
3D7E4436,
3D546AC1,
3BC63F33,
BDD71C31,
BE3464DC,
3C14F851,
BD875A9E,
BE60F374,
3E0B3114,
3C857E93,
BB44481B,
BBC377EB,
BE092B97,
3D1EBD13,
3CF3C85E,
3D9119A5,
3C1C4373,
BDD0774F,
BDBCE3CC,
BD1C4619,
3D1C71D0,
BB82154F,
BCD258FC,
3D9F9AB8,
BBE0C85A,
BC9810E0,
BDA653E2,
BDC43443,
BE02D97A,
3D7443D9,
3C4A6BC0,
BDECB8A0,
BDDF98E0,
BCC01E9C,
BD61C828,
3D904DE8,
3E2E79C4,
BD47430F,
BDA59D0A,
BD2DD8DE,
BD583130,
BD64F8C8,
3B248408,
BCA74782,
3E00C0E1,
3E018F69,
BDD6A9B2,
3D16A924,
BC87A585,
BD838A89,
BE1EE832,
3D8D7642,
3BA184D3,
3DE35A36,
BDC3DF5F,
3D9EFEDD,
3C09645B,
BA3AD17D,
3D50D668,
BE2D70FD,
BD937993,
BD10D5BB,
3D87794D,
BD739936,
3D8CC589,
BC35D337,
BE5B9122,
BD7E8692,
BBC99C0E,
B8CDA966,
3DC15876,
3C157E69,
BD36E2D2,
BD7B6311,
3D933E17,
BE5E010F,
BDF8FEDF,
BD647ABF,
3D34A1EA,
BCE9872E,
BD423812,
BD128CD2,
3E27AC9C,
3E5FC49D,
3C866B1F,
3E05D1A2,
BE8ACA48,
BE22EA5F,
3DCC18C1,
BDFE25E2,
3DE81F8D,
BD3119B1,
B9E972C5,
3DB121A8,
BDDCB9A0,
BDC777CA,
3E6F318D,
BD6D45CE,
3D8B2EA2,
3D95D396,
BD09339E,
3CAD69A2,
3E32503B,
3DC4FD4F,
BCB46879,
BD4BCCDE,
3DA9605B,
3C577818,
BD0B89B1,
3CBF3128,
3E59A906,
BD0062AF,
3E065C5F,
BE799B8C,
BDE3B15B,
BD2AB35B,
BE3B51FB,
3EA77D50,
BD237014,
3D79607F,
3BB6B71D,
BC5C16A4,
3E176301,
BD13CD09,
BE07ED06,
BD29E506,
BDCEE78B,
BD3CDB34,
3DA2870A,
BE2CD37F,
3D2EF723,
BDA31A85,
3C85E969,
3DB40ABB,
BD975035,
3CA721C2,
3E5CAE58,
BE4184ED,
BE0C57E3,
BDA95509,
BE138B95,
BE8E6527,
3DA680DD,
3DBB2580,
BD36291C,
BDAC770E,
BCBC4065,
BE099BC4,
3D9D4D74,
3D831B0B,
BD26CCDB,
3DB3CF92,
3B1F44C2,
BE06C189,
BDF56FFE,
3C361794,
BA52343C,
3DA4C5CE,
3DBA6950,
BD4A3F47,
3C4F5606,
BD421C33,
BADE2F17,
3E0DDAC6,
BE0A0BE6,
3C6EF5E1,
3D388342,
BC2514AF,
BD007268,
BE2C185C,
BD379A0F,
3D1AD8AD,
BD8E3328,
BE31F336,
3D590A15,
3E268B64,
3D84E0E7,
3D1E4109,
BC4C0223,
BCAB65D1,
BC9013F2,
BBF76BE1,
BDB0982F,
BC0002D8,
BDD68BDB,
BDA4594A,
3CA8BD5C,
3D837AAF,
BDCA081D,
BD477F18,
BD5BDAE0,
3E133323,
BD3456C9,
BDD12A39,
3DDF5A19,
3D319FA7,
BE3E3972,
BD86C8FB,
3E2F480C,
3D3F5E04,
BC471997,
BD582043,
3DFD8C4B,
BDA9CE26,
BE0381FC,
BD818DCE,
BDEFF38D,
3D85E334,
3D419B6F,
3D23516B,
3D991FAE,
BDE45547,
BCE6E2A0,
BD99807C,
BB908E00,
BC1A0BE0,
3E2E23B6,
3E55F9F8,
3E130E9F,
BC9F5B2B,
BDBF61DC,
3D0372D4,
BCA80A29,
BDA485D4,
3DBB33E4,
3DA1E52F,
3D15E950,
BD5DA12F,
3D6B3D23,
3CF84E92,
BE8F67F5,
3D27A603,
BE4F40ED,
BE1902E8,
BCF6C3EA,
39FBE86E,
BD107DBF,
3CFCEA4B,
BCB2D067,
3DC489EF,
BE2FAA31,
BE2078ED,
BD288D4C,
3C89C61F,
3D5E0D04,
3DCDA8D5,
3D94D361,
BE89DF0B,
BDB5EEAF,
3C84E055,
BD4DDE52,
BD344F3A,
BCE1F686,
3D8B93A5,
BD2D1786,
BE71F6AC,
BACD0C0F,
BE01D2B3,
BB79329B,
3BD5E7C7,
BCC4E7C4,
BDBB1A8B,
BD28BE18,
BDE52740,
BDFAF893,
3CC8B3A6,
BC6808F9,
BE3630E3,
3DD88549,
BD99B382,
BB52C71C,
3DB548EA,
BD3E4F39,
3DA9A9C0,
BE116F9F,
3DAC5514,
3DBF3EF8,
3D7BF865,
BD3B0C1C,
3D300336,
BE1926E9,
3BC7A759,
BDE5F731,
3E134323,
3CA6AFF3,
3D36470F,
3D859431,
BE4D9CA2,
3D04E160,
3DD5DC1C,
3E14B85F,
BDA35586,
3D8DD7E9,
BE00BA66,
BD5ECC0C,
3CA7094B,
BDDC8B25,
BE01C69B,
3D82B0EE,
BD22EB1C,
3E2FAFD2,
BC7772D3,
BB493342,
3DA2987E,
3D9CACDF,
3CB6928D,
BE4F624A,
BD9BA5CC,
BE0D2EE9,
BB644639,
3BD313C7,
3D243EAA,
BDA35227,
BDD64E08,
3D56756A,
3D4A94EF,
BCDBBFCE,
3D3A9962,
BD9AEDEA,
3D8D56E9,
3E1B354E,
BD8C8B33,
BE148212,
3D341570,
3E170834,
BD4A8C3E,
3E051875,
3D11E22F,
BDFFB170,
3DBC1860,
BD17954A,
3DA7641B,
BBE4FF0C,
3D5C7CB5,
BD2A3826,
BD616090,
BE40F020,
BD8A9C42,
3D8F6BA5,
BD61F9D9,
BDE1603C,
BE923198,
BC306621,
3DB2F1B3,
3BA3FA52,
3E57E58A,
BE840C66,
BE185F8D,
3C8C9524,
3C4EA685,
3E3F953E,
3D8B4197,
BD0FB0D0,
3CAF5596,
BD09EADF,
BDA7E52A,
BE160D65,
3E01ECEF,
BE1F1D8B,
BD082A6E,
3C3C6E4F,
3CA2452A,
3D3755DB,
BCC05799,
3E1DE823,
BD459819,
BD2CCB0A,
3E1C7EBD,
BC4F211B,
3E591D24,
BE1236F4,
3D824EFA,
3DA6CDCC,
3D0B46DE,
3DE6AFAA,
BC21EAA9,
BE69300F,
3E05365A,
3E174B6C,
3E1276C6,
BBFD9EB2,
BDD7E3F0,
BCFE2C1A,
3D990471,
3DEC5378,
BD70BA7B,
BDAA05A0,
BD764B3E,
3DA9F3C2,
BD74A9FA,
BE1BA125,
3DB8F845,
BE0AC02A,
3CC25EFA,
3D56CBBA,
3DF3604A,
BDAA1FD9,
BE44F96B,
BDEB3578,
BDD4E80C,
BCD91C5A,
BE2B3B1F,
3C070158,
3B68BF46,
BD00973B,
3E86206F,
BCD836FB,
BE21D8F4,
3D79319B,
BE152C4A,
BC537CD3,
BE10B03E,
3E69B43C,
3E61A90D,
3DDEE3C5,
BD55BFD5,
3DF5EEB6,
3D672AA8,
BD3BCF62,
BE1E2FEC,
3E0C6227,
BD443777,
BC603979,
BD133A22,
BCA38899,
BDBB4E5A,
BE4290F9,
BDB7D3F1,
3C62DAA3,
3DA15688,
3E2B6C7B,
BE18025A,
BE1286B9,
BDBB86AB,
BDEF24AF,
3DFB2123,
3DFB1092,
BDD1E6DC,
3DF497C9,
3E3EF2AB,
BE181F13,
BB3D74B8,
3CB42609,
3C315667,
BC876FDE,
3DC8FBB1,
3E1953AB,
3DD5A2D7,
BDD4E9EF,
BDD9561A,
3D514DEE,
BD9CFC67,
3D84F150,
BB258BBD,
BD2407A0,
BD7F1726,
3E40DBCF,
3DAAA5DD,
3CAD709D,
BDD1567C,
BD93BF8E,
BDACA749,
3D89C71E,
3DFC3B27,
3CA2C604,
3E7B6CB2,
BD098956,
3DC18F45,
BE836F70,
3DE02DD2,
BE42AF31,
BE2D7E18,
3D85FB15,
BDD11644,
BD6168BF,
3B9955D7,
BD4C37FC,
BDB7C93B,
BDD861A1,
3E111A31,
BE085B34,
3C02EFB5,
3DB9A168,
3CB7A096,
3DFDEFDF,
BE178C8D,
3EA59884,
3DCFB171,
3E3A3FA8,
3DE1913E,
3DDD9B83,
BD4002A8,
3E4DD5DE,
BDB16CF0,
3D21FB0B,
BC9A7710,
3CEB57AB,
3DA218CB,
3D55AA95,
3D8CB4FA,
BE6FFCDF,
3E0CF5A5,
BDDB9313,
BDBAF488,
3C8BFAB1,
3DABB358,
BD5603B2,
BE5F08C9,
BE304044,
BE1BBC6E,
3CA341ED,
3DB89E4F,
3D0AFA21,
3BB7D714,
3DC5DDBA,
BCD3DD03,
BD3CC24F,
3D0183C5,
3D869111,
3E1AD0D4,
3DE80632,
3D27638D,
BCF9D68B,
3E2694CE,
3D00E040,
3D17C949,
3D84A331,
BDA8A372,
BE5CF649,
BD539806,
BD2783C1,
3C106B68,
BDC09914,
BE31C47A,
3E5A3807,
BE0A5944,
BE1BF149,
3DF73A27,
BE216962,
3DE76867,
BDB24050,
3E2546F7,
3D1C26BC,
BD8FA1B1,
BD858E2F,
BDD61CF6,
BE07AD1B,
BDE8693F,
BE256BB1,
3D1E78CD,
3E132EF5,
BDD6AAA6,
BDDF5C7C,
3C9CC43A,
BCACD7FD,
BD00BAB3,
BDE2CBBD,
3DEF7646,
3D915286,
BE15B7E8,
3E0183BA,
BBC02629,
3DCBE1C2,
3D140661,
BE2DAC8A,
3D10078F,
3D57806B,
3D8390E8,
3E0C4F90,
3DC1EA45,
3E1A7F16,
3E1850EB,
3CC984C1,
BDDBDFC9,
3D788D92,
BDF063C6,
BE58BEE9,
BB74426C,
3E20CF54,
BE24076D,
BE09E0D3,
BE33686E,
3D3DA0C4,
3E6BCD8C,
3D7DF01F,
3D4F6920,
3C674723,
BD3E6181,
BCB5729E,
3D3B8A80,
BCC89FD1,
BD180AA5,
BCF68F1E,
BDC58746,
BE1E7E0A,
BD65A1DB,
3D3E7819,
3DD02F68,
3BA6F8B1,
BDA214BF,
3CEDAFE8,
3CFAB56B,
3B406814,
3CF5256E,
BD95F230,
3D471B3C,
3DD5FA01,
3E366B8B,
BE0ACB58,
3D5C7748,
BDB4CC82,
BD800978,
BBA71DC3,
3CBC9BEB,
BE7CD470,
BD6CED32,
BCC32132,
BD6D9AA9,
3D93F5C1,
BDCADCF5,
BE988BBC,
BDBF9244,
3DA96804,
BE0A3081,
3DFCB8A0,
3D39AD13,
BCE03CD3,
3AF721E0,
BD5413B0,
BD60C4E0,
3E2ABF9C,
BDE25013,
BCEBF879,
BD043D28,
BD6DB059,
BE085337,
BD716AB4,
BE1C985C,
BE0CC981,
BE18ABF5,
BD715471,
3D033D82,
BC5F0F17,
BD61363A,
BD96A53C,
3A698962,
BC4B9FF2,
BDBA1EAA,
3DC57EB2,
3DD2C9CB,
3C427CA6,
BE3C10A0,
BC470CDE,
BEB77C1B,
BD8C74AD,
BD60530C,
BD3FA03F,
BCC4C06E,
3D0135EA,
3DD6CCAC,
BDAA2901,
BD8E021B,
BEA89170,
3C8281E1,
3D31E582,
BE23CD80,
3D352461,
BD81C726,
3C6959D8,
BDD39AB0,
3D60295A,
BE1D533F,
3D9C919B,
3D9639DF,
3D40EC37,
BE705D2A,
3DF0C776,
3CB40205,
3D373687,
3E396480,
BD546121,
BE29D937,
3D544DA9,
BE1A8DEE,
3DD784A7,
BD744C01,
BD4A6D8C,
BD0F1E55,
3BD9DEAC,
BD0EB4E8,
3D2337EA,
3C7A5134,
BE8F73E5,
3E151748,
BDED0387,
BD43CE88,
3CA18B26,
BE35BBD0,
BD7A1B8F,
3D833B2D,
3D2AFA91,
3DCE0665,
BDD9B846,
BBE64FF7,
3D5C9A6D,
BD48CB73,
BE2123D3,
3D17AB68,
3D12E9FD,
BB88DDE4,
3DFE6BEA,
BD3B2AE7,
BDD8D488,
BDC9D21E,
BE07DE89,
BE14E1FE,
BDF32741,
3D1AE32C,
3DA59600,
BD80434E,
BE733A4D,
3CE4DAA8,
3E965870,
3E374D94,
3E00CC85,
3E25C248,
BEC51E70,
3D601079,
3DB337ED,
BCD69F90,
3D859E11,
BD6BD243,
3D36F6CF,
BE62F3FD,
3D68404D,
BD66850A,
3D87C03B,
3CDBCB36,
3D3C49C3,
BDEB65FD,
3DD641D8,
3E9585B5,
3D17A3C2,
3D94B9DA,
BE5318CB,
BDBEE9F5,
3E7239CB,
BD236DB8,
BD812BD0,
3D438167,
3E9ACDF5,
BC972B9B,
3E869138,
BE3FC72F,
BDA7A9C1,
BD5D44CE,
BE993C21,
3EC5D2BD,
BD8F1794,
3DEBFB1B,
BE097BC3,
BDDC774B,
BC1439C6,
BE16BDF5,
BE1D8110,
3CA3A692,
3DC15496,
BE98793E,
3E37FCC8,
BD5F0835,
BCAAD028,
3D8F62C7,
3E1AE3D2,
BD51D0E2,
BD901F0B,
BCA6E263,
BDC2776D,
BE8CCE54,
3DED7CDA,
3E17AF6A,
3DF666BF,
BE596EC5,
3DE2FD0B,
3C02834C,
BDF0A0A8,
3E8682D9,
BD85A470,
BE887509,
3DBF1728,
3D499A43,
3E6248A4,
BE117B93,
BDE5CD14,
BE118335,
3E4A7779,
BD987EF2,
BD449B43,
3D2C2721,
3C7B7ED0,
3DB82A78,
3E7B42F0,
BDE7D644,
BD3B0B89,
BE439818,
BE6B342D,
BD9C66B2,
BD3E24F3,
3D5E4941,
BDFD6200,
3DD478B3,
3D25056D,
BCD6D742,
3D3464D8,
BE7BA0D4,
3CC3C10B,
BD3D20C1,
3D9DF344,
BDBD4359,
3E12C061,
3BAD980E,
BE544FF4,
BD38F0FA,
BE0B9758,
3DAF534B,
3CEB0A40,
BEBE054C,
3CDFA126,
3BF3F127,
3D6AD759,
3CA10E49,
BE03BA16,
3D9842FF,
3E3734DF,
3DE56B3C,
3E414E1C,
BD50398E,
BE257A84,
BC7A9C97,
BDFE4150,
BCAE64D7,
BC86068C,
3D951156,
BBE54D1D,
3D086231,
BD866086,
BCCAA4DA,
BDCA0370,
BE082F62,
3D880640,
3E69011D,
BDA73705,
BDB0D7C8,
BD2045FF,
BE06C89E,
3CF1EB66,
BCF8058E,
3D7C6A07,
BE3144A5,
3E040DBF,
3D0C02CF,
3C87DA42,
3C7073B6,
3E3A23E7,
BDA74F14,
3B1DFF34,
BDAC40D1,
3D824EE0,
BD02026E,
3DD2251D,
BDEACBFA,
3D01E668,
3DD6C7E4,
3D19B1BB,
BDD5363E,
3D24B577,
BBFA4EB8,
3D86629B,
3B64C3AD,
3E4ABE82,
BE3ABC13,
BC757D26,
BE59480A,
BD672605,
BD6131D1,
BD0A03CF,
BDB2D784,
BCBF6F09,
BBE33688,
BD78FAD0,
3CC111E1,
BD2A0761,
BE1E9C50,
BE223931,
3E25FB5F,
BDE4D4DD,
BC83D1F3,
BCC67701,
BBA4C5F0,
3D2AE0D8,
BDF7BFA4,
BC813170,
BDD88480,
BD769919,
3D8D8321,
3D6944AF,
3DBE847A,
BD858011,
BD8AABA4,
BE810701,
3DC57E90,
3CFE7DBB,
BBDDE6D5,
BC30B79A,
3AFC4DAF,
BD6F83BA,
BDDB6CDD,
BD179310,
BDCCE046,
3E39F93D,
BC8D77D8,
3DC1F18C,
3E5DB113,
BDA9B79F,
3E386879,
3C6DACCE,
BDCDB401,
BA2D3DB0,
3BF45593,
BD87F8AE,
3CF9D3E5,
BD88033F,
3D8F9ECC,
BDDDCABC,
BCA0B3F5,
BDD999E6,
BDC965AC,
3D84EFBD,
3E21E313,
BDC3E9DE,
3CD4F2D9,
BE12D2E5,
BCEB5B32,
BE0678C0,
BE1FC4CF,
BC47D0F4,
BDDE96E5,
3D9869D3,
BBD4AAAA,
3D3C0EF9,
3BC524F6,
BD025D2B,
3DFDE40A,
3DA9618E,
3BA8ED21,
3DBD2BC7,
BBB983F8,
BDBBA91F,
BE0EF2AD,
BD770199,
BD86FB3D,
3D279734,
BC40B6C7,
3DD302C4,
BD5AAE34,
3D2459AB,
BD8C28DC,
3DFEFAA5,
3DFA0763,
BC627791,
BC55FFF0,
BD4143D3,
3E8123E5,
3D7E7EB0,
3DA99D43,
BE03EA63,
BD1754C0,
BCD6C4C7,
BE11CCEE,
BDBBA869,
BE4F4545,
3E34ACDA,
BB785A5A,
BDB70BFA,
3DBF856D,
BE2338CB,
3E6161CA,
3D94372F,
3C472566,
BC36BCD3,
BDE2CFE2,
BD3F1515,
BE4F473F,
3CCDE0A9,
3C0A6C52,
3E121C57,
3DA6EB01,
BC1440D4,
BC06A768,
BE80664A,
BE8DAACB,
BD6571A4,
3DB0C25D,
BDC393A5,
BC8635F0,
BE75151D,
3D9362E9,
3D5FCEAE,
3B04BE59,
3D6A0050,
BDD0B173,
BE222BA8,
BB78E6D1,
3D93B70F,
3D0B1CC3,
3E65CB7C,
BE980D72,
3C3F2291,
3D87AB3C,
BC803E6B,
3DCB223C,
BDE4742D,
BD5E2358,
3D2E7A4B,
BE227DD9,
3DFF7EC7,
BE65CD92,
BE16E87F,
BD1A1EC7,
3DFE53B6,
BC0DC94F,
BD4AA4EE,
BE2B61C9,
BAC51A8F,
3D65586C,
3CEDF213,
3D92878F,
3E4763D7,
BE84C0E4,
3D36ED6F,
3D15200B,
3D562E3A,
3DE715C3,
BB60E041,
3C9D3DBE,
3E50AEF2,
3E1012BC,
BE92526A,
BDFE600D,
BBA93217,
BDECBB3B,
3E75A5B6,
BE1DE809,
BDA78F10,
3E535012,
3DD1A3BF,
3CD3DED0,
BD156699,
BD9BAF83,
3E41D06D,
BD55CBA0,
3E8AAF5B,
3ADDFC6B,
BDF76DBC,
3E7E375D,
BE87044F,
BAEB439B,
BC92C0D8,
BCF65EFB,
3E08FF6A,
BE95C167,
BDBE25E5,
3D1E3874,
BE1A692D,
BD441BB7,
BE1DF537,
BE12741F,
BD269D72,
3D611392,
BDF1CC03,
3DBFE585,
3D4B56E1,
BE95651E,
BCDC64FB,
BDB76BB4,
3E0B7BBF,
3E293E2F,
3E14D7C6,
3DD604C9,
3DF917C4,
3E61D1E2,
BE4AF398,
3DA4F220,
3E04E1A9,
3E10EE6B,
3CD79E4B,
3D1A7E59,
BC017C61,
3C853576,
BCB85AE6,
B90E124B,
3DA603B0,
3CD030F3,
3C5E6FAE,
BD5C9FDC,
BD447841,
BD522416,
BDC89CD0,
BD0F4650,
3DDC911B,
3E20D71D,
BD1D279A,
BD3D5FA1,
BD1D9329,
3E316180,
3E19ED1C,
3D3D4A7D,
3D103CF9,
BE732DF8,
3D0B0399,
BD7C0F9F,
BE0ADCB9,
3D1A1EA9,
3D20DB97,
BC2B32F8,
3BADD18E,
3D92AE92,
3CF3877A,
3D288130,
BE458695,
3D963A9C,
3D5EBECF,
BD29604D,
BDB4DF0F,
3DB60A2D,
3D143E09,
3D8D0C88,
BDDFE4C5,
BE860022,
BD33F8A0,
BCE54D5F,
3D555E34,
BE460932,
3DF02D79,
BECA6396,
3D1A00BB,
BDDAC78A,
BDAEB5DE,
BE786145,
BD4096A1,
3D87111D,
BE0D8C74,
BD8B56AA,
BD15A745,
BD62987A,
BD023322,
BDB8B77F,
3D906CB0,
BDDA82EF,
3DFF15D9,
BD9DCA30,
BE055E9A,
3E060D55,
BDF39BFB,
BDE25550,
3DB12009,
3D1055B7,
3D8BBBCB,
BD4724FD,
BE052B73,
3E4C912F,
3DFA4712,
3E4E4AFF,
3D8F2769,
BDAC1C9C,
3E34F9FD,
BDDBD44B,
BDD761D0,
3D63094F,
3C88C7B5,
BDC3AF8A,
BDB5F624,
3E0293E5,
3D5C1F5E,
3DB3F328,
3DBE8B83,
BD830443,
3DEF97B8,
BC050F59,
3C0BC69B,
3C7093B8,
BC0BCC73,
3DF64756,
BCCDD3B9,
BD9C9871,
3DC65AC2,
BD27A8AB,
3DACC943,
BE49FC09,
3CA59F46,
BCA07504,
BD1C3EC0,
3DA5C13E,
3D86C4BB,
3B269CB5,
BD9C2794,
BD1C7972,
BE184E2F,
3D78A5B0,
3D3A7838,
3DC254AD,
3D4C2667,
3DA5908C,
BDE229D2,
3CB816BB,
3DC9D292,
3AD8F643,
3E21D162,
3DA23EF6,
3D45E80C,
BD354501,
BE13131E,
3E56AE57,
BDFF627A,
3DEE55C6,
3DDB530A,
BD6B94FC,
BDF8B7F4,
3CB8EED6,
3D2E3F9A,
3E167056,
BE0270A2,
BC06971F,
BCAF4F03,
BAE86A71,
BE47ECD8,
3CF17447,
3DC08C44,
BE471886,
3E54276B,
3DE20D00,
BD9FA9D9,
3DEC68DC,
3D456A08,
BDC13096,
BB10A8E2,
BE29C994,
BD534AE6,
BE0F18A2,
BDDF93F1,
3DA3FE52,
3DCEF9B3,
BC8860F1,
3D1F6615,
3DBA1582,
BE0C0AF4,
3CB3C39E,
3DF3BB97,
BD20D9C3,
3C519BDA,
3D15D6AD,
3D9A75F0,
BD118C0C,
3CF7B0CE,
3C726081,
BE6AE323,
BD7881DE,
B9341854,
BDB251E7,
3D49DDB5,
BE3EBDB6,
3E09E2D5,
BE28D87A,
3E09006A,
3CE49BB7,
BD694DFB,
3C276E53,
3DAE8FAF,
BE18607C,
BDA1E600,
3D8DA339,
BD23238B,
BE0AE6A5,
BDE8B2D7,
3CABDBCA,
BD9568A1,
BDE19F7F,
BE0FC5BA,
BE08F600,
BC4AE88F,
BDAE75DE,
3CB8E9B6,
BD4C5F6F,
BDF12F37,
3C662AFF,
BDDDC47D,
BD3B3C49,
BD4EB378,
3D865D1D,
3D62FC12,
BC345951,
3DEA3BB9,
3D8CA737,
BDED4D2A,
BD8920FB,
BD5335E8,
3D49CCDE,
3D956E96,
BEA75130,
3E23C703,
3E1BBCE4,
3D4ACB54,
3CAA37AB,
3DB29488,
3E039720,
3DE2C8C1,
3E330EDA,
3CC73C4F,
3D62A8C8,
3D7C14F9,
3D909E1C,
BD0CBFE5,
BDB58625,
BCCE31B3,
3DD0E2B3,
BBB20C59,
3DEAC130,
BC910E9D,
BDE909F7,
BD7A28B3,
BDD5435B,
3D9D92B9,
BD76D220,
3E18A393,
3DBF7D95,
BE58B4CD,
3E0C69C3,
3DE3F265,
BD261C14,
3DB5B4A4,
3C9D6BFD,
3D53FFE0,
BE4E2371,
3E261392,
3DD706F6,
3D8D8366,
3D57130F,
BE22B47D,
3D8F14E5,
3DFCB85B,
3E29A8B2,
BD95F79F,
3D2D5303,
BD23F1D2,
BDC41972,
3E097AC8,
3DD626AC,
BE02E097,
3E25DC80,
BCFE9194,
BDC719AB,
3E216C7A,
3BE52FA2,
BC6DF38A,
BD21B66D,
BE089EAF,
3CE6A648,
3E46BFD2,
BD740C17,
3E45E12B,
3D8E8AC9,
3DA8E8B6,
BDF2C476,
BCB346E0,
BBA146DE,
3D0B4DBD,
BDBF20B3,
BD98071F,
BD8E293A,
BD25BA4C,
3D4769D7,
3CDE2BA2,
BDB72765,
3D8BCA89,
3D377149,
3E4A3917,
3C2F3BCD,
BE0AEF0E,
BE1C11D9,
3D8CD5DD,
3C87833A,
BE1E8803,
3D260F75,
3CF6520E,
BCD55917,
3DC0C5B7,
BDD95E6F,
3E553651,
BE7E91BE,
BD89B772,
BC82FD22,
3DEF72B4,
BD0D90B8,
BDC1C53A,
3C407144,
BD28EF26,
3D9F9E0B,
BDE730A6,
3D4902A1,
BD77FB8E,
BD95CB06,
3D896B3C,
BC4E88CA,
BD57C2DA,
3C186637,
3DCD4D83,
3D12E220,
3D50A286,
3E91962C,
BDC4EA7D,
3DD14EC5,
3DCD07DA,
BD677C4C,
BDD3EB8C,
3D9D2CA9,
BE0FF2FA,
BD514081,
BD11AAA9,
3E7A542D,
BE15992B,
BCE56B86,
3DCB1C9F,
BD2ECC59,
3C1DFD72,
3E4A549D,
3D5C76FF,
BDC1102E,
3E251CB0,
BE1E799E,
3CF67CC4,
3901DAFE,
3CEE43BD,
BDC0DC8C,
BDA83422,
3D907D80,
3DD1937C,
3D27255E,
3DDBA7AC,
3D0AEADC,
3DC6458C,
3D107148,
3C09D4C7,
BDA0EE25,
3D9EFBAF,
3C4B6A94,
3E69559B,
BE09ACA8,
BD67A454,
BD30E66A,
3E2B4D8E,
3DC4D9A4,
3D5F6353,
BE36080C,
3C557D2D,
BDD9220D,
3D1E48C8,
3D979733,
BCF98715,
3D4F5CA7,
BA93BA7E,
BC6DFDA2,
3B7DDB0C,
BE0A8AE6,
BE129B3A,
3DBAA93F,
3D94DB66,
BE3D6A1A,
3DF2AC8D,
3DE003DD,
3D88120C,
BC8061C0,
BC9B2DAD,
BDA4AA2A,
3E142787,
3DCEBE86,
BD3FC4AD,
BC8A3603,
BD12F10C,
3D8F7A8C,
3D0BE015,
BD9988CC,
3DCFDCF5,
BD960425,
3DD81303,
3BD52F5F,
BD62C7D2,
BDEC9C92,
BD4CDFC1,
3C344368,
3D78A2EC,
3D1DEA97,
3D674ED3,
BE3D9DA0,
BCB1D2D8,
BE2CD407,
3DA4DC44,
BBD6DD7C,
3DE6F277,
BDC66F01,
BD7AA7A0,
BE21A6A0,
BDC9537C,
BC69A22B,
BD83C2B6,
3DB48D9E,
3D8F0E73,
BDBE00B2,
BC62C33C,
3D0714D8,
BD2A4C21,
3D0D6DC2,
BD7099D8,
BD2D9A68,
BE3F74C0,
BC68D4A7,
BC31DE94,
BDD1151C,
3DB29167,
BC1BF0AA,
3E00EC52,
BC308E9E,
3E0433B7,
3D99C2D8,
3AF37EA6,
3C4C16D0,
3D739258,
3D1E2DDE,
3C80404B,
3D627416,
BE0B6F8B,
BD8563AF,
3D8FC0E8,
3CE8D50A,
3D22C325,
BEA981CD,
3DE285D2,
3D819074,
BC73D31B,
BE0B1D1C,
BD54AAC2,
BDF0CDDE,
3DA3A282,
BD4A6533,
3DB9C3AA,
3E0C7A1A,
3CDC06CF,
BD699657,
3DD099EB,
3E10B65F,
BE2C0626,
BC90127C,
BD902A04,
BDBCBB27,
3D851909,
3DBCA81C,
BDE1DA62,
BD8DFC61,
3C2B9EA3,
BE002979,
BE0A68EA,
3DAB57B2,
3E287E6A,
BC2B43EB,
3E1B1541,
3D2FC6FA,
BDA769BE,
3DD67524,
BD794955,
BE39A062,
3D86651C,
3E186F23,
3E349611,
BC91734A,
BE1A05F8,
3D6AB333,
3D289D10,
3C59E6FB,
BE136242,
BE5CE9CF,
BCEA4FFF,
3DA8B071,
BE2622AD,
3D86411C,
3D525F5F,
BBC7B0EB,
BD30A8F7,
BE160C57,
3C5E0815,
3DE3D537,
3D8B7FC6,
3D0E5BAF,
3E63DFDD,
3BFD5569,
BE875B15,
3D93F06A,
BD6CCF60,
3E840333,
3E02D3D6,
BC584997,
BCD1CD1E,
BD42848F,
3D34B71B,
BD21C93D,
3BB631C2,
3DD6CFE5,
BCC81661,
BC3D775E,
3D2AB1BB,
3DB8E94C,
3C8250C2,
3E5A6AE5,
3DEE9061,
BD56D819,
3D6BB29C,
3D94E18A,
3AEC3229,
BE427963,
BE801C6C,
BDAB7156,
3C6BEA6D,
3DD71EBD,
BE0A9AE8,
3D980B5A,
3D22BB18,
3D91807D,
3D16027C,
BCEBDA36,
BDDAD00A,
BD0B8183,
3DBE1632,
3E360B7A,
3E15C2B7,
3D031DC1,
3CAA8919,
BE24A042,
3CE31F89,
BD86CDD5,
BDA1DEB3,
BC8EA509,
3DBE2A3B,
3D8F8073,
BDF34E49,
3D4A8C1C,
3DE5B67B,
3DCEB958,
3D8894CE,
3E4E9A6F,
3DBFDE91,
3C8F70E0,
3E37A5D2,
3E14B1E8,
3DD9ED74,
3DBEC4E4,
3DEA7B0F,
3D38BE42,
BE003F34,
BD672B04,
BCB68F99,
BDCB724A,
3E4ED432,
3D1CFFD0,
BB3FF286,
3D571ECF,
3D909A50,
BD494C28,
BDB5682B,
3DB209C2,
BDD0B11B,
BE2DDC91,
BD2B186A,
3DA9BA7F,
BD758FEC,
BD6A82B3,
BE1C1D5B,
BE045352,
3CBA9D7C,
BCF98C6D,
BDE9A7A9,
BE2881E9,
3D8A6FE8,
BCDD9E16,
BBBC427B,
BD82429A,
3D70A6E5,
BB95ECAE,
3E42E356,
3BA026AE,
3D1E281C,
BD98F4A5,
3E0F0500,
3D57AAA3,
3D320B18,
3DBDEE66,
BD52E192,
BD825AE6,
3D7EAFE3,
BC209804,
BE0D155D,
3DA6622E,
3D372C41,
3E316962,
3D718507,
BDCCBFBE,
3D30E3D6,
3D030174,
3DC91802,
BC5405DB,
3D28019E,
3E28862A,
3D68B16E,
BDA50D2F,
BD79F66A,
3CD98AA0,
3C7C87B0,
BD95AACF,
BE1925E6,
3DC90FA7,
BCE5A594,
BDC2B0EE,
BBDE5732,
3D8EA968,
3CA2CF6F,
BD6DFD8F,
3DF181DA,
3D5B7DC7,
3C87C3E0,
BD946994,
BCE6E92B,
BD42F19F,
BE18C6D4,
3DBC3C0F,
3D781866,
BDD52CF2,
BDE08593,
3D8B8A52,
3C389E95,
3DC1E835,
3D150788,
3C9C5840,
3DA6093A,
BE9C4030,
BDCE1B27,
3E082136,
BD596243,
BD8E4AFD,
BDC43E90,
BE275645,
BC82E847,
3D9B79DF,
3C45F702,
3DAD7B91,
3B7515CD,
3DB94B0A,
3D87F2AF,
BD62906D,
3D0DB484,
3DF27224,
3C7A7C2D,
BD3126A1,
3C518DFC,
3CF670E0,
3D06D312,
BDE9E34A,
BC130C23,
BDB8F346,
BDDC3FAA,
3E2571BA,
3DB4BAF8,
3E649246,
3DE10865,
BDAEAF8C,
BDE42E1A,
3C9A571E,
3AC64499,
3DCE862D,
BE0AF0F5,
BD4CD1D6,
BD5CE488,
BDAB95E0,
BE09C5BD,
3CCB0222,
3D85AC22,
BDF2F73C,
3C8B1C9B,
3DC67214,
3E00570F,
BD407DCE,
3E5C0F1F,
BDDFC61D,
BD9217B8,
3E89087C,
3E125A7B,
3D1C982D,
BD45E8FA,
3E9EFAE6,
BE267D76,
3D3537AB,
BD2340B7,
BD4B02EF,
BDD7A3F4,
3CE796BC,
BE142D2F,
3DA1C990,
BE2D6CBF,
3CD80664,
3DCC3FE0,
3D558C96,
BB8291DF,
BD4C9FED,
3D4F7F84,
BC8A4A81,
3E4D61B7,
3D73FE02,
BE07A5EC,
BD29AEB6,
3CF28EB7,
BDE1C1DA,
3DAF4565,
3E12A954,
3CAA307E,
3E4567EA,
BE04A91F,
BE38676E,
BD1E8985,
3E668B29,
BD93EEF5,
3D98099A,
3D6A8074,
38DA4624,
3DF82152,
BE875C80,
BCFBE367,
BDBF8B64,
3DDD28D1,
BD5AD632,
BE42224D,
BCDD8407,
3D6F6FDE,
BD2B979A,
3B9A6164,
BD41698C,
3E56F86E,
3E0FDFDF,
BDF43CCA,
BDDC8B0A,
3E108278,
BD7896B1,
BDC12E57,
3D758469,
3E84737E,
BCAFBF86,
BD287D13,
BE530163,
BCAA7157,
BE20ADC0,
BD0B7076,
BCE125C5,
BDAC48C3,
3DC836A3,
3D914411,
BC580386,
BDA30D86,
BD9949F4,
BCE27B3B,
3DEF6B38,
3DB37912,
3DC2D51A,
3D5A3701,
3D1876AE,
3C846BCE,
3DDEEFCF,
3CB7DD3B,
3DDFF807,
3E090036,
3D779CC2,
3CD8572D,
3CF94471,
3DC89FF6,
BD5A91B6,
3DA66C78,
BD87F48C,
BD90043E,
3CC57818,
BD183632,
BD9F4483,
3DAC0134,
BCD1171F,
3DEC3955,
3DC539C9,
3DBBCDC4,
3D037E53,
3E509138,
BE0C6286,
BD609082,
3D1795B5,
3DF7A48E,
3D7AF968,
BDFE59A0,
BD3F02DA,
3D3EC2CA,
3CB383EB,
3C366A7F,
3D40EB6F,
373D7110,
3CF36100,
BC68CB7B,
3D4AC1C1,
BDA06894,
3D9FF6C1,
3DC056E4,
BD6DAFE4,
3DCA4954,
BD311B2F,
BC9D894A,
BDCBBC63,
BD59F0E6,
3C82740C,
BE082568,
3D2D1EC6,
BDB49E94,
3D346711,
BD106A84,
3DEC36D5,
BDF16DCA,
BDD991D2,
BD3FF0A3,
3DA99AC0,
3C39188F,
BDC67433,
BE2D8225,
3CC8D639,
BDDB2481,
3DB79907,
3DF0060A,
3CC115F9,
3D9B302D,
3D26DFF1,
3BE4A141,
3DE92190,
3B848274,
3D871172,
3D610A4A,
BDE2CCF1,
BDE61826,
BDBC2DFC,
3CEAF1E6,
BBF70299,
BD97F10F,
3CE93E75,
BDBC0280,
BD4D546F,
3E1D831E,
3D4CF718,
BCCC06F9,
BDF5C30D,
BD753982,
3BE8B62F,
3D4929FA,
BD8439B0,
BD81E8D0,
3BEA283E,
BCDE4E06,
BDF80338,
BDC36CCA,
BD793337,
3D192EE2,
BD93D14C,
BD2240F0,
BD01813E,
3DBD0937,
BCE44474,
3D6BF89B,
3D386833,
BD2C729E,
3D2DF1D2,
3D3218A4,
BCF5E15B,
BC5FE7C5,
BDA4FB70,
3D8DA9E1,
3C5C63B6,
BDB429C9,
3CA45039,
3C4B4D1F,
BB869A4A,
3C67AF50,
3D0471F9,
3C05E2CA,
3C87C2DD,
BE037C50,
BDCAC56A,
BC0C40C9,
BDEBB84D,
3D6964D2,
BD0FA3DE,
39647662,
3CC53A34,
3CFA452D,
BD7C12C3,
3E19B491,
3D208ABF,
BD0FECCE,
3D08C796,
3BAA5262,
BC3F5019,
BD7166FB,
BDC9B8A1,
3E446F38,
BDCF7C1B,
3D96DEEF,
3D82FD83,
3CC0E638,
3C26941C,
BE2F03AF,
3DE072DC,
BCB51603,
BD487513,
3D821595,
BCE6074B,
3CA36F3F,
BD73D414,
BD215F95,
3DAB1A6E,
BE0710FD,
3D0C8F19,
3D95C314,
BE03BEC6,
3D75EFDA,
BD5CFA67,
3DE46892,
3DEF625A,
3D2B7D63,
3BD97CE2,
3DE9413D,
3DC0E197,
BE2981E7,
3D1C3F4F,
BD03F57D,
BD1DD88F,
BD8DE372,
3E011C93,
3D624EF8,
BD8975DB,
3D96B43F,
3D8C7158,
3DD65E3B,
BB3C0E1C,
3D5A3955,
BDB9D7C7,
BC9EB16D,
BD01F9D7,
BD830225,
BD4B8457,
3D7F0246,
BA514FE2,
BDF235FD,
BCA692D7,
3D4CA9A7,
BDB39C30,
3DBDA1D9,
3BD8CD43,
3D6DED97,
3D8CDCFE,
3D8D9BDB,
BD41C8B5,
BE163293,
BE01577C,
BD29B30B,
BDF40DE9,
3D457DB4,
3BD51F11,
BD455CEE,
3C85CED2,
3C8A96C2,
BCABFCB8,
BCD2DD29,
BDAF4B44,
BDFA33A8,
BD7DEC70,
3DF1F17D,
3DF407D0,
BE201E42,
3DE86464,
3C9728CD,
3E03BBB4,
BD796A20,
BC7A5B0E,
3DE5988B,
3D84A586,
3D5372A1,
3C338118,
BDBC0175,
BD7F1E24,
BD2BB40C,
3D85629B,
3B70C58C,
3C9EAC3A,
3DD79E80,
3CF28D43,
BD7BE96E,
3DEDA08C,
3CB144A3,
3CF13DAA,
BD6C2E87,
3AE0679F,
BD20173C,
3CB827B7,
3DA3FF29,
3CFD55DD,
3DFFA5B0,
BDAE7D1B,
3C83A81D,
BDC74192,
BD9331C0,
B855D621,
BD055FF1,
BDDACA3C,
398BDC12,
3C961B27,
3CAAAC48,
3AD1F810,
3E1839EC,
3CA78D1C,
3D81BD74,
3E380B37,
3CD4FE93,
BE62D782,
3AE46E3C,
BE0E58DF,
BC6AD18F,
3D955BB4,
3D881323,
BCE8676F,
3C994531,
BD6DA7F6,
3D8488D3,
BC34FE94,
BDA08C0E,
3CAFF1E5,
3D11C1F6,
BD12C6B7,
3DF78A0B,
3E71F9FC,
3BDEA898,
3D6F1387,
3B799F51,
3D3ED94D,
3DE23230,
BDE12325,
3E0E7B13,
BD0CFD9D,
3D0AE146,
BDA3399B,
3E068657,
BC5FBCC3,
BDA5C854,
3E36CA5E,
BD86A7B7,
BDF55AA8,
BE0649F8,
BC161D09,
3DDE3641,
BD18C096,
3D94673F,
3E01811D,
3DA3A734,
BD19D68C,
3E39C84F,
3DD87117,
3D9E0482,
3D9B9543,
BD428DE8,
BD867EF6,
3BBACE87,
3DD38AD4,
3DFF90D8,
BCA13209,
3C9726C4,
3D2BD4C9,
BD238FF4,
BCAE453B,
BCC5D71B,
BD744324,
BE399959,
3D966E15,
BD7F7E68,
BDB84972,
3C6F530C,
3E1B9B4D,
3E36C835,
3C36DBA6,
BC193A25,
BDFEFF8C,
39F38077,
3E2C65AE,
BE01A3F0,
BE320C38,
BD597B89,
3C7B8FF4,
BDEE9DBB,
3E61EB92,
BE215D4B,
3D674E09,
BDA14512,
3D6EDEFC,
3D71B8FE,
3E0C5743,
3D4F1BFC,
BD61B668,
3D84FC07,
3DF1CE2E,
BCB1AFB9,
3D8E9C78,
BE2AB20C,
391B6651,
3DE7427D,
3BB046EA,
BD4C6EC7,
BD787197,
3D4B6A24,
3E239856,
BE945A2B,
3DB73E0B,
3E05BBD2,
BD19A748,
3D254C3F,
3D73E826,
3D2C2721,
3DB793F0,
3CAC3103,
3CD81F9C,
3E4CA72F,
BD2B918D,
BDB90E63,
BCFFE940,
BE011826,
3B981172,
3D9E8FF9,
BC6F07DA,
BDCCAC54,
3D6733C7,
3DE3F96C,
BD846C40,
BDD4D1AD,
BC020D41,
3CB21B6D,
BD3906DA,
3DF282CA,
3DA04886,
3E16E0AF,
3D8A2479,
BCDB5B7D,
BCC6C430,
BD0BF382,
3C19C5E2,
3E08ECD4,
3E267D8E,
BC8484C6,
3D1F5CC6,
BD8E6D87,
3D260391,
3D4F1786,
BE2112E3,
3DFAEA94,
BDC7342A,
BD21FB26,
3D89DF32,
BBB3CF14,
3B8A3A0D,
BDB5BC64,
3BE03963,
BBA69984,
BD7A46BE,
3C9C8868,
3D9ADE15,
BE0491B2,
BDBEF2BA,
3E16C4BC,
3B8A0DB9,
3C581148,
BDB87AF9,
BD887758,
3D96F201,
3DE8537A,
BE1AF8D8,
BD90E147,
BE25D591,
3DA47A5C,
BE6F1827,
BD6DDEF3,
BDCE197F,
3E0C02C6,
3C48E254,
BDCA87E9,
BDED0729,
BE0E2778,
3DD1EA90,
BE029D9D,
3C52392F,
3E47116F,
3C9C126A,
3DB53E12,
BDF343C2,
3CBFF830,
3D68319C,
3E4EC42C,
BE4B183D,
3DA30C29,
BDD98F65,
3D9B5CF9,
BD66E0DB,
BDDD2A90,
3DE2C554,
BCF4153A,
BDCAAEE9,
3DE669D4,
3D19EF43,
BD6DB832,
3DAD1BEF,
3C4795C3,
BD973736,
BD577392,
BCBD3969,
BC2DA48D,
BD11A63D,
3D9C4D64,
BA8FC49E,
3D65FD81,
3D516E1F,
3E4E146D,
BD72AD1A,
3DA124C5,
BDB217A3,
3D63EC86,
3E952B35,
3E2BFBEC,
BE55EF9D,
3CF56017,
BE3B3144,
BD4D2FFA,
3E375E05,
BDAB4F3D,
3DEB0418,
3D217B0A,
3D63C707,
BE2F4604,
BDA64D79,
3E156467,
BE1E70DA,
3E20EFDF,
3C347DB1,
BE433A39,
BDE744D5,
BE0A1FD5,
BE22CBFE,
3B0C434B,
3E0D702D,
BC332BD8,
BDDCA198,
3E2F1C8B,
3CF28987,
BE72FA71,
BD83EBEE,
3D9BCC38,
3E183561,
3E24B963,
3D975FEB,
BDD56138,
BE033169,
BE2632B5,
BB86A723,
3D495B58,
BB069F9B,
BD654B7B,
3D608FB3,
BE1C7E6F,
B9BFADFA,
BC6021C7,
34607B00,
3CB403A9,
3E131B98,
BCA65FAD,
3E948BB1,
BE1AD9AD,
3D1B298E,
BD1E57AD,
BD793CE1,
BDD38118,
3E4419F5,
3D85A335,
3E0E9074,
3DCCFDB6,
3D72DD82,
3E8D0C4C,
BD4606F9,
BD2EED0D,
3D8651A4,
BD23C186,
BE163075,
BE1B0C77,
3E5CD667,
3A1C283E,
BE2A3BE6,
B9B3D0DA,
3DE960B6,
3DF91ABF,
BE025FA8,
3D8DD429,
3E6B6E6E,
BD188E78,
BCB52314,
BD4D3915,
3E72AC68,
3E8DB071,
3D351C94,
BDD65015,
BDC859BF,
3B8DD31A,
3CF0DD19,
3D981C0C,
BD1DE6CB,
3D9BD693,
3D4DEC9C,
3DBD6748,
BC4274BA,
BE3A1E4D,
3DA578BB,
3EB6AC7C,
BD7884B3,
BA55171A,
3DF293AB,
3E16073F,
BE2A759F,
3E35699B,
3E6B61D9,
BDB9FCCE,
BE8A388F,
3CFA2FD7,
3D9A643A,
3D9CAC9D,
BD9AF3AE,
3BD77AB9,
BDD6401A,
3DD9F8D7,
BB116455,
BE29006B,
BE1069F9,
3DE2671E,
3D3EDBC9,
3E7512EE,
3E420721,
3D719568,
3EC01648,
BC91AA69,
3DA46FC5,
3EA2F3BC,
3BE95D01,
3E873863,
3E703A45,
BD5F17A0,
BCEE2270,
BDD9FD4E,
3CDA7231,
3CCC653D,
3B9A1DE1,
3C86A946,
BD4AF17D,
3D8BA76A,
3CD1A5DC,
BDF57378,
BD294A87,
BCB768BF,
BC26D385,
3D438DE0,
BC5D160F,
BD49E057,
3DE70D3A,
3C47353B,
BD122F11,
BD07EBD1,
BE7279BB,
3E2E5569,
3D319033,
BB7E6BF1,
3E21083F,
BC981EAD,
BD5DB753,
3D0A912D,
3E862C39,
BE0FAA1D,
3DBC831B,
3E168E21,
BD835BC0,
BD8F0AED,
BDCDD2E8,
BC783761,
BD7EB338,
3DBC6A56,
BE06336B,
3D77B350,
BE46B08D,
3D12609B,
3D632429,
3DB2E982,
3E06FC84,
3E3604BE,
BD9E27C9,
BE2A3608,
3D39E9AF,
3D862F98,
BE4ABFF6,
3D24C835,
3E3CA281,
3E06970A,
3CAA430F,
BD65D47E,
3DF3565A,
3DFC6923,
BD982C54,
BD48DFDB,
BD595280,
BE513C0B,
BB4CA85A,
BD2C2206,
BAE40CBB,
3C5D3E25,
3DF8E222,
BC68BB02,
3CC09200,
BC02572C,
3CD7CFE0,
3D3AC735,
BD8B7523,
3DABF078,
3E76C849,
3EC62153,
BE29150F,
3DECB407,
3D3C5C68,
BDF35793,
3D5B3C02,
BE1E306C,
BE2198E1,
BE2D0498,
BE4ED924,
BDA849A4,
3DE08635,
BE6AC423,
3E2D7531,
BC40D595,
3CF50326,
BDD15E29,
3DD7658B,
3E639D37,
BDE8A358,
BE8ED23A,
3D7B54FD,
BCC73F39,
3E028BFA,
BB298BCC,
3E24B71D,
3D60B048,
3C937F24,
BE635E9C,
3DCA4173,
3DC62480,
3C8795A1,
3E0E877C,
3BF6B865,
3D848A2E,
3D17E9E0,
BE0363F4,
3CC99352,
3E94C907,
3D35E886,
BE60F442,
3DAB5F86,
BE98C633,
3DE6D0E6,
3D6FBFB3,
BD9C546A,
BD494E2B,
BC13A22B,
3BC1FDC9,
BE08716E,
BE34FC40,
BCBB1EE9,
BE174793,
3E01573F,
3D8CB39F,
BC83F06E,
3DE83270,
3E302957,
BDD915EC,
BD6436EF,
BC466B1E,
3DDE0A91,
3D3CCE87,
3D870BBD,
3C84EA40,
BE014817,
3D1128B0,
3D962BFF,
3D3F0466,
BDA8636C,
BCF41968,
BCB26AC1,
3C247BC2,
3E26CDB4,
3DC36293,
BDCB8A6A,
BD5FB666,
BC00074C,
BD214E16,
BD8F95F4,
BD9BD547,
BDAF1E9C,
3DF9919C,
3E1F293D,
BE4B7E5A,
BE200C9A,
3BD33C7E,
3DDF985A,
BE05C0A5,
3D343BEB,
3E099A16,
3D4E7D60,
BC725C91,
3D81B960,
BC77928B,
BC30AD25,
3D8A4B61,
BE6D678B,
3D8082F9,
3E081485,
3D8DC9B7,
3E52B1CF,
3CE6B697,
3D83E7B4,
3D1006D5,
3DAE5B34,
3DECBE9C,
3DF42A7F,
3A6C5904,
3DAF1BB6,
3B6ADE55,
BDFEA4F6,
3C494986,
BDD5D19B,
3DDA739D,
BD68F3FE,
3B2B7AC8,
3DCA8613,
3D02DAEA,
3DEA943E,
BDC7618E,
BDF213BD,
BC131DB8,
BD1E22F1,
BDD064B6,
3D85AA12,
3E27913E,
BDD3FADC,
3C34A9D0,
BE36AC5A,
BD8E710C,
3CFE8088,
3DA17496,
3DB9F983,
3DE47576,
BDD6A58A,
BDACF09C,
BE7AC0A3,
3D39DCF7,
BE6876A5,
3D186BCA,
3D6909A3,
BD53B6A0,
BDCE9678,
BDD379F8,
BC89FBE7,
BDB7CE0B,
3DA8A423,
3E1964AF,
3D697BD7,
3D6E0499,
BE836CE4,
BE54D8D6,
3DE2AC39,
BC2FB241,
BE8B6F5E,
3DE0A2AE,
BE9278BA,
3A9DE843,
39E11937,
BBB79D1E,
3E12B4C2,
3BDE30B5,
3D15CD5F,
3E1A0785,
3CD29B64,
BE4ECDA6,
BD43F0C1,
BE63256B,
BDB2BC9A,
3DDFAE65,
3CF8D540,
BDE12F32,
BDC7A5CB,
3D80B212,
BE8A6CE2,
3E4B6547,
BE2D240D,
3E9804D7,
BE8E9062,
BDC46894,
BCFBB099,
BD526521,
3EA944EF,
3D2C329C,
BE527042,
3E1D3457,
BD75352E,
3E069F1C,
3BB450CD,
BDCABED0,
BE2B4623,
3DCFB981,
3D112769,
3D3E1616,
BE4F09ED,
BD206898,
3D99C2FE,
3DFE586C,
BE08E645,
BCEC8B7A,
BE76377C,
BE2B2F64,
3C23D511,
BD764128,
3E5E3EBB,
BDD505DE,
BDA5BDC7,
3E120CFC,
BE1B7BA8,
BE666577,
BD0EE616,
3D423B1A,
3D35F7D3,
3DECBFF5,
3E0B4BC7,
BCF15191,
3DA7B4BA,
3BD5B126,
3CEC1EE7,
BDB2F315,
3E20B5CE,
BC8F8777,
BD2794A4,
3D786110,
BE7DE3A3,
3E0DD311,
BE163351,
3C904CE2,
3E09F7FE,
3DDF5A2B,
BDC7D408,
3DDEFE97,
3D6337BF,
3E64985E,
3E513AEF,
BD696C22,
BDFEE60D,
BD330194,
BDC1A5E1,
BE0718BD,
BB1DF8B4,
BE1A208E,
3D84A254,
3E600F60,
3DDD8A37,
BDB9EE25,
3D961FBA,
3D7EBD2B,
BD97A1A5,
BE079F3B,
BD895279,
BE79A01D,
3CE4BFFA,
3E17F82B,
3D506823,
3EB7C0B5,
BDCD56BD,
3D99C37F,
BD9FFDF3,
BE1A3415,
3E33F061,
3D3E2347,
BDA608E3,
3E2ABA0D,
BDBB33D9,
BAF1F500,
3E218B7B,
3C416D7B,
BDB53CFA,
BD63385E,
BE4540E8,
BDEA6959,
BE3139ED,
BD845C17,
3D9D985B,
BEA65600,
BDE55978,
BC44DFCC,
3C3EC4A3,
BCF92483,
BCBF7107,
3C827E75,
BABD7182,
BD1E56E2,
BBFD4C04,
BE49823F,
3D7AA5D5,
BD7DCC03,
3DFDE3F9,
3D14F8CF,
BC8121A0,
3D87D1DD,
BD5F7CE3,
BC67085D,
BDE777B3,
BE72C431,
BD1323B1,
3E1EF6D8,
BDF4B920,
BDA071A5,
BE157D01,
BE0FB4AF,
BC9447C7,
3C878420,
BC37A082,
BD56F0EC,
3E35D2AF,
3DCAA501,
BDFCDCC3,
BDA5A090,
BD9DB832,
BE4C8E73,
BD68C008,
3E171463,
3E216FB8,
3E9D7AD8,
3DC1A364,
BE45C7DF,
3EA6BCD0,
3E0BC5A3,
3D7ED1C5,
BD869F83,
3E460DED,
BDEDFE37,
3DA46985,
BD6EE08C,
BD00E616,
BE72DB83,
BD18C03F,
3C22E302,
BD7D7799,
BDEB36E1,
3E005AB7,
BE6E5E29,
BD27ADD2,
3E3CA268,
BE458505,
BD9024BE,
BE1653E9,
BDED2988,
3DD6D1E3,
BD1328F4,
3E508E61,
BCF3C40E,
BD87D7B5,
3E409562,
BE0E6796,
BDE229CF,
BE113623,
BCF89714,
BDC92F23,
BBD3B7E2,
3CDC2515,
3E340A99,
BDE035B5,
BD0F3F1A,
3DF3371A,
BD9FF503,
BD837F06,
3E6E903F,
3E3B0AA5,
3E92F674,
3E032CC7,
BC11995C,
BE4BAF22,
3C6132BF,
BE40B2DD,
BE180614,
BDC662EA,
3DA95320,
BDFEFA3C,
3D378763,
BC6CE531,
3D7B4B47,
3DAC5083,
BDDABC97,
BD60F702,
3DDD37F0,
BE254F70,
BD81395F,
BD887AD1,
BC1D68B6,
3DCA58D3,
3E518306,
3D276AE3,
3D567D2C,
BD8EB003,
3E062006,
BDDFCFBA,
BE2B3FAA,
BD6D9AAD,
BD86E1FD,
BE37E965,
BD5A8B36,
BDD94142,
BE125D4C,
BB0A91A7,
BD9CA47B,
BDA3D6F7,
3E4BB7AC,
3E747109,
3E38BFF4,
3DA7F64D,
BCDE6D18,
BDA64981,
3BA3368D,
BCFAB756,
3E1BDBF3,
3D950BA1,
BCAF56D9,
3DE5AEC2,
BE10F255,
3E8F5CB2,
BCBE3902,
BC04D089,
3D0B6D3A,
3E489B3A,
3D5C24D9,
3E8299BD,
BE3B0880,
BCC15346,
3E10D77A,
BD9715BB,
3C9EDB66,
3CBFCAFB,
BC404F26,
3DC8345D,
BE049EF0,
BD0E3150,
BD8FF127,
3D841F98,
BD7FF80A,
3D52D817,
3D958094,
3C71DF02,
BCF7F789,
BD505821,
BDD47B3B,
3E44DC30,
BD818DE8,
3DA7E6FC,
3D29E4DB,
3DA18197,
3D8388A8,
BDED7B86,
BE4C4907,
3D9D0654,
3E92549A,
BD4C9192,
3DF519D8,
BDCB04A3,
BCE71C3B,
BD4E1066,
BCA4A9E2,
BD710EEC,
3C9F8243,
3D8FDE04,
3DA8EE68,
BD7D4910,
BD6B8B07,
3C2722D4,
BBE939B3,
BB7A12C0,
BD287E6A,
BD93AAEC,
3D5041C0,
BD23E84A,
BE35C217,
3E0F32CC,
BCB68068,
3E01FBAF,
BEBC9741,
3C8B4DC5,
3E0DE20A,
3C605B32,
BD1C9916,
BD699C13,
3CD3BCAC,
BE01F7AB,
3DAF09D7,
BE2CFB62,
BC1BAF10,
BE1E41FA,
3E1E4627,
3D0C2768,
3BCB32ED,
3CC6201D,
3C600C75,
3E38619F,
3E3626A1,
3E0FD62A,
BD95411B,
BDC51749,
BE59CF6A,
BEA91A1F,
3D3A4B87,
BDA5A1BB,
3C970D71,
3CD92FFA,
3CF82853,
3DBA3502,
BE324775,
3D11C82C,
BDA85020,
3D6114B8,
3CE2E895,
BDB6F556,
BD0555CF,
3D3BE35D,
3DF1D92E,
3E02539D,
3E1B648E,
BDAF6149,
BD350725,
3D9F9EF0,
BD034622,
3D9144E5,
3E7C4412,
BE2A9E92,
BE0FA629,
BDC7FAC3,
3D7F86E5,
BCF90A99,
BD009228,
3E0E2FA5,
BD96E8C5,
BE0E0976,
3DA660B8,
3D4BC1A7,
BEA1D8CE,
BD32542E,
3DC84699,
3D9B2EDF,
3C3DF9AE,
BEE40096,
3CFF4C12,
3DD42730,
B9425427,
3DD49FD7,
3DC70846,
BEAF0145,
BDC2187B,
BC8B518A,
3E61B0C7,
BCFF6DE3,
BE38204F,
3DF3E0C5,
3A869325,
3E004AFE,
BEB522F7,
BDB75119,
BE193C32,
BDE4A23A,
3E39AC86,
3E31829D,
BE425B85,
BE063ED0,
3E01702C,
BEB4DF56,
BE259CF5,
BE330C13,
3E5A5A99,
BE124790,
3E3AD884,
BE44ED48,
BD840647,
3EDE43B1,
BD30D8A4,
BCEE1909,
3CAB6A31,
BC3F4475,
BB27E697,
BDD6508B,
BD8F0622,
3DC39D74,
3E086D25,
BC85D1E1,
BE19DAD1,
BE552541,
BE0C73B1,
BE0AE6A9,
BDD7CFDD,
BE0C2F96,
3B9025B0,
BECD5276,
BE497E7D,
3CEC8D3E,
BE0579C8,
3E9BBE4C,
3D2C6296,
3D5F0FB9,
3E863153,
3DA0C0E8,
BE75BA9B,
3D97F348,
3DB74899,
3E1B9807,
3E6C4D12,
3E135058,
BD0FE5A3,
BDA153E6,
3D090C94,
3E10F3D6,
BD93FC55,
3D17295E,
3D7CFD57,
BE101D47,
3D1BE192,
BECE9F89,
3E11C95A,
3BA51BFA,
3C8C8E81,
3DE11DF9,
BCA7F319,
3DEB1555,
BD0FA248,
BDB0CCB4,
3E0B6A4B,
3E7E3C08,
BBF01D83,
BE7C2A6A,
BE5DF983,
BE4F163D,
BE2A1BA9,
BD547293,
BDADBD7D,
BDBC8FBD,
3DF38862,
3E19B41C,
BE55A6F3,
3DEE59B9,
BE8EE3D7,
3CA207D3,
3D5F0522,
BD8DD820,
BE60A58E,
37F50AC6,
3C5C4F95,
3A6AFA61,
3E68A808,
BD2941BD,
BC92096F,
BD9767B6,
BB97BE6C,
BD2C139A,
3E260D39,
BC734AB1,
3E232624,
BD2289E0,
3CDB37E9,
3B8506E4,
BDA8A730,
BD41524D,
BDFDF691,
BD8748B0,
3E02A6C5,
3D868725,
BDA415F9,
BDD26843,
BD626F52,
3BBC312F,
BC5BF1FA,
BE3F672A,
3DAD444C,
BD29BC02,
3D8E8782,
BD93856D,
BD3E3335,
3CAFFBDA,
3D67153D,
3D553C4F,
BBFAE06A,
3E5E1BFF,
3DA0C07D,
BDEEDB69,
3E52B95A,
BDE31D01,
BD86553B,
BC66F6E9,
3B80A394,
BC491094,
3DD82E5D,
BE325F09,
BE574CBF,
BDC41C94,
BE88D25A,
3DC6F60C,
3D86657A,
3DEBDA51,
3E154EBE,
BCED3470,
3E3CCD31,
3DE7B362,
3CFF7DEC,
3E845324,
BE16A5A6,
3AA1188B,
3DB74313,
3C0E96E2,
3E09F9C0,
BE5E33F9,
BE47EAA7,
3E2B7480,
3CA780C6,
BDD24381,
BB63AB9C,
BBF0141B,
BE853EE5,
BD363701,
BDEB7973,
BC9F6FB8,
BE5CBEAA,
BC21D6F8,
3DA2F008,
3E036B92,
BDAAA8CA,
3EA2BE61,
BDF039A9,
3CA7B912,
3E9B17F1,
3D0FF191,
BD82F12D,
BA79410E,
BD6846B7,
BC91453E,
3E054ABD,
3D1C605C,
3D192147,
3DA7EBC3,
BDF1E7B5,
BA2B63E7,
BDACF2C8,
3E06C2B7,
3DAB0D52,
BD82095D,
BD9E4E31,
BE109A8F,
3C861D7E,
BDE670C9,
3D10767E,
BDB1456E,
3E0F164E,
3E39B8BD,
BBA0D21C,
3E26E1AF,
BD916EFF,
BD871139,
BCA8C339,
3DFDF7ED,
3DA3C8C2,
BE8C3320,
3D35948C,
BD61D2A0,
BE54B2E8,
3D36FA86,
BE16A2CC,
3D97EAA5,
3DA386DB,
BE00B054,
3E0B77BA,
3D40C2F2,
BE1A94E9,
BDC31EF4,
BC983C21,
BD85A8C1,
BD422B25,
BD3BD1F3,
BE0B8D01,
BBBE1ACF,
BDDD1BCE,
3D0E697D,
3DB7BC75,
BC42D56D,
3E1506D0,
3D0E7AEB,
3DCD8E19,
3DC6BD7B,
3E03F04F,
BD4CFD63,
3D8246DE,
3E06CAE1,
BDAFB94F,
3C6C02F2,
3D6DCA9A,
BE31DBD6,
3C083CFB,
BDBE367C,
3D6CAC37,
BCE5FDC6,
BDDF22C8,
BCE29759,
BDA946E4,
BDAC7E18,
BE13D298,
BBAF4E7E,
3D20B796,
BD0B7BE2,
3DB745D9,
3D97391C,
3DB9654F,
BE28C71C,
BD39C840,
3CFF56E7,
BBA2C9E7,
3D9F2B61,
BE24D2CD,
BE20E4B1,
3DA2DF09,
BC9CC5EF,
BC1315FA,
BD00D997,
3DBF3691,
3E0EDA5C,
3E5266A3,
BDF8E30B,
3CCD5808,
3DFC3B74,
BCD5D879,
3DE785CC,
3E0534BE,
3D6C3309,
3D51C77B,
BB7F1280,
BDC07C9C,
BE59C0EB,
BE21495E,
BD93B916,
3E0A90E0,
3DF3A987,
3E640181,
BE09379A,
BC7BAFD1,
3C80598F,
BDEE4F9A,
BCB98406,
BD06D7A0,
BDD23FDF,
3DEB61F9,
3D54D65C,
BE01E714,
3CA1217A,
BE4044A8,
3D8F0716,
BDBDECA4,
BCA4F039,
3D0BE023,
3D4958F8,
BE0B0B40,
3CC73348,
BE42F0E2,
BD522765,
BD89EA36,
3DF9241B,
BDC1E537,
BD842A33,
3D2B89C6,
BDA33161,
BD4DE42A,
BDA50547,
BE0926C0,
BDDFC971,
BC424D62,
3D3DB965,
3E06C98D,
3E9564D9,
3D950801,
BC890018,
BDD36A49,
3DBBC9D2,
3E21F951,
BE4C1BAF,
3DE4A4A1,
3D01C282,
3B91984C,
BE3D745A,
BDD80F1C,
3E904CD8,
3E309884,
3E5F7495,
3D0BDECC,
BCDEE6DD,
BD053349,
3D1B9D9B,
3D900DA8,
BC1DD97D,
3E81430C,
BD951BD6,
3E134C64,
3D0EBE0D,
3C4CC34A,
BCD9C3E4,
3D55A508,
3A952B50,
3C5D6723,
BDFDC8A2,
BC63676A,
BD966D37,
3D567183,
BD672AF0,
BDFAE75C,
BE83FC0E,
3DE78C11,
BE919954,
BE4E3244,
BE482FDE,
3DC5568D,
BCA77D56,
BDB6C1EE,
3DB01E8F,
BD0B2954,
BDA8A41E,
BD0443CB,
BDF40ED1,
3D493535,
3C1A3721,
3D7C98E5,
3DA4CA14,
3DEA5B9A,
3E183034,
BD8CD00D,
BD1CF964,
3B031B9A,
3DF14EC6,
3CF27C74,
3CA96890,
3D48216E,
BC5BC8D2,
3CCCA948,
BE3B3ADF,
3D917632,
BB4B73C8,
BE93A7B7,
3C0B6A81,
3EB2DE75,
3D68F0C7,
BDCA4AC3,
3E322FD4,
BE89EF5C,
3DAA4183,
3E38B0D1,
BD687BA0,
BCB18AB7,
BE0F4094,
3DA9CFFB,
BDB0C9B4,
3CDD63C4,
BE091552,
BE4231AE,
3C2CE02D,
BC46C182,
BCF5CD2F,
3E287D69,
3E2867C1,
BEC39B56,
BD8808CD,
3BF9B89A,
3CB13691,
3D3B4CC8,
BE53D49C,
BBE7C695,
BDFE7056,
3DB1AAA6,
3E32CCDC,
3DE337BF,
BE7A086C,
3D95E0B6,
BDCB0575,
BE2AAC43,
3E283569,
BE0540DC,
3A5450D4,
BC7C99AA,
3E07767C,
3C09FE17,
BD387084,
BEB12ADC,
BD9002A0,
3E693A5F,
3E06AC91,
BD565F2D,
BEA2AF27,
BC8D8E17,
3B466634,
BD4389F2,
BDFB5041,
3DEE9F21,
3DA58870,
BC7F7B60,
BCF2A0DE,
BD1E4C6A,
BDE851EB,
3DA890DF,
BD8CDF77,
3E3C7980,
3D48B9FC,
3D1E8679,
3D7A48AA,
3DB49CED,
BD90D7A3,
BE444721,
3D328821,
BDD483A6,
3E4586F9,
BD8437B0,
BDF68BFA,
BD94016B,
BE884C15,
3D8CF5EE,
3D6036BB,
3D7032B3,
BDB61836,
BC4FC96B,
BE2C6342,
3CE584DE,
3E36A565,
3CE7F528,
BDA4319A,
3E49B984,
BDD0ABAE,
3D7A3373,
BD6C4B22,
3DBE4DDD,
BCF77501,
3D1E4638,
BDF6F54F,
BDBED5E0,
3C7C80F4,
3D32A62C,
BE05647F,
3C9FBF9F,
BC0522B0,
BD9B098E,
BDECADDD,
BC46FE12,
BD484C1F,
BD8B9D04,
3E501307,
BD6B34D7,
BD113EAB,
BCA25973,
3E48266D,
BD50752A,
BCBFF3CE,
3DE31B60,
3CCD8FE7,
3D5C7826,
BE36CAED,
BD046E14,
3D99CDA4,
3D12D833,
BDED379B,
BD932CF9,
3E158942,
3DA2AF99,
BDD9E3CE,
BDB4FCF0,
3E552EA5,
3C7B2E90,
3CC73CDA,
3D7C06DC,
3E062F93,
3CE5BEE9,
BD4A8C74,
BDC02BF4,
BD8DC8D2,
BD279D09,
3DE906CD,
BDE26838,
BE217DDD,
3CF297E3,
BD0AB74B,
BD528520,
3E655199,
3DE64A9D,
BDF9698E,
BCF85574,
BDCC0799,
3D91976B,
3EA86B59,
3E3CE4ED,
BD507DAF,
3E3BD27E,
BD757B3A,
BD510B96,
BD52E1A3,
BE1ADFC3,
3D58E1AB,
3C98463A,
BD8121B8,
BE3E2343,
BC62AF02,
BDC0FD77,
BD400447,
BDD258E9,
3E0EA229,
3D7286D7,
BE63ED3A,
BE02D159,
3E0644B9,
BDAB4606,
3E38E063,
BC884F39,
3DCE0570,
BD358444,
BB3EA600,
BDCAAEA8,
BD3CE3B2,
BD637644,
BDDD96ED,
BC4C7186,
BDBA0E5D,
BD88B69E,
3D5B7E00,
3E08FA0E,
BE081302,
BB2CA298,
BC452B8D,
BDDADDF1,
BD94C927,
3CD777D0,
3E46FEDB,
3E4DCEB7,
3B8AFB02,
BDB4E154,
3ED99A45,
3DAF3774,
BCC400CD,
3E17A322,
3DD74A12,
BE06131F,
BD016389,
BCCD30E4,
BCB3B7F5,
BC4B6F41,
3E541F58,
3DBFF88B,
BD0CD773,
BDB5C1A9,
3C3B0D4B,
3DF68530,
BDEABCF5,
3E63DD13,
3E162A74,
3DFE7A5D,
3CF36B4E,
BD77345B,
BE11A293,
3E3BE171,
3D2793C9,
3DFC8E62,
3DBEF665,
3EAA0FD5,
3DEC4622,
BDEDE16C,
BD83CCAB,
BE10AE2A,
3E89442D,
3C989462,
3E1577C3,
BD6C03EA,
3C11EFE1,
3E349C0E,
BBCD1BB2,
BE201B65,
3E467FE1,
BE3C876E,
3E365E61,
3DBFD329,
3DDF1536,
BE618DCB,
3D967513,
BE297FEA,
3CB9BE2E,
BD26A975,
3E619F3C,
3EA3B4A8,
BDFCF227,
BD3C9820,
3ED2D1A5,
BD4C86C6,
3D6B7D81,
BD0F1A2C,
BD8EA69F,
BD8C1BFB,
BD5ED4B1,
BE7F9C3C,
BE0ED9B4,
BE598C23,
3E409389,
3E72A232,
BDA8F7E6,
3A8B0A2A,
3EB92F8D,
BE8E4C84,
3EB3DADA,
3DFCA3A3,
3D1DE154,
BD43325A,
BD37B092,
BDC722DC,
BE7E9EFF,
BDB5B9C5,
BDA800E2,
BD9555F2,
3D9CEC71,
BE4F8847,
BE60A720,
3E532D64,
3DF6E167,
BD4AAAB9,
BDBBF3AC,
BE6320D8,
3DBB0563,
3D2BCB76,
BD95A00F,
3E4C64A8,
BD9BAB32,
3D48687C,
BDA581B5,
BDFA1569,
3DDD9C24,
3DEE296C,
BD9385A6,
3DEFAAFD,
3CF237CD,
3E99FCCC,
BD31C1B0,
BD9E0892,
BDAF2966,
3CDA0CD7,
BB218392,
3DD4869C,
B9B3B876,
3E5006A8,
BE317760,
BCA35CC5,
3DF1CBB4,
3D81B3C4,
3D904CE8,
3E7BD6E7,
BCBC22FB,
BE2520A3,
BD87DAB5,
BDA847BE,
3D203A23,
BDF74C30,
3D884C07,
BDAEFF63,
3D62AF6F,
3CF5F684,
3E4AD7F0,
BD84D66D,
3A9B114A,
3E2A0922,
3CA97001,
3DF544F7,
BD8368D0,
BCE1918D,
BE2AAE75,
BCC88156,
3D8128E5,
3E47E741,
3E4FD457,
BDB7C90B,
BC15673C,
3D233BDC,
BD3FC338,
3DB2581A,
3D413C88,
BCD70328,
BE6F6D9B,
3CFDA33F,
BBED20A8,
3BB9EDCA,
3DA0B749,
3D77A71F,
3D0C35A8,
3DC775A1,
3E35E0E7,
BDD055E9,
BDD577B4,
3E31F746,
3CDBD703,
BDC7AC53,
BC560C78,
3DB866FC,
BD3662A5,
BD9E43C8,
BD499ED4,
3D771EC8,
BE6068ED,
3D6BC380,
BE15C92C,
BCFBCC31,
3D590FFB,
3D4D4304,
BE8783CD,
3E14E8A0,
BDC989F9,
3DD6170B,
3D74BCAD,
3D527A4B,
3E1C6AC1,
3D2CCAD3,
BDF5C3ED,
BD4C2406,
BDDA9E25,
BD51CD20,
BE1C27CC,
BA85B5DE,
3AFC589B,
BD9DCE68,
BD10C24A,
3E67A44B,
BD003A0B,
BE17F021,
BD5DC7DF,
3E2CB2E8,
BCE63448,
BE2BF2CF,
3D02D9DB,
3DD2CDD6,
BE634323,
3DA0BD71,
3E99807A,
3E805799,
BC8B9B38,
3E95CAEC,
BA1E4CEE,
3B119A57,
BC59B1A0,
BDFAC61D,
3E2A01DB,
BC9856C7,
BE468367,
BDD50225,
BDF524E8,
BDA34EF2,
BD5A4444,
3E9558B8,
BCB0395A,
3D89DF4D,
BE864662,
BE3A74AB,
3D1AF8DD,
3DD46562,
3DF388A4,
3D064E39,
BD594795,
3E3B8E26,
3DD8AF09,
BE64D6A7,
3E5E45EA,
3CB059E5,
3E36F0C7,
BD338C60,
3D9DB09A,
39261A54,
BC76B7EF,
BD990213,
BE245B7E,
3D86B0D8,
BE994CFA,
3E7B1D1E,
BE3A9001,
BDF287A6,
3B3EF0AC,
3E0403A9,
BD36B725,
3D44C5D6,
BCE0CCE8,
3BAEC4F2,
BDA71C6F,
BC4203FA,
3D922DCF,
BD881A1B,
3D1A8EED,
3CFC8BED,
BD490D1F,
3CF1FD12,
3D8AAEE9,
3D04618C,
3DBC3130,
3D523E0E,
BDD2C849,
BCF78A89,
BDCC87EF,
BD905200,
3D94AB0B,
3CD2A786,
3DF22C11,
3CD70E58,
BDD4B787,
BC3D8CEB,
3DBCFA23,
3E453E46,
BC8D86D6,
3D808621,
3D2257A9,
3DAAD012,
3DE8FBBD,
3C5A3EE9,
3C75B03C,
3C0DFDCD,
3CAFB325,
3D8DE609,
BD56C245,
3DF322D2,
3D9A763B,
BBAB5720,
BDB34E74,
3D2AFDE4,
3D1A6F57,
3D876503,
3CCC1820,
3D20DDFD,
BD26F994,
3BE55020,
BCE4B28F,
3CADAC95,
BDC89591,
BD5DAE95,
3D907A52,
3D90FA28,
BD80E996,
3D9226CD,
3D727222,
BDC1161F,
3D3F3687,
3D71F568,
3E190FF3,
3DBBD95C,
BE032331,
3E2C03C6,
3E1E4F91,
BD258189,
3CC356BE,
3D653C66,
3AFB6C53,
BDDD457E,
BC787C83,
3D3A1C8B,
3D8CDEF4,
3BEF590A,
3D32BB75,
3D63491E,
BBF28EC1,
BD6F2427,
3DE9B0C5,
BD502E09,
BD2EDC07,
BDAF52BA,
3D0FA300,
BE078A71,
3DE51CB5,
BB5EAB07,
BB2D9980,
3D58C010,
3CF35561,
3DE50948,
3D9181B0,
BE5BC706,
3CF8E47B,
BD0C4BF7,
3D957879,
3D64D1F0,
3D503C2A,
3E15DD48,
BD437EC3,
BE0FFFCB,
BCA65BFC,
3D180CA1,
BD0C72D3,
3DAD7131,
BDA27AFB,
BD964BE1,
3DED0F6C,
BDDBF6AD,
3DDF8B99,
BE09FB2D,
3DB56C90,
3E41FE94,
3D8F7634,
3D2CD386,
3BAE7245,
BD819CAD,
3DC17649,
BD1E3B3C,
3E0881B7,
BCAC5562,
BD89528B,
3DC601AD,
3D5E28CC,
3C3921F3,
3DF17512,
BD014289,
3D58D344,
BD0E8D30,
BD9A9AE4,
BD15446F,
3CC3FBC7,
3D677FFB,
3C1D942F,
3CDDD6B4,
3C33D8EB,
3CCFFEF6,
3D575CF8,
3DD0B4C8,
BE2AB3D0,
3D8DCD7C,
BDBA8539,
3E161DFE,
BE359B90,
3D485EB9,
BD09610A,
BCE16143,
BD094C69,
3DA112FA,
3DAF10E8,
3AF2EA4A,
BD6368F7,
3DFC4F6C,
BD01A5E1,
3D780FD4,
BE00E1E6,
BD4BEF04,
BD7A1695,
39878CE4,
3B0CB300,
3D0B75AF,
BDD6B700,
3D07CA10,
BD12FC36,
BD631D03,
3BFB8017,
BDAC9517,
3D7486FD,
3DEDE523,
BDC04C9C,
3E1E6119,
3C823CAE,
3D56241E,
3D22038E,
BD183527,
3E0359C7,
3E065497,
3DB95D0D,
BE0FE47B,
BD806991,
BDDC422D,
3DF2B7A8,
3D251E84,
3E083561,
3D001B98,
3D9F3330,
BAE61855,
BD5D3DB2,
3E1872A2,
BBC8516A,
3E34D578,
3A965076,
BD90C8B9,
BCAA9B33,
BD30D679,
3D943BF0,
3DE30DB1,
BD47C02B,
BDE97637,
BDE58AB2,
3C694A03,
3D0466CA,
3BE8A1EE,
BDCDCFC8,
BD3435B6,
BE139B1E,
BDE81E90,
3DA39BC2,
BE0266AA,
3D80A2D7,
3CA85D84,
3D88C2EB,
BCE3F758,
BCAC345C,
BBC31EAE,
3D2541DB,
3D920356,
3A94B625,
3DAD7E64,
BD396C9D,
BE00CA99,
BDE24B63,
BD22E3B9,
BB8DD00D,
BE3DD988,
3E1D3870,
3DBE00B8,
3C285B00,
3D129C99,
3CF0D580,
3D05D106,
3D89AB13,
BD573B5B,
3D78F88A,
BBDE137E,
3DEAF0E3,
BD180CC5,
3D741A91,
BCDBDF0F,
3CBD1B43,
3E52B666,
3D6476AA,
BDDAB7D0,
3DC7B08D,
3DC8D248,
BD1272A5,
BDCEEEF7,
3E11B7EF,
BD3BE37C,
3CDFB28A,
3E17D87C,
3C6413AF,
3C914671,
3DFF8839,
3D95BF53,
BD892BEE,
3C344946,
BDD8E3AA,
BCE20DBB,
3D0695A0,
BDDA9B82,
3CC65C6F,
3E102249,
BE04FCE9,
3DBF138B,
BCED979B,
3D93109F,
3DA9441B,
3D6255FF,
3DBB9759,
3C87B576,
BDC6BE9C,
3BB731E7,
3CD46848,
3CD9BADF,
3C9D123C,
BC430D34,
BDE9AC49,
3DFCBB78,
3D71C429,
BDA19744,
BDDF081A,
3DA99140,
BCCEB5BA,
BBA54F02,
3D8B248F,
3D1C0700,
BC9C77F6,
3D2D98F5,
BD1B2A09,
BE0601A4,
BD88548F,
BE115124,
BD4A52B5,
3E0719AC,
BDBA78E5,
3D378A90,
BDD1D191,
3AE7DCE6,
3D881A66,
BD8F98E6,
3D2DA7DD,
3DA96D19,
3DA01498,
3C48E7D6,
BB7009EA,
3D96BC26,
BD0F8973,
3BDB5263,
BBF2E922,
3D951DFE,
3D9CDE04,
3D6B3018,
BD16FC38,
BD877E2F,
3DAAB004,
3D222F93,
BDB50D0D,
BC28D18C,
BCCB2839,
3DFC5FB3,
3D54467E,
BD2CF59C,
BD3016EB,
BE1A1D20,
BD6419CA,
3C62C93E,
3DE9C68F,
BDA1A245,
BD2CCA6E,
3DBA5127,
BDE4DE48,
BC8E87AB,
BDCDA6F6,
3E23BBC9,
3D1E5B93,
3C5FCF04,
3DBE7856,
3DA98798,
BE155A6C,
BCF76154,
BBF93980,
3D5813AC,
BBA10101,
BD1EC656,
3DB782FE,
3DB5F7A1,
3D2CF7C3,
BDFE8D6F,
3B7C09B1,
3E137F26,
3E0DE344,
3D9DCDBF,
3DC4E9E0,
3DF21DD5,
BCEE2C00,
BE049B85,
BCE42084,
3D2EDACA,
BC820005,
3E01E084,
3C161A79,
BD715C6E,
BD2645E8,
3CFE3F1B,
BD28A72A,
BC8B1984,
BD3D892B,
3E1678D8,
BDE755DE,
3C9A0041,
3E18572E,
BDEE2605,
BDA2891E,
BCBA835F,
BD5B11DD,
3D214AA4,
BE3596A1,
BDABEBFD,
BB629DEC,
3DD5554D,
3DAE6F0D,
BE30867F,
3D9EA1B8,
3D3ACDE2,
3D8F403B,
3BA6FAFA,
3CD55A55,
3D99F5D0,
BDE730ED,
3D38FC0C,
BD7E6994,
BDB81A07,
3D47E347,
3DAEEDE1,
3C13DF1F,
BE63188D,
3DC56193,
3D74FAAB,
BD75629F,
BDC6F130,
3CCB8404,
BD90926F,
3DAD8589,
3C2C79F4,
3D7ED229,
3E388157,
3BFEC5F4,
3E31C5E9,
BDB0EA02,
BC1CD256,
3DB0EDB7,
BD91AFAC,
3DC68938,
3D831CF2,
3D5D83F2,
BCE31BC3,
3D89A9C6,
BC929DB0,
BDE0B8E8,
3DCFB5DC,
BD79D9B2,
3DD2AC63,
BD8A5AED,
BDA6A123,
3D3D23D0,
3D321046,
BDB2339A,
BC00F910,
3DCA8D89,
3D3FEBCD,
BC960DE8,
BD932391,
3DDCE677,
BDFF4401,
3E1326B3,
BE02B939,
BDF6D06B,
3D5C21CA,
3D0C6259,
BDA67581,
BC9FB53D,
3E2ABEAA,
3CF67A4C,
BCD6F44C,
3C2AFC17,
BC739634,
3DBFEFE4,
3D43D38B,
3CB8D922,
3DA92A38,
BD12C822,
3E1421A4,
3C5A4B62,
3DAB0C35,
BD270D98,
BE09D023,
3C09635C,
3DE8F4E2,
3E27020D,
BD48F655,
BDF35638,
3E0C1B31,
3A6F62DB,
BE246FE4,
3DBADB98,
3D99EC41,
3D91834C,
BD9D8900,
3CC630EB,
3DC40F9A,
BD980D58,
3DD1B7A7,
BC810386,
3D43C2A0,
BE09F0CE,
BE0E90DF,
3E0C83DF,
3E663871,
3C89F405,
3C85ABBE,
BDD5D020,
BD81609A,
BD9D0008,
3C8D753C,
BDA42109,
BD087738,
3DB4B6C8,
BD909F2D,
BE523E3D,
BCF707AF,
BCD36C16,
BD0D2708,
BDB2624F,
3E013BA2,
BD8D5EAB,
3E12F4D6,
3B0D0399,
BC3F131C,
3C8A3DE7,
BD62E38A,
BDFB1D8E,
3E056303,
3E03BCD6,
BCC10D05,
3D9192D3,
BD65F256,
3E513503,
3D8D43A7,
BD9FC4E3,
3E00BC46,
3CD16889,
3E041A08,
3DC3B5D4,
BC2173FF,
3E815B58,
BD547E0C,
BC6AB951,
BDA6F4AE,
BDB494FE,
3D58CC9B,
BDD40EFD,
BC57F7F8,
3E5D1B1B,
3E200F13,
3DD3E5A0,
3E3D9F1E,
BD84AA38,
3CEC28BE,
BDBB922B,
BE0050F1,
BE3A4E94,
BDF0571B,
3E48AE36,
3D14B63F,
BD7DA47C,
3E5C4606,
3D96ED4D,
3D0DDE9B,
3DA7563E,
BC4D155A,
3CE7CB23,
3E0B8AC0,
3E6150FE,
3C9D8842,
BD8F8822,
BCAB22F0,
3DC52B86,
3DD5259B,
3EB12FA1,
3E5C2F1F,
BDB62388,
3CF3C35F,
BD889B91,
3DCFA959,
3E82D143,
3E3E349C,
3D51EF31,
3E061B9C,
BD434E1D,
3E45A929,
BE1228F2,
BD8EDBCC,
3C8E7363,
BB9B9A66,
3E660D67,
3D3A12CF,
BDF4A483,
BE33EADD,
BDCD8BCF,
3DDE3383,
3C447338,
BD9E3E06,
BE14C5AE,
3E3A4E82,
3E115024,
BE23D90B,
3D1A0603,
3C83B8B2,
BE1B7146,
3D59A2E1,
BD83F5A0,
3E091667,
BE1B8112,
BD99D949,
3D0B4380,
BE1BEE46,
BE3BCD87,
BD49F27E,
BDEE03B4,
3D41F266,
3E107E60,
3E3A0578,
BBC622C7,
BCFBD211,
3E29499D,
3DB318D1,
BD2B13D2,
BE04EAB6,
BE99E600,
3DFC8301,
3D68B997,
BBE2409D,
BE27EB7C,
BDE91D8C,
BDFA1AA6,
BCA1E4BC,
BD99E5BB,
BD9C213C,
BD8608A3,
BD1900A7,
3C448EBB,
3DD2CFD7,
BE7C0639,
3C2FB1A1,
BDB4C593,
BC639E9B,
BE1769A9,
3DD33B64,
3D81A35F,
BE2A1C1F,
3BCC6B2A,
BD8F4512,
3D94301F,
BCD0A249,
3A2C1C8F,
3DC11A87,
3C692B55,
BD3F5DC3,
BB3AD95B,
3E7FE006,
3DF58A16,
3C9ECAB3,
BC430677,
3E42DF30,
3D39C6AF,
3D9FA7BF,
3E23DF7C,
3D78EADC,
BDE2F321,
BE5EA55D,
3D9DFF9C,
BDE7F104,
3C43630E,
BE048909,
BE118C8F,
BC96FF12,
BCA56EC3,
3CB638D1,
3DD55424,
3DE8CC3E,
BD723BB8,
3E291E40,
3D737FCD,
3DD89B0F,
3D01008A,
BD86739D,
BCE46899,
BDE301DB,
3E267F4C,
3DE3DC08,
BDFB831C,
BD457067,
3CF06011,
BD6C75AF,
BD07F005,
3E0867E0,
BDE08013,
3E30A93F,
BD989F74,
BDBC47D3,
BD89F800,
BDD07AC6,
BCDDF312,
3BA3FEAE,
3C895D46,
BC1348DD,
3D9788E0,
BD668C29,
3D3FBCF0,
3E212EB9,
3CA30DE3,
BD87FD0D,
3DA1A881,
3DEE1754,
BE0701C3,
BD34BD4C,
BD7289D8,
3C0B687C,
BE05B013,
BE060E8C,
BE2434D2,
BDD6B5BE,
3ABE9831,
BD1CF792,
BDA6D5EF,
BCF6BAF6,
BD2F86A6,
BDA70D60,
BD121BF9,
3C0AA8A3,
3DAA4F54,
3C34206A,
BC7F4F12,
3D704DF1,
3DCB9B90,
BE93C40F,
3C1AF6F6,
BD13ABD8,
BCEF8446,
BDAE1C17,
3A51B301,
3E526285,
3D029E6E,
3D598989,
BDC54E49,
3D272D94,
3CF6B7D8,
BD704675,
BDA13E9E,
BDB70C85,
BE4E3104,
3E8847D8,
3E4F8F35,
BD593BAF,
BD1D1C8F,
3E0431E5,
3D8FC1A5,
BCCADB16,
3DD18E54,
3DCAD5FE,
3EA0B65D,
3B6ED5CF,
BE18D15A,
BD2C409C,
3E259BEC,
BDE1C97A,
BCC560F6,
3E17D53A,
3C82D351,
BBEDC0C8,
3D0669D7,
BE1D6E51,
BDB70235,
3CC4BBF2,
3DFA4D66,
BD937D3A,
BD88A639,
3D82D8E2,
3DBA254D,
BE1FCF9C,
3E8CA183,
3E4C7071,
3DABE0CF,
BDAFCCAC,
BCC6667A,
BCA35122,
3DF8067D,
BD213BA9,
BC7432AD,
3E55FF5F,
BE70247A,
BDC918A1,
BDF02FE0,
BE17AEB2,
BCA5ABAE,
BE890CDC,
3DB52714,
3E12ECA8,
BE092A7E,
3D0A842A,
392E60D4,
3C303725,
BCE5B805,
3E3CF1C1,
3D6940FF,
BD83CC25,
BDED9EB0,
BE948F46,
3CB55C69,
BDF38549,
BC791AEB,
3DE97C4C,
3CF29316,
3E2924D6,
BCD95804,
BDD2C06C,
3D10026A,
BE432DC3,
3DD2EA18,
3D185FAF,
BD253F12,
3DAC9972,
BDA816C9,
BD71C085,
3E0D1754,
3E32E2DE,
3E2591BE,
3D6CA51D,
BD34363C,
3DA5F90D,
BD941C3C,
3DD63F73,
BD42193E,
3E10DB3B,
BD5A3ABA,
BD92F2FC,
BD364EF8,
BDC3973B,
3C2FFFB9,
3CF2EC7F,
3E815217,
BD238F23,
3E0BD7F6,
BE25A35A,
BE27290C,
BC0D3E3D,
3E320606,
BD9C9AB3,
3DD28426,
BDC59055,
BD6777EE,
BDD6907E,
3DDDC581,
BCE559AD,
BBDFACBB,
3DD914BE,
BD8C71FB,
3E0BBDA2,
BE1484EA,
3D20F28D,
3E485E28,
BE10D80D,
BD689E82,
3DE39404,
3DEB397C,
3E071D95,
BDBD30F5,
3E042B64,
BD3969C3,
BE217DBC,
3B870F2D,
BD924302,
BD4C2C69,
3D5E4BCF,
BDFBA2FE,
BE07D42D,
BE290866,
BD8F0DE7,
3E972530,
BD167031,
BE220370,
3DC3336E,
BE4C65D3,
3ACDFA3A,
BDAFF655,
BCE45384,
BE960867,
BE0BA2F8,
BE9980C3,
3CE7B479,
3D693842,
3EA07E61,
3DC2D353,
BDEDD4A5,
BDB5691E,
BE620E28,
3DC4EA12,
3E2B868C,
3C73D5D5,
3E1B702F,
BC02EB04,
BE6B3020,
BD329F60,
BE0C2F23,
BD99C937,
3DFE7A42,
BE3B488B,
3D7BB15C,
BDC1BE9C,
BDF5F297,
BE44D970,
BCD17687,
3E6671EF,
BCF7B4AB,
BE5AEC53,
BD20AB78,
3D9E09A6,
BEBC5A72,
3E3207C3,
BC502073,
3DDBCE66,
3E176718,
3D8AFAF1,
BDDC58A4,
3D2B75BC,
3D342066,
BD5DE348,
BC5E9C16,
3D506330,
3CD07A2F,
3C8A3625,
3DCE7F83,
3D8D295E,
3DC791D6,
BE1EE56D,
BD48E1B6,
3E59A1F5,
3D357C10,
3CB3FF82,
3DAEFAD4,
3D7C3511,
BD8B19F9,
BD81046F,
3D9FE882,
3DDEB014,
3B79F8CE,
BE6EB474,
3CAEE602,
3D8E4702,
BD0B8DCA,
3D0A4E09,
3DCA2030,
BE334382,
3D1D2990,
3E6B0C0F,
3E5F7865,
3DE64744,
BE1AFE88,
BC512DD5,
BDBA8D24,
BD9DDE3C,
BE0DFA05,
BDF98214,
3E28C64C,
3D7098E2,
BE656501,
3C559C0F,
3DBAFE81,
3DB3A8D5,
BD770D91,
BDB3183C,
3D8FF6D9,
BCB4691F,
BBE23E41,
3D834D6E,
BCB9F974,
3D976617,
3D5CC510,
BE34EB11,
BDA29A63,
3D4F238C,
3E1366EC,
BD96CEC5,
3D0B0644,
3D7015F2,
3DF019CF,
3C8E76C6,
BDDBF6D5,
3E1EF86B,
3E09E26F,
BD8C2C34,
BE647A88,
3D75AE0B,
BE52B988,
BD10FFAF,
3DACFB97,
BC973C13,
BDC6332D,
3DF6FA99,
3CF05B6C,
BD77C917,
3D713747,
BCCA4386,
3C6A3D7D,
3D9D5895,
BDA1541E,
3E17446C,
3DB1DF40,
BCCC9CE1,
BE6F8DFE,
BDD84EE5,
BC2D09EB,
BDB98A90,
3D069F8C,
3DA2470C,
BCEB3A58,
BD1F0A96,
3C4E06EB,
3D27D0B6,
3DAB63F4,
3D9B3EF7,
3D86DBE3,
BD3F933E,
3D986A54,
3DECFAAC,
3D0F83A9,
3E35D086,
3E19945D,
3D263296,
3E093C7D,
3D377215,
BE7ABC70,
BE01C6DB,
3E52859E,
BD9B1284,
BDA9B9F3,
BCFD8F74,
BCDB10A5,
BDDE7EE8,
BD81632E,
3C44E7B9,
BE5D96DA,
BE9510A7,
BD4A63DA,
3E1652CA,
3D29E870,
BD61804E,
BD48398D,
3D1294D6,
3D31A423,
BD541C34,
3E5828EA,
BD05C227,
3D948B25,
BDE7D424,
BC82DB64,
3D396393,
BDB655E7,
3B32F298,
3B44CE01,
BE144941,
3DB4AB5E,
3DAE39DD,
3D689FA0,
BC9E2212,
BC9BEBD1,
BDEA52AB,
3CFDEA26,
3E0235F3,
3E14C01D,
BC08B859,
3C14DB8B,
BB9B8A17,
3D957B2E,
BE000BBB,
3B2964E2,
BDAB4C47,
BC5EBF7C,
BD7F65AB,
BD83E3B6,
3E14AEF4,
BE214DC6,
BE1005D0,
BB8D25B9,
BC9E0984,
3E48BA65,
3E03C2E9,
BE49FD96,
3D3409AC,
3C997A9D,
3E80E85B,
3B79240A,
BD65D9B0,
3D594E0D,
BDD9DCBE,
3DAF9295,
BCD84389,
3D27489F,
3A69BF11,
BD0AA1D9,
BE7601BF,
BD078068,
BE01F590,
3D6A924C,
BE07802C,
3BFFA947,
3B947CBA,
BD94802B,
BD639767,
3DF131A2,
3CF4EF29,
3E2D2F88,
BD535343,
BD6B1E49,
3DCF60AD,
BD016549,
3DDFE84C,
3D33A3FA,
BECAAF23,
BDBCF221,
3E6BBA2B,
3D8DD4F3,
3C24476F,
BC074D4D,
3DBEC365,
3DDA8E66,
BD9B758F,
3E537299,
BE10E8C7,
BDB0AD83,
BD73499C,
BE0FD776,
BE8BB9E0,
3D9663CE,
BE2A2024,
BD57081A,
3CF3A9D6,
3DB86845,
3C9C9704,
3E829D6F,
3E079D89,
3DC77F81,
3DE9AF11,
BDA7ED3C,
BDD567B8,
3E2A238D,
3D6A091E,
BDA8EB9A,
3DB6CFF9,
3D792972,
BD48973D,
3E17FFAB,
BD54A370,
3DAB674E,
BE34F227,
BD23C115,
3B95260D,
3DAAAAC2,
BD148456,
BD910079,
BDF8BA79,
3E4B3FA2,
BDBF07CB,
BD917D4D,
BD409524,
BE154B32,
3D35EBD7,
3D70DBA9,
3E0E6258,
BE2165BA,
BC99BEB4,
3DC58C18,
3C564E90,
BE22FCC0,
BE162B99,
3BFBB98F,
BE43E91A,
3D3014D2,
3D12C567,
BE9961D2,
3D2D12BE,
3D361672,
3CBD9E4E,
BDD8DD90,
3B439A15,
3DF9A354,
BCC7B0BE,
3DC1EAB4,
BD3E87A6,
BC19E0D4,
BC1D6EA0,
BC64FDBD,
3EA807EC,
BC8B0D24,
BE6000FC,
BE1F2DDE,
BDBAF8E9,
3DA34514,
3D1AA6D3,
3BB1FD11,
BDD26A80,
BE65DE3A,
BE444643,
3DB1D890,
3CC62F18,
BE7D062E,
3DA05BC4,
BBB5CC38,
BC877FB7,
BD62546D,
3E25D5AE,
3C0B2A1A,
3D3D02E4,
BC2CA4AF,
BDBA9FA7,
3E6BB681,
3B9EB717,
3E034178,
3E2CF733,
3D95DFEF,
BE8386F9,
BEB2C43B,
BD8D4CF8,
BDAEB38D,
3C90ACD4,
BE0126CC,
3E5AD232,
BD631A93,
3D45D885,
3DDA2002,
3E54365A,
3A1E09CB,
3E8F7897,
BD775A99,
3B970C1D,
3D7DDDF2,
3DBF7201,
BD8FBA03,
BCC97479,
3CDA1C72,
BCF3E81C,
BD01FBAF,
BE5205FA,
3DCD04D9,
3D85D62B,
BDBBD7CD,
BD6F1318,
3E177A06,
3E2C77CA,
3E29BF26,
BD8BA43C,
3E16DAA9,
3D69069C,
BE5C956F,
BC91C5D1,
BCD3E8BE,
3D4FB91F,
BE0DD4F8,
BDC00F6E,
3C9B0AA3,
BBE619C7,
BDCDF885,
3EC0D281,
BE37DF53,
BE76BEB4,
3C69DEA8,
BE37E08B,
BEA1C2F1,
BC800E2F,
BC51EA40,
BEDA3B76,
3DA58027,
BE490A5A,
BE03BA6B,
3E0793AA,
3E575F33,
3E16EB0B,
3D926362,
BDE2E189,
BECD5BA2,
3D9B90EE,
3D24A1E8,
BCD440A4,
3E0B0934,
BDD7BD95,
BEC6DB9F,
BE0736EF,
BE4844EA,
BE0C7FB6,
BDA964B2,
BD20E0B0,
3C0029DE,
BE911CB8,
BDBC8AA4,
BDFC582E,
BD1444E2,
3D468F66,
3DD16C85,
BAC06129,
3E2A9736,
BD2E1873,
BECA2122,
3DEA6F08,
BD984D21,
BCF77299,
3E725C9C,
BD82D781,
BD6A6602,
3D60D9F9,
3DC22506,
BD0AB482,
BDB71DD5,
BC6ABE5A,
BD3DA5D0,
3D1D9170,
BD0F9C3A,
BDB73135,
3D18361B,
3E0D8E5D,
BC9066A5,
3E72E061,
BE013223,
3C42D496,
BD687A73,
3C402782,
3D30B6A7,
3DA6E90E,
BE1B6997,
3DCA1F3B,
BBCE9C94,
3DC562FA,
3DE6547C,
3A53392F,
3D999443,
3D585757,
BD2E3393,
3DC4E06A,
BC166D42,
BC495FBC,
BA8FA706,
BD03D6DA,
3E39B044,
3D4746E2,
BD8A9FB4,
BDD5457E,
3D41E0B0,
3C4B57D2,
BE3C6B2F,
BE2ED90A,
3D64E894,
BD637A63,
BD61197A,
3D3EC28C,
3A0FF938,
3D73BF05,
38C364E3,
BE603051,
BE3A47D9,
BE5207A3,
3DC43165,
3DDCF626,
BCFE0030,
BE2F51FC,
3BCE9816,
3DCACEEF,
3E07500D,
3C0B964C,
3C693D77,
3D202826,
3CA6D1EF,
BE169D2B,
BE6EF198,
3D50137C,
3DB4700B,
BE5B4840,
BDD62A16,
BDA3512A,
3E2C5180,
BDE45558,
3CAE4A07,
BE0DDBC3,
BCADA410,
3CB2B108,
3D86590A,
BDA375EE,
BD06AB2D,
BC8945E1,
BE0A189B,
BE03F5A2,
BCC130E9,
BD29CDFE,
3CE9916C,
3D84BEF4,
3E9C959E,
BE17B0F2,
3E0821DE,
3BFCC875,
3E390529,
BE59C25F,
BD74C5DC,
BE259DA6,
3E1E583B,
BD1C417A,
3D825E92,
BC90B921,
3B251F34,
3C8ECF38,
3E018A00,
3D460548,
3D9820C6,
BBB6B052,
3DD0940D,
BDA9B34D,
BE20B672,
BD2F8FB0,
3CB3DE35,
BE2A0D95,
3DC16431,
BD9B6992,
BE3EAEAC,
BD8F96ED,
BE03E922,
BD8D323F,
BDE53368,
3E33E506,
BE210D8B,
BE12D3EC,
BE12A6A1,
3D307AF1,
BE4B003D,
3D1C6EF2,
BC40DD7E,
BE0FE04C,
BD3DEC44,
3B744DBE,
BDA02279,
BDDE6770,
BDBAEB9D,
3C8D35C5,
BCD8D4B9,
3E9A9BA4,
BD327D5E,
BD872D18,
3DF7E69E,
BE5B95DB,
BE511D78,
3C346CEA,
3E281FC2,
BE2EE272,
3E8B13E2,
BDBE8D87,
BD72F09C,
BD35F0B7,
BDC3231E,
3DE16208,
3BB3E77E,
3D9A7C7C,
BE5FC3D4,
3D11658D,
3D1191D4,
BD4DDABC,
BE89C9BB,
BDF6FB02,
3D9BA83B,
3C335F00,
3DC5F355,
3E753256,
BD06E140,
BE2E163D,
BE497C4E,
BE2E1EDA,
3D1BE0D9,
3D8E7B6D,
3E023A9F,
BD755641,
3DC4646D,
3D526FD5,
BC744B55,
BD56CAED,
3DB693FB,
3D95F216,
3D85C442,
3B9A353D,
BBEAFE10,
3D7E08B5,
3DD67960,
3DB9B367,
BDC6E28B,
3DCE1E1F,
BBA63249,
3E2C1768,
BD482DD5,
BE4B21D6,
BEC68F75,
BC669621,
BD5D0DBC,
3CC2F7AE,
3CB6A07A,
BDE1BD82,
BD73EE66,
BD5CA886,
3CD2409A,
3E0B3522,
3D44F434,
3AD2AAB4,
BD4FE131,
BD79AA3F,
3C93A028,
BE00D8A8,
3D963105,
BCFEF4D8,
3DBF68DA,
3D743233,
BEAFB713,
BDCC7235,
BBBB7DD0,
BD813103,
3E46D092,
BCDC62CB,
BDE4F328,
BE2DD310,
3C6380A5,
3DACB6AC,
3B804B52,
3CD1648A,
BD97CBEA,
BD4DA2FE,
3DD4C57D,
3DAEF1F2,
BDB1532E,
3D3D8983,
BDE49BAA,
BDEED682,
3E3AAFE3,
3D79D0CA,
BD9530DC,
3E6971FA,
3AAC9DD8,
BD3BD420,
3D5EF580,
BD1A6E0D,
BE0DBA7B,
3DDEFFB0,
BD616B96,
3E0ABD41,
3DB7131A,
3E4629EA,
BD74AC73,
3DB80ABB,
BDABEBB3,
3E467A1D,
3D28C88A,
BD488090,
BCE163E0,
3D2F60EF,
3CC02080,
3C911314,
BDAC6214,
BCBB0440,
3E617930,
3CEE5AC4,
3DB8A1C7,
3CF73719,
3E800889,
BDB1810B,
BE3E857E,
3D84222F,
BDC45BEE,
3D109C07,
38A6D27F,
3D72ED07,
BCD7DD52,
3E14BCDF,
BD04C543,
BDCF2426,
BD888CA0,
3CDE6166,
BD36D132,
3E2B174C,
3E39F4DC,
3C89D0E2,
3E043A1B,
BD9933FA,
BDFAB571,
3DD19B2F,
3D8C50D8,
3E178977,
3C9584F1,
BCED3DFC,
3E275AD2,
3D67872A,
3D40668B,
3DD8C78F,
3E5D2359,
BDBC7DE0,
3D3160EE,
3E20174B,
3DCB402E,
BD5DA602,
3E4BA008,
BDD08F9E,
BE4FD6C0,
3E25F05D,
BE74E2D2,
3DFBDC35,
3E4FA7FC,
3D6CF50E,
3B398BFD,
BE5C8ADA,
BDFEA9E0,
BD3B70A6,
BD843D09,
BD9D11D8,
BD515349,
BE1A3529,
3CB8DE4C,
BE35F8AD,
3DEC6004,
3E05928A,
3D0437C3,
BE2AF60A,
3DA10641,
BD01681A,
3D8AF77C,
BDF59EC3,
BD65513C,
3E19EB23,
3DE24BDC,
BE21BCB6,
3DE26A88,
3D7C179E,
3CEF1A42,
BE2A07B9,
3DDAC91D,
3D6279D0,
BC14F988,
BDF7780D,
3D7AEF36,
3C3B6341,
BE49F6A3,
BD70972F,
3E06F3B8,
BDFECAC0,
3E537CD6,
BD4A1832,
BE930E2E,
BE27A3A1,
3EAA3DD5,
3D5495D8,
3D9EDA46,
BC7D9E70,
BDD380F7,
BDE8344D,
3DFF3E8D,
BDB75F77,
BD605FC2,
3E3B1D21,
3E1B20E0,
BD867C9B,
3D8E36AC,
BCB49006,
BDDBF531,
BE17C400,
BE30734D,
3D874409,
3E4E2CD4,
BE0E9140,
BE81157E,
BDCA518F,
3E1CA7B2,
3DD4DF4F,
3DD9AE4E,
3E096DFC,
3E4E055C,
3C676122,
3DA8A3D8,
3EA27952,
3EACFAD2,
3DFE3EE8,
BBCF65C0,
BE44F5B9,
3CE8F81D,
3E986B10,
BD79B351,
BE0C5D7C,
3DBFBEDE,
3D845E9D,
3DBAFE39,
BDCD8F4E,
BE7F5B29,
BDACC09E,
3DCDAF93,
BD9A4583,
BD0A212D,
BD5ABBC0,
BCF9D86D,
BAD457DE,
BC872DD0,
3D53B172,
3E364003,
3D5FAD6F,
BD13F922,
3D87E216,
3DC11C8B,
3CA4D3A2,
3CFED624,
3D083592,
BD8A0366,
3B139C0E,
BE9A0C23,
3D3F9824,
BCB6D952,
BDA736DA,
BE6E5574,
3D300CA4,
3E179F5F,
BCBF61A1,
BCED6546,
3D516923,
3DB63421,
BE0A5ABE,
BCCBC873,
3E6F75BA,
BC990A42,
BCC17F9B,
3DD8EEE8,
3D23F547,
BD8B8E0B,
3C8F5D48,
3E1D24A8,
BD96FB4A,
3EBE6507,
BE6A9D15,
3D9C6F82,
3D7A50C9,
BDC68EB3,
3DB719F6,
BE2AAF67,
3E9988E8,
3CCDB235,
3CC5EA71,
3C41DAAD,
BD1005E3,
3DF306F6,
BD7E9D4A,
BDFE8DFD,
3D3F4361,
BCFA48A7,
3E0B829F,
BDA5105A,
3D4F1CD3,
3E01F211,
BDD35C16,
3D891845,
3CFD7BFE,
3D88C07E,
3DE163EE,
3D1C62D9,
BCE7F5D3,
3DDEE7D0,
3E866370,
3D548F70,
3C2F2ED9,
BDA500E8,
3E0C2E22,
3DF7DBCA,
BC38CFB6,
3DBCF484,
BD885E08,
BD1FA765,
BDE09E76,
3E554CDB,
3D6E0ACE,
BDD6F9E7,
3DA52187,
BD89C8C5,
BE3092B3,
BD88CEAF,
3D9D6091,
BAAD688F,
3B52E190,
BD80B9FC,
BE20F302,
BE0E23ED,
BDCDDBF1,
BE31A8C0,
BD771C9B,
3D83A210,
BD0C73D5,
3E106488,
3D951D88,
BE827F60,
3D3F0C80,
BDC2511D,
BD8399F7,
3A39F6ED,
3D34BF81,
BE5094A2,
3D44D315,
3E082771,
3DF99F54,
BE2FAEEC,
BC96E10B,
3D897EAF,
3C3FA6EF,
3CC0F57C,
BD2BCE23,
3D2B2043,
3E048F42,
BD83EDCA,
3D73B8C4,
3D207A0D,
3CC36ABD,
BD1BBA1A,
BAD0A192,
BD8D1BA5,
BDA7E922,
3D8BC5B0,
BC2BD822,
3E35AE8D,
3D75753F,
BE2868F4,
3A915BB2,
BC45361D,
BDD2D27D,
BB83F685,
BD4A026A,
BD44D799,
3D7514BD,
3DEE8564,
BE0BF7BE,
BEA61037,
3EBFCD52,
BE040C05,
BE6DE25E,
BD44A6E2,
3CD24355,
BE23CA82,
3CBFD29C,
3D16EEC9,
BDAE75DD,
3DD11F84,
3E50F13D,
BE00E2CA,
BDC3C5FA,
BE3A3925,
BD871B72,
3DFE7978,
BDEE138A,
3EB6D678,
BD8ADA46,
3E084B10,
3E0B6B18,
3E0DE6D2,
BE1CD1DD,
3E96B9DB,
BD7D7A62,
BD585431,
3DEC8703,
3D8F7F96,
BCFE4514,
3DE15120,
BDE197B7,
BEB116DA,
3EA548E8,
BE75081B,
3DA8A721,
BE0421D9,
BE790083,
BDA0863A,
BE38CEC4,
BD51971D,
3D782A0F,
3DB44F60,
BC148DA2,
3E57905E,
BD4B5882,
BE1E9F1F,
BD4B5FC5,
BDB433D5,
BDB72619,
3D9300E7,
3E6A2E05,
3E431778,
BDEF2902,
3DDA5116,
3E63984C,
BD836AE8,
3E936349,
3E0EE799,
BDB77A14,
BD2F22A0,
3EB273FF,
BDA698E8,
BDC7683A,
3C9316C7,
BC10D1DF,
3ECFB2D3,
BD7E261F,
3CEC8ED7,
3E930170,
BE1C1E35,
3E63ECFD,
BAACAE7F,
3CA0D710,
BD874300,
3B84819F,
3D6A13EC,
BCA7A9A4,
BE256D7E,
BE0DA267,
BE8AFBBE,
3E179C9A,
3BA31A4A,
BE580787,
3E0FE092,
3B9DDD74,
3CD6A88D,
BE5551A5,
BEC70F1E,
BE3D122F,
BDEAAF27,
3D257D52,
3DAB4E09,
BCFF5D5D,
3E110623,
BD88F586,
3E8607A1,
3E002C63,
BE19F57E,
3DCE2905,
3EC637A3,
3D504261,
3E7C68B7,
3E684D7A,
3D0854C1,
BEBE7A8F,
3DEDFE36,
3E031B72,
3D379DD6,
BCF225FE,
3EB9E127,
BD34E7F5,
BE5BC700,
BD33C3AE,
BE1987DD,
3CCA03D9,
3E7ADE39,
3DA255DD,
BEA72DC7,
BD32EB76,
3D8C5EB3,
3CEEA4A3,
BBE1DE3D,
BD6B932A,
BDF62815,
3D9D1F26,
BC60E5D5,
3E4E715C,
BE80B703,
3E03EA15,
3E436E14,
3E2CDCE1,
BE2D6B3C,
3D341F34,
BCF94F0C,
3E00B4AB,
BDAE8A74,
3DE3BF3E,
3E1A834C,
3EC8A188,
BD8A11CC,
BD231BC4,
3E377854,
3DDA9D16,
3DB6C8E7,
BDCAF34F,
3D2499BF,
BE248B20,
BD02431F,
3E0D82F8,
B9A07F72,
BE0429F4,
BE3799DA,
3D2746C4,
3DF591DC,
3E0C5778,
BCC6E73F,
BD8E4487,
3EB13771,
3DB83D55,
3CAB5047,
3C61F246,
BE00CF7C,
3D939E60,
3DCCFC97,
BE3D6E84,
BDF2BF24,
BE410A01,
3CCADD9D,
BE573748,
BCCCE483,
BE0E91E7,
BE602A06,
BE522821,
BDC50043,
3DAAAF2C,
3E1C934B,
3D413270,
3BC79B9F,
3B50B154,
BE3067B8,
BDFEA6B3,
3E8D7132,
BE1E8C37,
3E6158D9,
BD2C7457,
3DF12EE2,
3DC1EFF3,
BE2C3FD6,
3D162233,
3EE67368,
BE0358C3,
3D98E7E8,
BE23F016,
3E2AB590,
BD3A81C0,
BD816C39,
3D869ECF,
3D283054,
BEA5572A,
3E025E72,
3EA9730A,
3E23CD03,
3E533D0A,
3E85DAB8,
3E2B4349,
BD70F169,
BD550E9F,
BCA7C5DC,
BE5188BC,
3E87ABBC,
BE81253A,
BE5A035A,
BE097C8A,
BE03A019,
BD35DDE8,
BE2EDC55,
BDA32A9D,
BD8F9506,
3C9AB09E,
BE778ED0,
BCA9F9CC,
BD3F559E,
3DFD1659,
3E7E2661,
3D00044F,
BC94BE3A,
3D8CC601,
BE5F042D,
3E3E6B9C,
3D7B2FEF,
3E727D8B,
3D64B787,
3E3AEB5D,
BCCED4FC,
3CCCDC6B,
BE252598,
3D298423,
BD85068C,
BE0D9E8C,
3D15CC62,
BEA3DC00,
BEC558AD,
BD44B8E3,
3DAD5B32,
3C07B843,
BCCDD3F8,
3D580BC5,
3D791B5C,
3CF9789B,
BCB5E174,
BD1290C4,
3D2C03A0,
BE03A744,
BC20DE1F,
BE2F2ACF,
3E1160BC,
3E1B0642,
3DCC1637,
BD681E0E,
BD9316B4,
3CC5A1BF,
BE13652A,
BE026158,
BD461571,
BC4E765E,
3DD8D72A,
3D6C56CC,
3CF6DC53,
BC3B30DB,
3CAFFCE1,
BD777BB8,
3D7567EB,
BD393380,
3D5BC9C7,
3DD82DCA,
BD978201,
3E3445B8,
BC89FE58,
BD01E036,
BD8812B2,
BE0A94DF,
3D799AD6,
3E2351A3,
3E0E5DC6,
3E25097F,
3D8D8074,
BDD4712B,
BD300D5D,
3E031CB6,
3B6C140A,
3E1F94D6,
BD059EB3,
3B2C9369,
BC8C19A5,
BD2F0E91,
3D4FADD8,
3E3E96DE,
BCDD59B5,
BCD3B852,
BD8DC157,
3DA2BA24,
BE08B89E,
BC52C95A,
3D5936F9,
3D896401,
BC367822,
3D850A9C,
3D9CB460,
BDEECE27,
BAC8B557,
3DA05ACB,
3C26D70B,
3DC55823,
3C9B2EB5,
BC3621E1,
BE2F5049,
3ABED453,
BDDAADAC,
BD52B3C7,
3DD40038,
3DC2F877,
3DB814B5,
BCE45B5A,
BE15240A,
3E141375,
3D104058,
BD4C91CE,
BCD245EC,
BCDF98B2,
BE0E1628,
BBC374FE,
BCDDF7AB,
BD80CEB2,
BDD18569,
BC50D439,
BB794B87,
BCDDEC77,
3CEC3AEC,
BE11E7B0,
3D424B3D,
BDB804AF,
BDA2E813,
3D5F0D24,
BB2C7927,
3D230079,
3B38961C,
BD7CBD6E,
3DCD71B2,
3D3575C0,
3D430F95,
BB9797FA,
BD0E5E39,
BD4B9A29,
BD4787CC,
3E0A28D6,
BDB6A114,
BD98D59B,
3D4366E2,
BD414D40,
BDCC16EA,
3D5F4ACC,
3DB56E3D,
BD8916B2,
BDD96B30,
3C9E4D95,
3CA68003,
BD75759C,
BD990BB9,
3D59344D,
BD2FA95C,
BD617C72,
3DEF4906,
BD9C4803,
BDB9C634,
BD9A91C7,
BD8C298D,
BDA7CEB0,
BDC57D92,
3BC43F73,
BCCC68D5,
BDC95547,
3DA17621,
BD3D0D7F,
3DF28FB8,
3D9C84F9,
BE1E51EC,
BDE113E9,
BC367849,
3D866FEE,
BE0B583F,
BD9A5339,
3C4A83C9,
3DAB8CB9,
BC8BE141,
3E3E8633,
3CF83C9C,
BD5D58AC,
BCECAF1F,
BD3D4A12,
BCE3BA16,
BE4DB805,
3C485D12,
3DC06574,
BD8C9B52,
3D518A25,
3DED4137,
3C389B18,
BB50D53D,
3D6B6B8E,
3E446C53,
BA982C52,
BD0F085A,
3C8BD42F,
3D32B106,
BD2D4964,
BE12303E,
BD5ADF61,
BD85BFB8,
3D8FB8A3,
3D373CD6,
BE441DA7,
3DC78F40,
3A52854B,
BE1297C5,
3D85F86D,
3A35CCB8,
BCEF95EA,
3E2F41D1,
3E1D89C6,
BDAA2E69,
BD0E7196,
3DFCB058,
3D407B70,
3DC79601,
3BB7DC3C,
3D2D39ED,
BD73CE61,
3E266C6D,
3E1664FC,
3CC3159A,
3D8B034C,
3E77A0D5,
3D4D9BED,
BE59FD8A,
3C443E56,
3DC6E298,
BDA8E06C,
3CA04DCE,
3D963E0C,
3CB5E41F,
BDC4F632,
BE1D1B78,
3D13C928,
BE2A9C4C,
3DFC567D,
BD006D6F,
3D33EED4,
BB5CA7B5,
3D1F2E62,
BCCD023F,
3E2E4695,
3C924E61,
BCC48097,
3D404794,
3B802C94,
BD7D7601,
3DA3EAC1,
BD6A653E,
BE5ACD7C,
BC2EDF67,
3C271F26,
BD435FE2,
BE10EF30,
BDAC21FA,
BE29F1D0,
3B3C2F8F,
3D9551B1,
B9B6294B,
BC50CAF2,
BDC897B7,
3CA2F602,
BDBB3E3D,
3DCEF326,
BD8BB787,
BB82EEB9,
3E3D206E,
3E05C051,
3D7C18DD,
3D81BED0,
BCD6B795,
3E41A5C2,
3DF5AEFF,
3D6388A4,
BD92123D,
BDF50142,
BD9FDE68,
BD27032C,
BD8F0132,
3D9FE4ED,
BD83C2E3,
BDF6C9A0,
3E0ED20A,
BD04876C,
3C168DC3,
3AA89A6E,
BD7E848B,
BD198888,
BD08FEEF,
3D7A4649,
3DFF66A5,
BD686796,
3DF3C3C0,
3E2AE8B5,
3D9BC97B,
BAEE7CEE,
BC98E148,
BDFE885F,
BE3D3809,
BD8AE80D,
3D8209B0,
BD9A9F55,
3D68957B,
3D872215,
3DA2D86A,
3CD141C9,
BD7CE006,
BC22735D,
BBC9E8A1,
BC4569CB,
BD07BD76,
3DF679FB,
3D2C4891,
BC88AE11,
BC6DACCB,
BDB34E30,
BD921329,
BC7DAC4B,
3D84B4C5,
3DA7C7C0,
3E430148,
BE226F04,
BA34981E,
3CF09B6B,
3E0ACE07,
3E473FF8,
3C5217F7,
3E7D1B28,
BCAA09BF,
3D4357E5,
B8DE45FA,
BD86CD19,
3D72A2A7,
BC3C6442,
BDE24060,
BBC68069,
BCFFA734,
BC01822B,
BE24A1AD,
3D879BBF,
BDAACB35,
BDADBC35,
BC5495A3,
BE169E4A,
BC5F1D57,
3D923311,
BCC785F2,
BD97A26F,
BDBB5074,
3DDD73EC,
3CAB720E,
BDDFF7EB,
BE61D74F,
BD019810,
BC6DE503,
BCED7DC2,
3D4478B5,
BBBA4FF6,
3D734FD5,
BD65A9BD,
3CF31FD8,
3D315F85,
3D73F4CA,
3D12FEC6,
BC448798,
BB63097D,
BE0EF042,
BCDE135D,
BDD2F2BE,
3DE1EB18,
BBA3BE98,
BDA64B80,
BCE070BA,
3C90ED35,
BA8493B8,
BDA05A46,
3E0000AB,
3CFFAD48,
BCEB0C90,
3D8B8510,
3D2C9C21,
3CFCF664,
BE08F0C9,
BDFDBBD0,
3D78453D,
BD8B215E,
BD9A7551,
BDD54724,
BDAA12D3,
BCC1C0AF,
3AF25CFC,
3CAE3D77,
BE195184,
3CDB6BE1,
3D5A09C8,
BD1AE570,
BD0AAA0F,
3D95741C,
BD82DD9A,
BDB64026,
BDC67F9A,
BD0C1636,
BE058B73,
BDE07F28,
3CB4A3D9,
BCFE1273,
3D41916D,
3C9CCF7C,
BD7B89C5,
3D1EEC20,
BE050AEA,
3E18D02C,
BBFC1287,
BCA787C3,
BC80351A,
3DE5DFBD,
BDCD362B,
3D9C5F79,
BDD9DB52,
BD5057AF,
3E18B80F,
BE20F88A,
BDE28926,
3D325720,
BE5BD153,
BD0E3E50,
BD9C6838,
3C0E99A4,
BD9AACAD,
BDE39C43,
BDF4BEB9,
3DB8B526,
BD6C9D75,
BDB53A2E,
3C3C8459,
3C701CFB,
3DE25F13,
BDFA7BB3,
BBBEA276,
3B510439,
BD824996,
3E6EC256,
3D30B1D4,
BD8C00C8,
3D58BE1F,
3D89210D,
BC923139,
3C17C938,
3D65380D,
3DD383FD,
3C8B2214,
BDA899EB,
BE2AFA1E,
3AACD89C,
BD99E5EA,
BD7E3BFC,
BDB95C6A,
3D85828B,
3DFEEC4E,
3D6EAB23,
BE8625C3,
3E594F22,
3D107607,
3D7B3AB1,
3DBDF45D,
3DEDAC1C,
BBA3FD4B,
3D3A30F1,
3C86B398,
3CA883D3,
3D2C43EA,
3D408C6D,
3DE4717F,
BDCBDCF8,
BDD08E29,
3E3AAA6D,
BE15D882,
3B8FF5F0,
3E203155,
3CFB272B,
3DCCDAB7,
3DD93E0C,
BD8BBEAE,
BD4C2E62,
BD7E887C,
3E502F90,
BDCF6BA5,
BBF444F8,
BC2062AB,
BDFD5518,
BDD156A8,
3D9D75D1,
BD2FFDB5,
3D284E5C,
BD453636,
BD51F7C5,
BDC7D5BB,
BD74D6BF,
3C1B690B,
BD609CD7,
BB2E6AFF,
BC2BFCFA,
BE05A74B,
3E11A7D6,
BC881B7D,
BD8A0445,
BCB41835,
3D588CB5,
BEA12D34,
BDCD2C5F,
BD1D1484,
BDD61C64,
3D3D39E2,
BD3E6E9C,
BDC7848C,
BD8340E2,
BE1A72DA,
3DE27558,
BDB32692,
3DB64A6A,
3E82BC06,
BE102645,
3DD0D27A,
3E08F795,
BADE974F,
BD0E4741,
3E1914E4,
3C8D1CC7,
3DD1E08C,
3E06F411,
BDA48D72,
3E0A1A37,
BD9C3DCA,
BD568E03,
3E709336,
3DDFC894,
BDED33F3,
BD691351,
BD653D72,
BCE0C922,
3AEF1E5A,
3E2ADB09,
3DAB30D5,
BDC6D853,
3BD23690,
3D92F228,
3D499E8F,
BD996454,
BECDE1A9,
3E93E0AB,
BD92CB1B,
BE4CB7B4,
BE349588,
BA8CB3C0,
BD324735,
3E3CEE2A,
3D04DEAF,
BDAC436D,
3DB117BA,
3E496E34,
BDA9FCCD,
3DA3A8D5,
BDC3D403,
3D0EC943,
3E109F6E,
BD4DBAE0,
3DB04226,
3E0B25AC,
3D299590,
BD27C304,
BE6A05A7,
BC8FE16D,
BDF82A53,
3C106668,
3E4EC776,
3D919417,
3E032338,
BDB9C19A,
3C7B9773,
BDA2C016,
BC8A57E7,
3E86BD0E,
BD70E359,
3E874F9F,
3D05DDF3,
BE43637F,
BBFC1749,
BC0C118A,
BBF9508A,
BC1B8816,
BD06410B,
3D443A84,
BDBF82BE,
3DE92B18,
BE4C3950,
3D09D6FC,
BCD3B4E0,
BDD85EA6,
BD1DCB0E,
BDDFE013,
BCB93C50,
3E1BDD6E,
3E725AAA,
3CAA061B,
BC8E6EB8,
3DD84AAD,
BD3236E2,
BD140CF2,
BD0A5692,
BD4E1815,
3DC57B70,
BBDE5A1E,
3E1C6579,
3CFD500A,
3D41C29E,
3D21F256,
3D3EE290,
3E3171C4,
BDD0AB80,
3D277B41,
BD6BD365,
BC62EA96,
BD1A2A27,
3EABDB1C,
3BD07E62,
3D323425,
BE638D4F,
BDBE17CD,
BE112CC7,
BC8A56B8,
3D86AF4C,
BD855A9E,
BDF89C1F,
3D8AA91A,
3E1DCB09,
BE144BE3,
BE9D0E02,
3BFD0043,
BCFAA8E1,
BE189360,
BDB067DA,
BBF3BF95,
BBCEE256,
3CF933CC,
3DAE071C,
BCF6DBAD,
BDF03659,
3D8C7E58,
BE1629C7,
BD9D655E,
3E214AC6,
3BD6AE39,
BD6117AD,
3DE9EF08,
BE304EDF,
BE364936,
BBFFDDD1,
3C4E927C,
3AAF92FB,
BC4632E1,
BD83B9A1,
BD8896AC,
BE2D9627,
BDFA74DC,
3D4AA1DC,
BD885515,
BDC4D325,
3E33C437,
BC842432,
3E3E0D72,
BDAA1E9C,
BC027965,
BD26FC1C,
3CE75443,
3D01E6B4,
BCA8ABBF,
3DA5C7E7,
BBECD5B5,
3DF87047,
3D894CB3,
3C454FF6,
BCE2344C,
BE0FAEED,
BE35C3CC,
3D54A298,
3DD8F6DA,
3DE17C5A,
BD20355B,
3DD53598,
BC0BC925,
3D84B53E,
BDD71341,
BDCA07C0,
BD063301,
BDD4E6DE,
BE01BBAA,
BE0CB9EA,
BD8F3960,
3D3FD144,
BD937E2A,
BE013AA4,
3CEAA104,
3D2D8868,
3DB71BEE,
3CDCD92A,
BD9EF01F,
3D807AA7,
BDE28188,
BCCB92DE,
3D9379AD,
3E360D5B,
3D01D4D8,
BDC15921,
3DC9F27C,
3E13D165,
BE08E74F,
3E462096,
3D521B55,
BDA6FE63,
3DE8ACA4,
3D1BD7C4,
BC8EA63D,
3DC561C7,
3D985BC9,
BD889459,
BD83CEF2,
BD70B104,
3CE752DF,
3DD2AA3A,
BD59B58F,
BCDCE56F,
BE121DD6,
3D1D5884,
BE0C3E54,
3DA0E000,
3D287790,
BE5BA2C2,
BE0225A3,
BD70FD48,
BCD0DB15,
BD3EA8C3,
B938CEF3,
3D7492EE,
BD85C4BA,
3CE86352,
BD88EAB1,
3E50FAB4,
BDB5BE19,
BC237B8C,
3D3177EE,
BE2EEA5B,
BC927A0F,
3E0B2D6A,
BDBB2EFC,
3C87C25E,
3DCA3FDB,
3D99252E,
3B56278C,
3D9FA098,
BD8B5F69,
3B62D3BD,
BDC2BCCE,
BBE39A27,
3E0B3B78,
3E4BDC61,
BD501506,
BD4A1914,
3CDCAE51,
3CECF996,
3D642AA4,
BD9EFF04,
3CD24125,
3DD35749,
3D25CDA8,
BD2AC316,
3D6BC4E8,
BD286EDB,
BD25CF4F,
3D8E1544,
3D0F0B21,
BCC39765,
3DF5B3DF,
3D7DF324,
3E196B25,
3C6A367B,
3E0C29A7,
3D3A3569,
BD87482D,
3E4E86CB,
BDDA9B3C,
BE02BE63,
BBC2730A,
BE36E2C7,
BB1371CF,
3DE1AACB,
3DDB4777,
BDBEF549,
3C2BC684,
3D615CA6,
BCCDDAE0,
3E82F411,
3ECE5944,
BE695BCF,
3BF8DED0,
BE6C46B9,
BE543FBF,
BDCFB971,
BE8AF9A3,
BDEE0A30,
BDA72D1F,
3E2BEBDF,
3D81272C,
BD4D590D,
3DA6BCC5,
BE9D941F,
3D31D068,
BCEC2790,
BD6FEAC1,
BE43AAE5,
BCA5676A,
3E802FDB,
3D9749F8,
3E653B2D,
3ECBEB57,
3EADFDBE,
3C9A502E,
BD4C8FE9,
BD606936,
3EA2B200,
BCC11729,
3DB026FD,
BDFD937F,
3E1E6B84,
3C3C24C4,
BD001270,
BDB3C756,
BE268B50,
3E090A92,
BDD1E7F2,
3E3E536A,
BE07AA05,
3E0F37BF,
BD0992EB,
3E3545AE,
BE98DBEF,
3E2DF8C7,
3CAE5C7B,
3DAFBAA7,
BC781415,
3E8462C1,
BDC15AC9,
BDD2EC17,
BC8EF36D,
BD5C7C3A,
BCEF2482,
3D60920B,
3E683BC1,
3E5B9726,
BE0E892C,
3E45BBB3,
BDD2B708,
3DFBDE19,
BCF1DDF0,
BB798221,
3D86E735,
3BD70634,
BE3A137F,
3CC376D0,
BE2AED26,
BDC1C7A1,
3D3DB27C,
BD7713A7,
3E1FBF3A,
3E5B7DA7,
BEF6D18B,
3E7D0658,
BE1B5A41,
BEBE7D09,
3D69EFEF,
3DFB6739,
BE683A89,
BDA8E30C,
3CBDB695,
BE385BA1,
BE5DF089,
BCDAB8FB,
BEA83CFF,
BD934A6B,
3DE15651,
3EAF14B3,
BC95B070,
BDA4CC2E,
BEF98E6B,
3E908C33,
3DEC0B7F,
BDFA6E4A,
BE0BCC21,
BDA2FC7E,
BD66B9A7,
BCED209B,
BE003455,
BDBB300F,
BDAEFC09,
BC3F12B6,
3E805C76,
3C7CFFA5,
3E238F1E,
BE030E9C,
BE2B6F01,
BE641C80,
3CFE6CCE,
BE155DBD,
3DCEC479,
3DE9BE86,
BE389D23,
3D888CF0,
BDFA6418,
3E5ED5D4,
3EBA7156,
BD8B24E1,
BD0177F2,
3D3E02E0,
3CA15FEB,
3D9E96B2,
BDA556D6,
3D43AE4D,
BCB4B1EE,
BD832CF1,
3E0E59F9,
BD39540F,
BCA6E345,
BD0B9661,
3DDD9BC1,
3E0C33F0,
3DB0A8B4,
3C9681D5,
3DE06220,
BDAAE5F2,
BE51152B,
BDF7AD06,
3DCB4BDC,
3C8A9102,
3D084D87,
BC54B07A,
3D8E050C,
BD895932,
BC863F95,
3D5A515F,
3E346233,
BD3F3E6C,
BB6A9B56,
3DF79917,
3DDBE800,
BDFBE4AE,
BE8691DC,
3D3701F5,
3D9D72E2,
BD253336,
3D23F562,
BE3906B5,
3E2032C1,
3C53C3D1,
BDFAAF79,
3D702918,
3C07B410,
3E84077C,
BD520367,
3C893E55,
3CB4B141,
3E1A218E,
3D9E356C,
BD9A7002,
3E6B488C,
3D099455,
BC3BF47A,
3CD7D74C,
BDC075B5,
3D1A8139,
BE59B16C,
BD84AE35,
BC3738C8,
BD4E44C3,
3CB9CF9B,
3C1E15AA,
3E23B71C,
3E130113,
3D9DB568,
3E735409,
BD2E02B6,
3C3A9E4E,
3CD27056,
3DC2CAAB,
BE0A3158,
BD944584,
BD8FE53F,
BD2D0DA9,
BE088255,
BD3D33CC,
3E4D7A73,
BDBF4064,
BD37259C,
3E088AE2,
3D62001A,
3DFAD826,
3DF47897,
BE1AC20D,
BDEDBCFF,
3D16525B,
BDD6D682,
BC964030,
BE3F66BE,
BE3BCE0C,
3D5CB981,
3E21CA1A,
BDC38279,
BD328880,
3E85C0AD,
3E0CDE6C,
3D043CE4,
BB4C4C09,
3D252FD6,
3E83CF21,
BBCCAFE2,
3D3E66A5,
3DBA7B4D,
BCC422D1,
BBAB7AFA,
BD140666,
BCA69F40,
3D800274,
3D310AD2,
BD2E2A19,
3C1B548E,
3DE13D6E,
BD034AB4,
3CCE1F45,
BDF7D411,
B93B736D,
BD645BA0,
BDFE4D2D,
BD29137B,
3DBCDD90,
3E11FACA,
BDF2E703,
3DD57612,
3D45353C,
BD597E48,
BBC186E0,
BC3592AC,
BCE6A402,
3D5D6619,
BDE74425,
3D8BC411,
3DBF6829,
3D9E3B72,
BDC363C8,
3DADC3BF,
BE0C2B38,
BD585A3C,
3D916A6B,
3C47D80C,
BCF209B5,
3E131336,
3D6089FF,
BCF3ACDD,
BD5A1727,
BDDF5D70,
BD0C5292,
BD373A13,
3DCA33D5,
3DD49217,
BE07B87D,
3DE903BD,
BC5584DA,
BDEE05AB,
3DD02C24,
BD7D9E5F,
BCB9CEEB,
BD661876,
BD7F4919,
3DE892FB,
BE31AB73,
BDDE5E8C,
3D5E1769,
BE885D89,
BBF28057,
BBA4ECC4,
3D86B078,
BDC5E364,
3B14E655,
3CAB1B2A,
3C1B37EF,
3D8CD9C4,
BE691502,
BC57B39E,
3E562955,
3DDB0C38,
BDBAB0A8,
BC6BEF6C,
BD4F4A6A,
3E17A47E,
3D061E80,
3C444225,
BBCCB51A,
BE27129D,
BDBAE302,
3CB32BD8,
3D3A48B3,
BC753874,
3C92DCB9,
BC9A4AFF,
BE069712,
BE1F1DA8,
3CA6464E,
3E4DD551,
BE752833,
3E1DAD97,
BE747B58,
3D119C66,
BD2AFCFB,
BE588240,
BE355C9D,
3E405EED,
BD1D037A,
3CC2D620,
BCF56597,
BE24FBEB,
BCA1D3C9,
BD83A15A,
BD91A816,
3E02F907,
BE9DB8F3,
BC179462,
BE2ABF69,
BD6191F2,
BDA7724A,
BD02B3E0,
3CDC57FF,
3D6BF459,
BDC0C96B,
BD9AF2FC,
BDF55D05,
3E233244,
BDAF8F8B,
3E4D7B37,
BD9B23E6,
BDE93A47,
3E041D3C,
3CB48D1B,
3DAB4F6B,
3DA411AB,
3949D7FF,
BDFAFBF8,
3D8E9271,
BEB5BA3E,
3DEAA1BE,
3E16F875,
BDA86315,
3E4F56D1,
3D1C79C9,
BEA8C5D6,
3DA298C1,
BE6EAED7,
BE2A54E2,
BCAF8965,
3E787510,
BD82E3BB,
BD6561E4,
BE032A28,
BCBC12F2,
BE861F9A,
BC88DF98,
3E4BB6D3,
BBA7214D,
BD52EDB1,
3D02FBA4,
BD2BB38E,
BDA8C675,
3CD1E889,
BE661EA6,
3D1BE0A6,
BC59E0BD,
BC252838,
3D3A009D,
3EA5CEA1,
3E8478D0,
BE7282A7,
BDDB2D9B,
BDE974A2,
BE729FD3,
3C4434AB,
BE5A2C5F,
BCD006EF,
BE30042C,
BDCE6E35,
3DA88049,
BDF5124B,
BD47FE60,
3A3545DA,
3CF23360,
3DA5AC84,
3DD82C70,
BE66A856,
3D84C5DA,
3DDC3887,
BCA78246,
3D617C87,
3E8D7D86,
3E4A0312,
3E58A598,
3D4A4076,
3DBF3173,
3E38ACE3,
BC915010,
3B0127D9,
BE77667F,
3EAC585F,
3DC886E5,
BC9870A2,
BD3CAB18,
BD794B19,
3D0B986E,
BEB7EF2B,
3E7549EB,
3C12EE63,
3D55ADD1,
3D24D2FF,
3DBF1DC5,
BD1F9AB0,
3E9269E3,
3D1ACAC8,
3CAFE450,
BBB9B5C9,
3E9887BE,
BCDBEF28,
3DC16D8B,
3D9FA781,
BDFEF584,
3DE544C0,
BDDF3FB0,
3E505125,
3E09CA92,
BD560917,
BD1AA70F,
BD9069CE,
3E9E20FD,
3DC1EFD0,
BD7524C4,
3D6A024A,
3DF8C3AD,
BD1BB618,
BE0C798F,
BE31A81F,
BE220B9B,
3D972552,
3D0BE197,
3E28E1D7,
BD9602B3,
BE780958,
3E177E83,
BE5196A8,
BEB65490,
BD0021A8,
3E27161B,
BEB44922,
3DDAEB55,
BDB31FBC,
BE72EA36,
BE7EBA4A,
BE34CC86,
BE2710E0,
3DAA6B6B,
3E76B9B7,
3E1E4034,
3E11EC2F,
BE012462,
BECB427D,
3DE08E2E,
BDA222C6,
BBDF42D6,
BD60AB99,
BCB4593D,
BE7087F8,
3BAD7768,
3CE660B1,
3D43161B,
BE8B9FCA,
BD95A0AA,
3E33F845,
3C90333F,
3E7A3DF1,
BD494DB8,
BD2E4159,
BDCCBA57,
BD521421,
BCC97418,
BDB32E7D,
BDA2DCAC,
BEB03411,
3E12D756,
BD3F9793,
3D845ED2,
3E9EE245,
BC09BB1F,
3D945D9B,
BDD1674B,
3D110F62,
BE255560,
3D93DDA0,
3E0334BE,
BDD2BCE0,
3CA6BC7B,
BAD12338,
3D4D4782,
BC5766FD,
BD7006FC,
BD95133B,
BDE09177,
3DC1782F,
3ADB7623,
3E1B2910,
BE0504CA,
BC450268,
BCE73FC3,
BD9D72A5,
3D9352DB,
BE1132A2,
3C85FA74,
3D5DF8FA,
3C3D5EA6,
BD1FCFA1,
BD7AC824,
3DE37A44,
BDB0F149,
BE08D56C,
3D273068,
BD52F133,
3D3A8679,
3DC79034,
BE0A1D19,
BBBED608,
BD356442,
3DD654E7,
BCAE430D,
3EA905A7,
3BF3D52D,
3DF2FF35,
3CE72152,
3E8E05CB,
BE1727C1,
3DD8F2EF,
3D421DE6,
3DDEDDBF,
3DDDCFD6,
BC9C07E8,
3DB3A9A7,
3E87B9AB,
BBA5C782,
3DAE599B,
BDB91E29,
BDB9AF68,
BC27E31F,
BDE50E48,
3C9FE26B,
3B92B62E,
BD1F2777,
3E133E08,
BE0100F1,
BDCBA0E3,
3DE21D3B,
3CF92681,
BE0D6419,
3E0079AC,
BDB82909,
3D8EAC61,
BD8ED922,
BE41F1B5,
BDF4CED1,
3DAD9E75,
BCC5815D,
BE08887D,
BE211402,
3CA2A85B,
BDD03128,
3C16A909,
3B2C31A7,
3BF8597C,
BE080716,
3C1F92B1,
BCAB40D0,
3D1FB2FA,
3DB5CD05,
BDDAF8C3,
3DFDD199,
BDDDEA50,
BE362017,
3DB6F713,
BDCE01C9,
BCD6A308,
BE64E03B,
3DB95249,
3E1D1586,
BD94388C,
BD1CF09C,
BE14B0CC,
3E012E19,
3D8AA400,
BE140A15,
BE2D5B0E,
3D8526BD,
BE5FB6AB,
3E2F60B3,
3CB90037,
BE3BC13A,
3DCD3DD4,
BD3A80B7,
BE832955,
3E0BEB35,
3D0F4676,
BC72D1DF,
3C02A795,
3E571DC5,
BDCD1DBD,
BE776ADA,
BE4762F8,
3E27A447,
BE1CD182,
3D5049B9,
3DD5AAEB,
3DCF5333,
3CF6DFE0,
3DD715B9,
BB9A6731,
3DC06702,
BE796667,
3DD27A0B,
BD1FCF54,
3EAEC9E4,
BDBC6F2A,
BD4C675B,
3DAEADB7,
BCDACCCF,
3D9A7B56,
BDDBF895,
BE1B2BFC,
3DFB3296,
3E6D1411,
BDEFDDC7,
BDDEE6C0,
BCC830CC,
BE4A0328,
3E16FC9A,
BD328339,
BE323C9E,
3D4371EE,
BD8568AB,
BD82BCA9,
BD4ED795,
BE921B46,
3B8AC90F,
3E163ECB,
3D9CE113,
3A9C7B67,
BD27755A,
3D9A4AD6,
3D8B1ACD,
BE12CD3C,
3C6C9277,
3D1457B2,
3DE8DACA,
3DE81A7F,
3D8E45C6,
3E183599,
3C25F084,
3D8C4884,
3CCFF890,
BD99B774,
BDF4332A,
BD948041,
BEA62F19,
3B8BBA63,
3D14BB51,
3DB2D697,
3CC52412,
3CED2D79,
BD971400,
3DB5E71E,
BD084A18,
BE1B2480,
BEB63781,
BEA935CC,
BD426D1C,
3D1C37F1,
3B1176DF,
3DCDBDA2,
BDA9198D,
BDA8EBF2,
BE045185,
3DF055AC,
BD8BD1FC,
3E6410C5,
3D5F4ACE,
BDABA5F5,
BD73167F,
BE4AA50A,
3E44DC1A,
3E2BB3F7,
BD9F4015,
3E0C4F50,
3BED25C3,
3C637481,
BD6EAA9A,
BD9AECE5,
BD8A7489,
3EB15D96,
BB8447EB,
3BF32460,
BD9B5710,
3E1A8726,
3D4CFC18,
BDA7C8B6,
3E28F7F7,
3D93E09C,
BBE00ED1,
3D398102,
BD972BA9,
BB960B20,
3DB677B1,
BCB08D85,
BE1A0C0E,
3CDED903,
3D31F26B,
BD77B047,
BE2A5AE3,
3E37358F,
BE0884D1,
BE4BCD6B,
BD15AB2D,
BD1FA67C,
3E07511D,
3E6BCF11,
3E627197,
BD856D50,
3E9954BE,
BDA56607,
3C7BAC66,
BD95D3B4,
3E960B0C,
BD9F8705,
3D787950,
39D5412E,
3DFF83BC,
3DEE0746,
BE043AE8,
BDDAEB73,
3DDEE101,
3D38AD76,
BD49D8DC,
BDC38032,
BDFF6BB6,
3E0641D8,
3D85D531,
BE992C4A,
3E781A3B,
BDD3720A,
BD7B73C5,
3B822669,
BDEEB01A,
BE42BD46,
3E1DD678,
BD824170,
3DE8FE19,
BD5DDD6D,
BE4B74C6,
BE111484,
3E0E5895,
BDD94312,
3D53B519,
BE10EB7C,
3D792822,
BD03898D,
BDFF7D22,
3E09EBAE,
3DE58716,
BD94D952,
3D462D17,
3D291834,
3C0D88E2,
3D8EA166,
3EABA451,
3E0DBDA4,
BE74372E,
BC85FFDE,
3C9D5002,
3DCC3CB7,
BD732CA6,
3DBF00BC,
BDC4D35C,
3D28EC5C,
3DB35690,
BE46BC90,
3D65B52B,
3DD1E311,
3C855FB8,
BE0A50BA,
BE2EEE60,
3D94CFCF,
3AED3193,
BD189397,
3DC3AA76,
3D983408,
BC99F267,
BE243892,
BD538977,
BDAF4DCF,
3C63577A,
3E136C66,
BD03AD00,
BBAA85BF,
BD94EBD7,
3C9FC8FB,
BDEF3BF2,
BD2101A7,
3D289DC1,
BC9372C1,
BE0FEA39,
BDDD761B,
3E135EE9,
BE39F063,
3CB662AF,
3C8A4ABE,
3D82EE20,
3D23D55A,
3DC913B8,
3CD34474,
BD7FCF38,
3CA9D41D,
3D9B8DF2,
3C6C7E98,
395567F2,
3E1D63D1,
BD9C08AB,
3DE4FFF7,
3D26787E,
BD8A3EC1,
3D908CC8,
3E35CE7C,
BD6D27E5,
3DC3F1B8,
3D8DCED6,
BD367B62,
3C3CB8AC,
BD914523,
3E3B71F5,
3DFF33F1,
3E23092A,
BDDD8F45,
BE29B680,
3D66C0DC,
BCD89197,
BE0FBAC9,
BDE57CCE,
3CA22A49,
BDE8256C,
BD8B47E2,
BD356AB5,
3DE8804A,
BC094EFC,
3D0F9E77,
3DC28469,
BD8C4F97,
3E75275C,
3EA4549B,
BD3A5FBC,
3D9DA116,
3E9426B2,
3D297076,
BE720DFB,
3D1997B2,
3E23DF8B,
3E1F66DF,
BE0DBBF2,
3DB04E4E,
3D97759D,
BD49C640,
BDD1C733,
BE27D606,
BE089D88,
3D57F8DB,
3CE0290B,
3C1496D5,
3D97B429,
BDF710DC,
3DE689C9,
3D72FFFD,
BDEAC7E6,
3E18E79A,
BD1AEC2F,
BE5B4702,
3DBA6C99,
BD1E6F6D,
3D9CDB1D,
3E08321C,
BD827FE9,
BCFEC9B7,
3DED6E5D,
3D1A78D2,
BC32EAE0,
BCA8A8BD,
3C33B85D,
BDE900A1,
BDB35FD0,
3DB4FA88,
3D76CF6E,
BD76A3DA,
3D01A04E,
BD86D8DE,
3D98AB81,
BE1CF378,
BE5915B2,
3D2927AF,
BBD23074,
BDBD564A,
3D2A4E4B,
BDE7A6FE,
BD821B54,
3DE625AA,
3DE5155B,
3CF7C576,
3E31A35E,
BD2D0E53,
3B015892,
3CA5DA71,
3E29EED2,
3DA7EE8A,
BD32C743,
BD653AE3,
BD934F09,
3DB4EA80,
BD1D7F80,
3E73C7AC,
BE999633,
BD1DED5F,
3CF3A62E,
BCBD1A4B,
BD343764,
3CB0A175,
3C8DCD3C,
3D40B638,
3DCAB6BE,
BD1BF857,
BD3F824B,
3E0AD478,
3BB52F10,
BD65AE15,
3D4B35B8,
3E86AE4F,
BE8166FF,
BD47CA99,
3C2701BC,
BE235D15,
3DA173E6,
3D939368,
BD7146B7,
BDC57CDC,
BD4CB937,
BDA6F264,
BDED063A,
BE2F0CA3,
3CF6A73F,
3DB98ED5,
3CD31A1E,
BB15F47A,
BDD4B3E1,
BDA0606C,
BD826C0C,
BD09C5CD,
BC519E5A,
BE99D4ED,
3D59D945,
3B805024,
BD0D79B7,
3DE2BFC1,
BE4141AD,
BD2F683E,
BDAD73AE,
3E223DF7,
3D20769B,
BD2C3CA6,
3DE6D393,
3D3A867B,
BE1B2DA2,
3C22D7F6,
BAF953C3,
3DFF0610,
BD4B89E9,
3D57A3A6,
BD6E3D8C,
3E2857B3,
3D5B6E62,
BE189D29,
BD774E36,
BDDA5CE6,
3E1CF281,
BDAB035C,
BD8741F1,
3D8464EE,
3D05A1AE,
3CEEFFCF,
3BCDDDBA,
B94E118E,
BE125CE4,
BB3438FE,
BDDEBE77,
BDA399E0,
BD070744,
BD6B1C2E,
3CD17B6E,
3DD16AB6,
3D11080A,
BE052FE4,
3C6504B9,
BC7A094F,
3D22A438,
BE2BF6A8,
BDD8A1E8,
BD7E9F50,
3D4CDC0B,
BE2BE598,
3B846A36,
3CA05B41,
3E217F92,
BE8E21B7,
3E2A8507,
3DCD85DD,
3DA2C495,
3CF535F4,
3DB2A4B7,
3E400741,
BDBC3096,
BD63AA50,
BD4679E3,
3E2AB48E,
BD9F5001,
3C8BE8EF,
3E87499C,
BDB2BF1C,
BE777973,
BE2530A3,
B9901BC0,
3D77153B,
3D6C3C08,
3C9DF06F,
BCBD2DA8,
3DD4253C,
BCADB7DC,
3E0B8BBE,
3D22992D,
3C864A04,
3DB02386,
BE223F8B,
3DC2B921,
BE01DF80,
3E7787E9,
BD36217D,
BE8CAB25,
BD320680,
BDD0CA79,
3CB9250A,
BCF6F1A6,
BDF78FB6,
BD26BB29,
3D247256,
BCFE37FD,
3D3DC721,
3DA04276,
BDCBFD43,
BDB08C3A,
BDBEE442,
3D0503EB,
BE09EC01,
3D68273B,
3E497269,
BDE9BEB2,
3D7F18ED,
BCA92DCF,
BCB832F7,
BCC0BA07,
BD7FA47F,
3DEF4340,
3E45B976,
3DC97D17,
3DDCDA57,
3B723A7B,
3D0ED81C,
BB8356D0,
BCE2B4A7,
BE66B578,
3E4D2239,
BE449238,
3D7D5927,
3DAE77AA,
BD9C937B,
3DB2954C,
3EA469D8,
BE28B527,
3CB49208,
BDA5125E,
BD5E73BC,
3D9FC15D,
3E90742C,
3C867EEA,
BE5FE40A,
BD4E33BC,
3D4BE598,
BBD0D2B5,
BD64404C,
BE406741,
3E34E42C,
3C04A053,
BEA51CE2,
BDA9FDF9,
3D31E1DF,
3DFC4C7A,
3B8BA770,
BCD7BD26,
3E1F4FE1,
3B06C65B,
BE044B10,
BD2C6D47,
BDD2618D,
BC350BE4,
3DC938C6,
BBB37CDE,
3D117531,
BB49C147,
BD13C7CE,
BCEC4AEE,
3DFF0B9E,
BE5D354D,
BE2B1AD2,
3CB01D9C,
BE96BE71,
BE0A836A,
BD1B5F42,
3CDA0420,
3E173D97,
BD8A0C11,
BC984CE1,
BDA403F6,
BDBF3C17,
BDA1EAD7,
3E02F2A1,
3CE258E5,
BD83E4E4,
3D850BAA,
BE991269,
BD48BEA4,
3C99931D,
BB2A8A1B,
3E084767,
BC425227,
BD2747DE,
BD8C2A90,
BDA68299,
3DD04C2C,
3D0786A5,
BD238D78,
3D8BF02C,
BDA7E4EB,
BD81376A,
BC374A27,
3DA4888C,
BDD4E3D6,
3C12B39A,
3DCF6492,
3E22129E,
BE5531AC,
BDF44092,
3DB82CD6,
3E1D7FBB,
3D1A7C21,
3DC68F37,
BD16FD97,
BDA9E6FE,
3E21A2D8,
BDB6651F,
BD96730B,
3DDDBD35,
BC5C2939,
BE3C382D,
3D4544A6,
3D3CFE91,
BD8BD65B,
BD27D2D3,
39BC3090,
BCE5B9FA,
3DB04DB7,
BDC224EB,
3D7E43CC,
BD837033,
3D9999B0,
3D28BF56,
3D799CE9,
BE2AD0B2,
3C41A045,
BDD78768,
BDE5E64C,
BDE247BE,
3E0338A4,
3DA02E00,
BD8F44A9,
3D467F89,
BD32F049,
3D756B86,
BD725DFD,
BD49BADA,
BDCCBF0C,
3DBCBD77,
BCC4BC22,
BDBC3D63,
BDBD002F,
BD5F625C,
BD37A0AA,
3DF599B2,
BB55FF0E,
BE18E811,
3DFE71E0,
3D674443,
BD6ED4FE,
BDB4071A,
BD00CB5C,
BA322554,
BD5A6F8F,
BDD8D12D,
3D8587E2,
BD400A0F,
3CD800E3,
BBF27A5C,
BE04B2C7,
3E3EFA22,
BE1B1BF3,
3D9C9770,
3CA41F90,
BCD37CBB,
3D09B393,
BE003800,
3DA5C141,
BCA4D7E5,
3D46C883,
BD3F8C8F,
3C6A27CB,
BE10CEA6,
BDF860C3,
3CF03347,
BD8F0F6F,
BE03E179,
3D055A47,
B9CC5E0A,
BE11B473,
BDE8149D,
BE006E4C,
BDC7CE35,
BDAB1043,
BD3885F4,
3B0BBD22,
3D96AA02,
BD562F06,
3CDDF2C7,
3DBD89A6,
3D557115,
3C9F3F86,
3D34A18C,
3DA14804,
3D5B3684,
BDFD58E7,
BDD13E98,
BDB79B06,
3D748A22,
BC76B7AB,
3D9A26B9,
3E5ABC05,
BCD67FB7,
BD3DB424,
BDA5F6FA,
BD94EF39,
BD0F7BE4,
BE43490A,
3D540E71,
BDFE842A,
3C661CD8,
3CDB5BBF,
3DC093C7,
3DDB46C5,
BDC40516,
BDCBAF88,
3D4185B0,
BD064468,
BA29B203,
BDB90D82,
3D2131DF,
3D97D16A,
3E1AA48F,
3C48E9C3,
3E5CD1EF,
BD93A343,
BE099B4E,
3CABA689,
3DBC9004,
BD209B12,
3DF3DC60,
BE3E287E,
BD0AC8E9,
3E2BE6FA,
BD8D1887,
BBA90321,
BDC93AF4,
3E142F20,
BE5498C0,
3E62427C,
3D5B37C4,
BE5393E0,
BD2723A9,
BAD209B6,
3D8FB54B,
BCE6604A,
BDB5F003,
BCBF3215,
BE55B26A,
BDB26724,
BC23449A,
BD6739FE,
BE2E28CB,
BDCBF51F,
BD2EBD4C,
BD5C71D4,
3E049B67,
BD12C660,
3DA089AC,
BD990CD3,
3E13BADA,
3C713147,
3DA7AC38,
BC4C7FFF,
BD8AB954,
BDDA7630,
3D7135F5,
BDE4941B,
BDF17E0C,
BE04642B,
BD4B9419,
BE02628F,
BD5E4F99,
3E2D3532,
BE222B56,
BBA3C567,
BE24D9FE,
BC7EA466,
3CE2C354,
3DD3BEBE,
BDBED554,
3DD5AA9A,
BDD75BB4,
3D33C65B,
3D4B28EA,
BDC0213A,
BD198AB9,
B9D5D6A1,
3D3F80E7,
BDBF3F8D,
BD63CB5B,
BD93C28C,
BB59A13C,
3DBEA44B,
3E003EED,
3BBB2EFA,
3DF9DD87,
BDCC0950,
BDBC3F5B,
3D9661C0,
3D864C19,
3D0DF9B2,
BDA34259,
3CF3E9E6,
BDDF1477,
3DB9C16B,
BB6CF8F3,
BD5011F6,
BDEAF4EF,
BE04B469,
BD9F59AE,
BE570774,
3D89697A,
BDA182BF,
3DB48B86,
BE32EAB6,
3DD4641D,
3C21743B,
BCBB993D,
3DB2C13C,
3C4D5D7D,
3D94E206,
BC485A26,
BE423ED6,
3D2DF5B9,
BE318EDC,
3D454A76,
BD94A4F8,
3CC01AEE,
3DE7BDD5,
BAAB29C3,
3CDCA8B7,
BDC19C7D,
3E29F839,
3CF3A859,
3CD3F61C,
3E4195A9,
BD5F84CA,
BD52C1E5,
3D75AFF8,
3D5098D4,
3DC49DC3,
3D636C47,
BDD1EE63,
BCB3D811,
3B60EB81,
3DB05C97,
BD89037A,
BD22E8B1,
BC0B82D5,
3DD4CF7D,
BD62699E,
3DC4346D,
BD64C8C7,
3D20FB75,
BE093F55,
3CB1CA5C,
3D909314,
3D01682D,
BDD5F425,
3D8E05B8,
3D3C6C1C,
3D69A875,
BDD1A27B,
BCC9E1A3,
3DD0872D,
BE00FE95,
3C4C12A5,
3D1DC466,
3D0325F1,
BD78AA6D,
BDC3C18A,
3DEA7C16,
BDCAEDDC,
3DA9BB5A,
BDD49D11,
3AA08926,
BD7D0394,
3D17C0CD,
BD0E2149,
BDDC1CF8,
BD7C47C1,
3CB1AC06,
3C81EC36,
3DED5DD3,
BDD6A67B,
3D20F593,
BE0CD3F0,
3DE16D2B,
BDD8F6B0,
3E1C428A,
BD264145,
BDFBF1EF,
BE138695,
3DF8A206,
3D55EA70,
3C7B6184,
BE4771EF,
BD082E3B,
BDE6C0C2,
BD9DB24D,
3CCBA471,
BE4B64AA,
3DD19A51,
BD3E0B1F,
3D0D62CF,
BDB41BB2,
3DD85C67,
BCADEFD9,
3E0CF9A6,
BDE2D6BD,
3D365208,
BE15CEFB,
BDF3CB5B,
3E2A5D74,
BC919339,
3E1B183A,
BC607088,
3CAABD23,
BD5B132C,
BD97881D,
3DA88263,
BDD7C265,
3C665601,
3DD017B7,
BD89C408,
BD28FA0F,
3D508862,
3DDD0FBE,
BD89FA42,
3D8ADD80,
BDA224E6,
BE3BFB74,
3CEC3889,
BDED12AA,
BCB93563,
3D281C03,
BDC82589,
3B0192EC,
BD3F38FC,
BD2D50C8,
BCD88042,
BE3FD250,
BE0931CC,
3D5F9A83,
BDC2E3F1,
3D50E8D4,
3D8942EC,
BD0630A7,
3DA6144D,
3CB0DB1E,
BD2A3747,
BDD9B30B,
3B31EED2,
BD86DA25,
BC6BC9B2,
BE14BFB9,
BDB74A9C,
3BDE3B97,
3D9D5A59,
3A86A346,
3D5AFB2F,
3DC81A35,
3BD920B4,
BE27E370,
3E067986,
3E2535F5,
3E322B35,
BDCA12ED,
BD3C837C,
3C0E5BB0,
BD935508,
3C0615E5,
BD93A906,
3E241CC8,
BDB00CF0,
BC8B01C1,
3D02F2B9,
BE0D654F,
BDEC2A8A,
3C83F6BD,
3E02A048,
3E5672EE,
3D33C8E9,
BD070DFC,
3D92D31E,
3DE20615,
BAD561B2,
3CD20295,
BDCE6DB2,
BDB8C739,
BDBCA0F6,
BE07938A,
3D85FEBD,
3DD00AFF,
BE471518,
BDDDCB86,
BE1767A4,
3D777602,
BE0AE5A4,
BDBE7129,
BE19E2B2,
BE0B4493,
3C61C25D,
3DC4D448,
BD96A95A,
BD3A85DA,
3D0333ED,
BC69927E,
39C54EF5,
3D6624F7,
BE3CDC24,
3CFFBB79,
3C8278FA,
BCB61ACE,
3DBFD915,
3DD64C9D,
BD39B905,
BBDBFF71,
BD011BF6,
BDAB5E34,
3D281C59,
3DF8CFAB,
3D20BD90,
BC994A74,
BCAC92BE,
3C423491,
BD296FD7,
BCE6A959,
B8B66BB2,
3E5ED28A,
BD7D9D63,
BE80866C,
BD6E3D5E,
BD927F32,
BDC33373,
3DDD9D6E,
BB2DC200,
BD9489A9,
3CB9CFE0,
3D6BED50,
BE2615B6,
3DCDFE69,
3CAF22AB,
BCEA0095,
3DA0A1B5,
BD776520,
3D12122C,
3C361D15,
BE0336B7,
BDDEC984,
BBD24558,
BDBAA63F,
BD7BB111,
BC8A5345,
BE0E9202,
3E3E367E,
BD18F2D0,
BD0C6A74,
BD51F867,
3D922476,
BD82D34E,
BDE959D4,
3C4D082D,
BDAE2EE3,
BDB84D9E,
BD110AE8,
BBCE9329,
3E31BAC4,
BCA05AC8,
BDF77299,
BE71A211,
BD9CEFF7,
BDB6BD26,
3D063A47,
3D10B6ED,
3DE56F2E,
3D53DE5D,
3DF4A9DA,
BAD23C2A,
BD91073B,
3DB7E884,
BD0FA4A3,
BDAD486C,
BD676E5A,
BC2706A1,
3D259215,
3DD5ACE5,
BDD3C2D2,
3DB20C48,
3D1C4B16,
BE41550C,
BCFF81B8,
3B5C605D,
BD8A2E5B,
3D0359E6,
BD834601,
BDEBA2B2,
BD9C123B,
BDBE1142,
3DA41FB9,
3D4DC48E,
BE0F85D6,
BDBA968C,
3D98F603,
BE5FA3BD,
3D3E6836,
BDA364D2,
3D9B4045,
3D87A51C,
BB25642E,
BD5AD650,
3E4EFB11,
BDA728AC,
BDBF6D63,
BD027098,
BE581C5F,
3D5058EB,
3C899092,
BCAC3213,
BE05FAF1,
BD170743,
BD8F536E,
BE31B4C7,
3BB5F40D,
3E372D70,
BD2CD2C9,
BD396DC4,
3E29F7C1,
BE704E10,
BD256597,
BD0B581E,
3E2B443A,
BE43F684,
BCC08160,
3D7719B2,
3E120C0B,
BDC6FC55,
3D8550B0,
BDCD6E2E,
3D43DCF7,
3CE8EFCA,
3D34B852,
BDB87854,
3D7B5269,
3DB6AAF6,
3D34C40E,
BDAD4500,
3C44D134,
3E3B54D1,
3CB91417,
3DF23D96,
BCB63D2C,
BDEB91F6,
BDC610B3,
3D94E25B,
BE42CDF9,
BC998FDF,
BE027A41,
BD26484D,
BD6892E1,
BD5E01A4,
BCCF0E96,
BDF523CB,
BE21359C,
3B81F9E6,
BD3B4F59,
BD9931B7,
BCA920D2,
BDCECCD8,
3D24C796,
BC903BAC,
BE4AA377,
BD1F75B6,
3DB1AF5D,
BD782DB6,
BD848761,
3D4DF2EE,
BE42CC82,
BD19173C,
3D21DBE4,
3DBF791D,
BE1B5B08,
BE6BE007,
3D6A1989,
3E40CAC5,
BDFC9E30,
3E929A22,
3CC900E8,
BC8ADB66,
BDE31926,
3D99ABE4,
BD21C41E,
BE603072,
BD554755,
3DA91916,
BD0C9631,
BD44406F,
BDC956C8,
BE42418A,
3B0B111C,
BB7B1703,
3DBD9B44,
3E4CE132,
BD994E49,
3D2FE811,
BC1E849F,
3DF04599,
3D909159,
3D8A29AB,
BDAAD4E4,
BD839254,
3C7141DB,
3E10A178,
3C113912,
3DCE9595,
BE72608A,
BD3E9D62,
BDA0B2D2,
3E1FC4AF,
BE30E696,
3DB5D32F,
BCD2BF96,
3D85D97B,
BD0A3104,
3DF305BA,
3E3910E2,
BDA7AD61,
3E111538,
BD374EB6,
BC832D90,
BDBF652D,
3D0453B6,
3E5AD76C,
BE0FAB25,
3D5814E0,
BE308B6A,
BDE1AF51,
3D782378,
3D88344F,
BAF4EEAE,
BD226C6E,
3D429D3E,
BD7FD43D,
3E625AA6,
3DB87661,
BC2DAA1F,
3CB19A8C,
BE4616E8,
BDBFA4FB,
BDE77465,
3D3C42A7,
BCA492DB,
BE491DCE,
BD8621D1,
3E0F3F06,
3A8E72AE,
3E324095,
3D70EF70,
3B57B11A,
3D65BC71,
3B34881E,
BDCC4596,
BDC5CDDC,
BE88D63B,
3AA024F2,
3DAFF069,
BC3F06ED,
BE37D6F7,
BD99E0DB,
3E7A4479,
BE0416A9,
3DC02E2D,
3B4FF80E,
BD6248D3,
BCD737E9,
BD4A50EA,
BC42209B,
BD032744,
BE65D83A,
3D77DD01,
BD90B8A0,
3DF8D809,
3CFBB297,
3D257D47,
BE3BD810,
3D8425EB,
3D163005,
3DE3C3A7,
3D89E6F6,
BB97BA9A,
3C6622A6,
3C0F7BB3,
3DED4226,
3D017F61,
BE6DF4FA,
BE2D457F,
3E0C16A9,
BDC84C3B,
3D2E832A,
3D9007CC,
3BA791F8,
BD841B64,
BD745021,
3CECC711,
BBE01431,
3C73075B,
3E1BF6B0,
BDF855D4,
BCB0BFAF,
BE1913A1,
3E6F97B5,
BB9CEE0C,
3D6EFC2C,
3BF5912F,
BC8D6CCE,
BDC47441,
3E3862A3,
BE4A40D6,
3DCB99DF,
3D9356DA,
3C94F02E,
BE8D9D05,
BCFE0E08,
3D1C991A,
BDFA8958,
3E22003D,
BD687870,
BDC685B8,
BDCAEDCD,
BC2491E8,
BDD80FB7,
BD1BAF9E,
BD88693F,
3DE25C9F,
BE11AF39,
3D554D00,
BC45E5DA,
3DCC8A25,
BDF12481,
3E9607A8,
3D67BE14,
BDF31C4D,
BDA1F1C2,
BE054662,
3D3F6FC3,
BCF4D623,
BE23C01F,
3CEA93BC,
BE14AF84,
3DB10B19,
3E591054,
3D3B2519,
3C4EDF83,
BD8B6439,
BBED4719,
BD8DE694,
BA2F7180,
BDA05DDE,
3D7D8EDE,
3DEC60E5,
3E324B86,
3D932241,
3DDE200E,
3E005124,
BE02429F,
BE21A3A8,
BDE5A613,
BE0FE2F3,
BDDAC940,
BE4C7B6B,
BD9AED15,
3E8FC246,
3C0CA934,
BD5FEF57,
BD938B45,
3C42A1B0,
3EC5F7CE,
BDA290D0,
3E074965,
3DC89183,
BCCF66AE,
BD364877,
3D820528,
3E8320C5,
BE0B4AF1,
BC649591,
3D228974,
BE400CB5,
BE145DF3,
BDAB0883,
3D496AC2,
3C5EF999,
BCEBC995,
BD45256B,
BAC6567B,
BDCE1C22,
3E14B688,
BDD1F638,
3CF6F2BA,
3DA83626,
BCCC5FAE,
BEB56A23,
BCD726E4,
BE465F9C,
3DCBE4B2,
3D80672E,
3C264F65,
3D8E5504,
BE93ED23,
3D362321,
3CD864B0,
3E5200A3,
3E931429,
BDB264E3,
3DD367A9,
BDA00BA8,
BE6320F2,
BDE74C60,
3E2EF091,
BDA07EE6,
BCF7CE74,
BDA29061,
3BA66FA4,
3CAD77F3,
3DA20DB5,
3E11A36E,
BE0F424C,
3D8EC6E7,
3D8883BD,
3D895D1D,
BDB668B1,
BC9209D5,
BDA40182,
3E228914,
3D7391F9,
BC527F3C,
BDD9C145,
3DDBCADC,
3DA0138B,
BC693116,
BDB81EC5,
3C896C1D,
BD96849C,
3CE3F315,
BDCEBFA4,
BD8809DE,
BDDE826E,
3DB8AA8C,
BDA6836A,
BE0B9D23,
BDD177F7,
3CD3A143,
3CD9E877,
BDC31A5F,
BC54570A,
BAC01B61,
BCB480F5,
3E56B65D,
3E48C33B,
3E109F32,
3D2FD976,
BDAEBE35,
3E0944BE,
3B2FC629,
3D57687C,
3C4C0585,
3C9F2C94,
3DA1F51A,
BD98481F,
3DB99476,
3CFA3865,
BD933887,
BDE00C0C,
BCA66AAB,
BDC6300A,
BD8492C5,
BD136395,
3DE9AC33,
3C954A74,
BD949D10,
BD9EF8BD,
BD2D5D50,
3DE74977,
BC0FB905,
BDA24E64,
BE333B39,
3CA6F94E,
3DE7AB07,
3D9843D3,
3E206C44,
3CB91474,
3E186591,
BD84EE33,
BD532F11,
BD68F07F,
3D102688,
3CAA7156,
BE0E6464,
3E11F699,
BD8A21F3,
BE306CC6,
BDC6DC77,
BCD20C68,
3DCCEE59,
BDCF5657,
BD7DEF30,
BDDF8694,
3C8A8EEA,
3DFA4190,
3DAF8C9E,
3E14B354,
BE30C40B,
BC89C0CF,
BD01800C,
BE2A66E8,
BD15B142,
BCB365FF,
BDBF2647,
3D6C32C4,
3C603BC1,
3A696D95,
3DFA469C,
BC8BD8D1,
BD596A17,
3DD0A751,
BC9830FE,
BDE4B3F2,
3D606ABD,
3DB71607,
BDDD3077,
BB47DCB2,
3D8E0CAB,
BCB10970,
BD45206B,
3D125A8F,
3D0D2240,
3DCD1414,
BD4AD7B4,
BD9E7BF1,
BE212A1F,
BDBAE029,
BCF1D2CF,
3D553047,
3CD3DC36,
BD842DC1,
BD2CE2D0,
BCA2DF39,
3D34DCF4,
3C76F8D5,
BDD911E3,
BD9796A2,
3DAAC9A0,
3D8585C0,
3CB6389C,
BD83D869,
BE8B4448,
BE6166F1,
3E52A23C,
BD447341,
BDE38DC1,
BC7C1C4F,
BE17991F,
3E6EB898,
3BE45D2A,
3CDA0D0B,
BE061474,
BE0CE3D7,
3E052DE3,
3E025A47,
3BF7699A,
3D3FBD46,
3D46FA23,
BDC0B480,
BDB507C4,
3DBA2703,
BD5A0A1F,
BDF87D21,
3DD2A8F0,
3C8FE81E,
3E3564D6,
3B89D9FA,
3CD0C3C4,
BC7BD635,
3D946F28,
3E0DE88B,
BD22654E,
3E0B65DC,
BEB37F29,
BD9C112E,
3D032898,
3E938EDF,
3AF43F75,
3E26A3CD,
BD601998,
3D322426,
BBC97F89,
BECD499B,
3CC1B87F,
BE02F54A,
BD2BAF80,
BC9F6E89,
3D6CA9AF,
BD13B0FF,
BE4985C5,
3EA7CA61,
3E0FAC95,
3E5B9A69,
3D149B27,
BEFE59CF,
BE56FFBD,
BD0E5BF9,
3DD3868A,
BD15D187,
BD2FBF9F,
3D813E8C,
BDE3302F,
3EE78227,
BE132BAB,
BE2734CD,
BDB76AFA,
3E2FD4E6,
3CC3CAEB,
3DEDAFB8,
BE0E62AF,
3D6F9789,
BC1249B4,
3E9287F6,
3E6DC5C0,
3CC620D0,
BDDEE311,
BD6CD2AE,
3D3C723F,
3D6DD308,
3E1661EC,
BD226B28,
BE6437AC,
3D70D8F2,
BDCAE721,
3E13E300,
BEA62D58,
3C7EF580,
BE00A959,
BE5B4864,
3E7ECA3C,
BE566836,
BE22C315,
BDA13F3F,
3E8090F3,
BD76CFF9,
BD05BA7A,
BEAC9E5E,
3DC1DAB6,
3DF657DD,
BC5A6001,
3ECB3D21,
3D6DC090,
3E107637,
BDB51DE8,
BBB21BDC,
3E76D4D8,
3EA58838,
BE9F0575,
3DECB616,
3D9C8F28,
3DA4E5DE,
BDB0E6AA,
BD9A0515,
3E6E65D7,
BD87FF14,
3E519E98,
3E00FC4A,
BE49F65D,
BDA4537D,
BCC4868B,
3C7EDE29,
BDB91EBC,
BDA51E77,
3E18E85A,
3DD59D58,
3E9012BD,
BE5F1E69,
BDC8D240,
3ECE96F8,
BD362997,
3DEDA68C,
3E13E54B,
BE3F0ED9,
BCA2B863,
BEDF070A,
BE206C44,
3DC5CBF2,
BE139344,
3D2A38EF,
BE0F5099,
BECD1747,
3DF13681,
3DEDC61E,
BECC591D,
3CEDCA98,
3E79394E,
BF17BB64,
3D4DDA40,
3D8CB008,
3D1C97FE,
3E2AB9F4,
3E11825E,
BD9BC687,
3F0592C5,
3EAEDEF7,
3E03EC9A,
3E017765,
3C6C693C,
3E89DDF3,
BD678C7C,
BDD43FCB,
3E2745F5,
BD37FDB6,
BD84385E,
BE653121,
BDB6AFEB,
BC1F3E62,
3D63B240,
3D9C475F,
3DBEEE35,
3DE94520,
BB4EAECC,
3C9CCACC,
BDEDDDA8,
3E41F495,
3DDED90A,
BDE83B46,
3DF865F1,
BE9B7104,
BD832C26,
3CCEB9FE,
BC987435,
BD51BC67,
BD1A5072,
3D1E758F,
3D1DD07A,
BCF62F85,
BDA38224,
3D94CB59,
3DAEA11B,
BEA085FF,
3E72D304,
3DB295CD,
3E8CB81B,
BD25A3B6,
BCDCAC5F,
BDA06C47,
3D8C4C04,
3CE8ED83,
3DC4B663,
BE5FAFAF,
3DD94E1B,
3E814A87,
BC758FFB,
BDAEDA02,
3D0E753B,
3E451B7C,
BDBD0DE0,
BDCD30F0,
3D8FF222,
BD9DD385,
3CC944F2,
3D97CEF4,
3E916E91,
BDAA6A37,
BD843500,
3B9A19A2,
BDC8CCB7,
BCC723EB,
3E1A953E,
BC046329,
3B6A6F31,
BDB3B530,
BE073DE0,
BDDB72A9,
3CEA3E94,
3DD5D144,
3DFB12B0,
BBB5E962,
3DBF437C,
BD69E58B,
BC20D062,
3CA786E8,
BE21782A,
3CA80D7C,
3DB37D90,
3CFD58B6,
3C30651D,
BE77F92D,
3D1783F6,
3C9F6C30,
BDA67ABF,
3DDB8224,
BE6C505D,
3E0D3DDE,
3E561421,
BDBF6228,
3DC1AD69,
3CB0B334,
BC0010F3,
3E2208BE,
BE8FCA14,
3E2195EA,
BE22CEC9,
BC26DF5C,
3DF8A2C3,
BDE73429,
3E0CBE31,
3DA77133,
3D4C2829,
3D372135,
3D3E2F7E,
3DBF022D,
BD8B4FB8,
3D91837A,
3D7B5056,
3DAE10F2,
3D9412BC,
3DCCC826,
BC8AAD50,
BD725E0B,
BE2948B0,
3DC2B2E3,
3CEB109F,
3D937417,
3D4E7885,
B816B87A,
BD7E5F3A,
3AF9DF48,
BDCD55BC,
BE36C7E9,
BE2FFB33,
3DCE74FC,
3DDF62DA,
BD13432B,
3DC41DEB,
BDE465A4,
3CCE9636,
BDAB86E3,
3DFAB325,
BDE4655D,
BD852B8F,
3E616164,
BDBF3D4F,
BB8F6B96,
3D03ECCF,
3DC025C1,
3C1BBFAC,
BE63040B,
3E6A1909,
3E09D7AF,
3C57DEC0,
3D77B534,
3B91ABDF,
3D5CFC1E,
3D88F290,
3E9A5F40,
BD2E7741,
3CE32C6A,
3DA818CB,
BE363A4E,
3EA970A0,
BD7191B0,
3DD0142F,
BCEEEB83,
3D62AD54,
3CF646AF,
BD4739D9,
3E99DEFA,
BD72C9AE,
BE52FA8F,
BD9C1C73,
3C946972,
BC9AC512,
3D5863A2,
BB4ADAE0,
BD8A9238,
BBEEDFBC,
3E384E00,
3DAF07A5,
3C813F1B,
3DAD99DD,
3D8D8C3F,
3D0C79EA,
BCBF682A,
3DE686E9,
BE7CB30A,
BDD66798,
3CE8DCA5,
BD6C25C2,
BD55B0FF,
BE1E4C87,
BEA338D9,
3C3C1377,
BDBF30EB,
3E69F00D,
BDF98E2D,
BD9AC8A9,
BE047787,
3D41718C,
BDD1174B,
BCCF19F5,
BD9306DD,
3D52093D,
BDB1C029,
3E302406,
BCC81938,
3D3B8F5F,
3E03BC15,
3CA79638,
3D915797,
3DFA9302,
3E4A86D7,
BD8B93B0,
BC1DC7DC,
3D6A3B2E,
3E63C6FE,
BE2F27F3,
3CD4CA37,
BE303C23,
BE435726,
3E68100A,
BC1CCE4C,
BDF32EF1,
3E9AD2B9,
3E3B389D,
BE6BD1A0,
3E035AFA,
BD0D4C53,
3D161BBD,
BDA514BE,
3DC56A52,
BE4019B1,
3E647E57,
3CCA5478,
BDCFD75E,
BE8569AA,
3E259557,
BDDF9864,
BC1F2EA6,
BE54B7DE,
BD4F2621,
3D554EC9,
BE060862,
BD0F0819,
BE0A3612,
BE521C4D,
BD82A65F,
3AE39B7A,
BDF8A09B,
3E199788,
BAF4AF68,
BEC21663,
BDA2099A,
3E71A570,
BD993EA2,
BB763940,
3CFF0A1F,
3DDEA030,
3E161E33,
3E203055,
3C8AC47C,
BD073DCC,
BD6CF908,
BD42577C,
BE378038,
BD53E01C,
3DC98105,
BCA4509A,
3E48FCBA,
3D8DB174,
3D0B1502,
3DD1D21B,
BD853B24,
3CD2F67A,
3E329CC5,
BD78D7D9,
3DFBD2CD,
3CD2E636,
BDAFBD97,
BDF741E4,
BD645518,
BE3F3DC1,
BC058DEC,
BE12A16E,
3D10E133,
3E53F76C,
BDA2CB12,
BE5E2935,
BD89F8FB,
BD4265CB,
3DD8DCFA,
3D79059A,
BE16D1AB,
BD54DC5E,
BDABC417,
BDBAFB11,
3E196F88,
BC456B1D,
3E7EF64D,
3D9DB523,
BC9F0FC1,
3BBBCBB0,
3E704980,
3C5140C9,
BBF4A158,
BD938059,
BDFE5412,
3E47B2A9,
BE3C8A43,
3CD4803E,
BD26AF2F,
BC9E5457,
BDEB78A9,
BC5B5742,
3B5BF4FA,
3DC17C06,
BD36316C,
3E3C8CB3,
BD862BF4,
BE3B1BDE,
BDD1CD53,
3DF0C9E7,
3D3075E0,
BD7DC765,
BE14F343,
3D2C8405,
3CD2ED86,
3C103EF8,
3CB83890,
BD96F6EB,
BDBCBD34,
BAB7FE8C,
BDCB8B58,
BD96B82B,
BCBE92EA,
BD810331,
BDE63C2D,
3D077589,
3C8B5E7A,
39A95F93,
BDB67400,
3DADF517,
3BE01930,
3D9B6E63,
BE1013B3,
BDDA31FB,
BD534673,
3D9C89CA,
BD8C7CD1,
3DEF8C9E,
BDD2E926,
BE3890CD,
BD1A3A8E,
BDE2BE9E,
BD28F4AB,
3CB4A4E8,
BE0AE58E,
3D1F789C,
3D363CED,
BDEBE633,
3DC08A36,
BE2A03C9,
BD833F5E,
3D3CF72C,
3D94CFCB,
BC4877BA,
BDA8158A,
3D1269ED,
BD99A138,
BD5A708B,
3D34CFD0,
3D031CA6,
BBC859D1,
BE804D86,
3E06252C,
3E404618,
BE6096A9,
3C1E5DFD,
3E29484A,
BDC374FF,
BD7907E1,
BCBC5CB5,
BDB3D191,
BDD4922C,
3D941BB0,
BE05B231,
3D8CCA5A,
3D556C7F,
BDA73CE9,
3DD6BD44,
BC922C84,
BBC0E260,
3E0609E1,
3D186891,
BA94BC86,
3CA57F2D,
3DEFEE53,
BD874DC5,
BCBD3009,
BDDB6036,
BD31C7A4,
BDC92434,
BE085C07,
3D84AF80,
3E055FC0,
BD6BB541,
BCAAAFB7,
3E49A91D,
BBD6BBF7,
3D655715,
3D7D6E4D,
3DAB9CB0,
3D30A829,
BE01D5CF,
BC3999CC,
3DCA66C6,
3E15B911,
3D070239,
3E0D84D9,
3D3F35C9,
BB9E0274,
3DE5EA4A,
BE3B6AEC,
3D56B30D,
BDEE5D22,
BDDB6DE9,
BD2D2982,
BDF12880,
3D9A88FF,
BD0059D3,
3E2BECD8,
BD17C198,
3D935C06,
3D858F9F,
3E29E38E,
3D0A6896,
BD0FF98D,
BD8DF10B,
BE18667E,
3E3E967A,
3C83917C,
3CAAB83D,
BE25DB5D,
BE097B9F,
3D1F4BB2,
BD556DE8,
BD57C5AE,
BD184353,
BD82CA7E,
3DC4443B,
3E54AEEB,
BD8F3CDE,
BDCA5705,
BD894420,
BE20E144,
BD5F3B0C,
BC257E03,
BCE376BF,
3E0E1067,
BE060344,
BD95B38E,
BD7738D7,
3E0D4107,
3D612027,
3E3767F4,
BDF1BBA8,
BDF1B2D0,
3C375879,
BE0AA887,
BDAEBC11,
3D130A34,
3D93E192,
3CBBCD49,
3D21FE48,
BDA90BAF,
BDFB9226,
3D1E0D38,
3DE3E267,
BE35A90E,
3E961F5B,
3C310896,
BE56A21B,
B91BEFE6,
BC96D156,
3C24444E,
BCE8E104,
3D561AB4,
BE1E0088,
3DD84E03,
3DA67F7E,
BD906275,
BE18799F,
BE28B4FE,
3D935DA0,
BDC59F83,
BD3D83C5,
3D0E22F0,
3BB64D76,
3DB17256,
BC4C8B97,
BBE58B86,
BDB3991D,
BE071409,
BDCA5201,
3BAB0E6A,
3DA96CB9,
3D971EAA,
BE16B7A2,
BDBCD86D,
BD2F19C8,
3CAD4B63,
3C84FFFA,
BCCEF46C,
BD020E74,
3BF9B2D6,
3DE7B01B,
3D93D255,
3D819AAC,
BE2231CE,
BD14AF55,
BE11BD62,
BD71949D,
BD6CC163,
3D6E21AA,
3DBB9FBC,
3D5F28CB,
BD8F652B,
3DDA9EEA,
3D35BB6A,
BDEF8E77,
3CADB959,
3DC62C9D,
3E429435,
39A93F8E,
BE4B6F62,
BCD040B0,
3D9CFAE3,
3E01EE0D,
BD7273A8,
3D9A3E0E,
BBD39C55,
3DD5A26D,
3CF26B5A,
3DD743B8,
3C352F5C,
3DCF0607,
3D49C5C8,
3D200C1B,
BAA4DF4D,
3D654D72,
BC88FA05,
3E1CB2EC,
3D1DB79B,
3D0FC852,
BCCF857D,
3C96B172,
BCF46A59,
BC39ACA0,
BDAB4DE3,
BCBEC5CA,
3CFA9044,
BDE0AF22,
3D75CE11,
3DE25938,
BD0602FD,
BD30D5BB,
3D1D7CAE,
BCC6F142,
BDC3AF00,
3C8F9AB6,
3D633A04,
BD8D995E,
3CAD93F8,
3DF1D24A,
BD031B03,
3DD6E04E,
3BBB38E7,
BC905D33,
3DA2CE5D,
BE022CA5,
BCD3F15D,
BD96D051,
3D698C94,
BDA6F961,
BD3BC590,
BDCEB198,
BDAC8CF6,
BD5FF135,
3CAEBE67,
3E12C77E,
BAA92FC8,
BD820AB1,
BDF142D9,
3D3DE7FD,
3D2DD547,
BE00F76C,
BD5D33ED,
BD8258B2,
3E528219,
3E1EFF74,
3E07A861,
BB10A78D,
3CCBE1F6,
BCF60866,
3E631F05,
3B8D2CE0,
3DCB4609,
BDDE9589,
3D9AD2FB,
BD854295,
3D712F31,
BDDC964B,
BD77DD7C,
BDB3E243,
3DD0CE10,
3E19F2B1,
3DE810EC,
3D6A405B,
3E0C1CA7,
BE32CD0B,
BE1D091D,
BE26883B,
3C1D98F4,
BCE8F6C8,
3C20A52C,
BE279634,
BDBB7BFA,
BD4406B3,
3D8450C0,
3DDB77B9,
BD4A0958,
3E099267,
3CB5568A,
BCF7224D,
BCBC4557,
BD3FCAEC,
3C7CE670,
BD8B64BF,
3CD093B1,
3D044FF3,
BD2B5C88,
BE0E1C5A,
3E1D35FC,
BDFACF20,
3E3D5D7F,
3E25F3F6,
3DD5EC26,
BCB31658,
3DCFC320,
BE62AA52,
3E358E8C,
BD065E2A,
3E1494E5,
BDFE554D,
3CA05D95,
BC161B60,
BD30D68E,
BD0C2CC3,
BD00D29A,
BDE43EE9,
BE208D5C,
3D8229A0,
3D992B79,
3D872D38,
BDE70788,
3D22201B,
BE18D1B2,
3D000072,
3CFEAAE5,
3DA5CA89,
3DA4E670,
BDF42D8C,
3D0B8601,
3D9B7C8E,
3D93083A,
BDA0143B,
BD2338B0,
BDD18CEC,
BD8E74C2,
3DD6FD15,
3E09CEE1,
BBC9C711,
3E5A01BD,
3DF198BD,
3D9D3911,
BD38E46E,
BC8A1A0B,
3D2D6EE5,
3D801A55,
3DA1A327,
3DB19996,
38DF4D1E,
3D2652D8,
3B05BA5E,
3DFE481C,
3E9FD8C6,
3E13BFEB,
BD982DC4,
3E16622E,
3D4FE6E5,
3D5B5838,
BBFE9004,
3D4A7243,
BE10D22B,
3DBE5B86,
3DCD3588,
3DDA2531,
BDC3C7ED,
3DB55EF1,
3CAA2B5E,
BD7DC9EE,
3D923493,
BD905C06,
BCCC3871,
3DBD82A7,
3E47B83A,
BDB80C94,
3E3E94E2,
3E697575,
BB2A8A73,
3E3EFE7A,
3DDAEFA0,
BE494BFA,
BDF02DDA,
3D7F9957,
3DEE5704,
BE70FD83,
BD84E23C,
BC8BC6D3,
BD89427D,
BD474913,
BDB7EE6D,
BC8DB494,
3E265E8A,
BDF1CB54,
BD36E3B7,
BE258277,
BE1E79F4,
3D1572FE,
BD4FFDC2,
BDABAA19,
3E124368,
3D361B7B,
BE5C8F43,
3DC2D21F,
BE52A9A4,
BE8EBD8F,
BDF7907C,
BDBDB411,
BE1DA039,
BD89FB86,
BD30550E,
3C29E543,
BE3DECC2,
3E5D076E,
BDBA90BB,
3D33A512,
BE2932EE,
3D9A3298,
3D38447E,
BCAC5C35,
3CFC1E36,
BDBF980C,
BDC699D0,
3E4C3CA8,
3D8C15FF,
BCCA7EE6,
BD9C06B3,
3C7A8589,
3DEF8044,
3DB23E0E,
3C6E6A45,
BE14332D,
BB5FEB43,
3CE0BC00,
3D675B73,
3D9A7539,
3D8EB782,
BDFCE267,
3D093E60,
BB8A2C09,
3DA1A4D6,
BD772C5D,
3D18F6F4,
BD94D10B,
3D15CD4C,
3AF25B9D,
3D27C8A0,
3CC89988,
BDDC4289,
3C5E54C2,
BE6D93B3,
BDF12E85,
3E77A7D4,
BE908000,
3E2F9433,
3DE0D373,
BD9111D2,
3E029CA1,
3E01C445,
3E2ED7AF,
3D611495,
3E0394E9,
BD6A4017,
3DFDA196,
BCEEDED9,
BD9B90CF,
3E8C0A6A,
BE9559C1,
BD6B8DDA,
BEA21526,
3D43D3BB,
3D93334F,
BCF2623F,
BE7517B8,
BDCD52A1,
3DD8FE54,
3C4FB5B3,
3E5C2A67,
BC5C4381,
3D6C93D9,
BCFD1EBB,
BC160E89,
BE5D8C30,
3DC36773,
3CD30B4F,
BD8F9885,
BDD40AFA,
BDDAE721,
3D5907A1,
3D53C6E0,
3CDCA3CD,
BD85439E,
BB82683B,
3D4E1E60,
BDBCB3F3,
BDF87720,
3D4FA3ED,
3D9F8286,
3D5B1BF1,
3D91C89E,
3EA19D88,
3DADCDBB,
BE0A9B14,
3E8C8710,
3C96E787,
3C8BC4A0,
BE26AA37,
BDF3823D,
BD9EDCBA,
BE08EE09,
3E42E63B,
3DDCBFC3,
BD215DF7,
3C7CFB3E,
3DE78BEB,
BC51CE74,
BE10D412,
3E21C92E,
BE06FCCE,
3EAAB054,
BE9B3468,
3DEA5F3B,
3E3B8A10,
BDB21D4B,
BCA56472,
3EBF42B5,
3D48D253,
3E6ECDBA,
BD694786,
BD5F9944,
3E8DFD37,
BD2BB4A2,
3E322327,
BE1024E7,
BDC4C162,
3CEDADD7,
3BC8E9B1,
3D92316C,
BE8386EE,
3CCE392A,
BE144ECE,
BE2C1215,
3D579D60,
3E8ABF44,
3E57D590,
BD57890E,
BDC6F774,
3EC51D0A,
BDB69976,
BD2D66D2,
BDFC03BC,
BBA1D353,
3E5ADF38,
3E15BDE3,
3DB3E75F,
BCF5B30C,
3E04FB5A,
3B8CA726,
3D23F03B,
3DE5A8E1,
BE01AD7A,
BA9B97EE,
BD0DA96C,
BE1A0165,
BE99A501,
3D97F7F0,
BD18752A,
BD11D034,
BCA1F7BB,
BD8CF622,
3D538188,
3B9D4FC8,
BDB9885F,
3CE80800,
3D5FD80D,
3E04880E,
3BEA4286,
3D80B246,
3D04A038,
BE229876,
BD8A37E9,
3C6D9350,
BCC7FCD3,
BC18DF25,
BD7E1DF4,
BD1CEB87,
3CDEA0FF,
3E00E4F9,
3D0D8A95,
BCD36304,
BD895C10,
BD248303,
BD474FB8,
BD0BB6FB,
3D61923E,
3D2EB53E,
BCD3AB02,
BCF57BA4,
BD63B2EA,
BD29CB5B,
BAD22471,
3DD0D124,
3DCE0EAD,
BDAD1137,
BCE25797,
BC1A95AC,
3D3F5A5E,
3E19F94B,
3C25584D,
BDA08340,
BE575DFF,
BD284181,
3E3D369F,
3C6784D1,
3D263C4D,
BD2A99A2,
3D29A3CA,
BDA3E1D6,
3DC00D47,
3BA65F48,
BD901D00,
BD6CD7AE,
3CDFBF84,
3DF279F7,
3D0FF8E1,
BDC87C9D,
3DAD7F8B,
3D3B566C,
3D001CA2,
3C9C29B9,
BDE795D6,
3E029BAB,
3D5E3579,
BE09467B,
3C8264B3,
3DBFF75A,
BC866A37,
BDA6A0C0,
3DD45F92,
3DCB5F47,
BD50F52B,
BD86A699,
3D2A18D9,
3E0F7259,
3D430F37,
3D6C5600,
BD6D20D3,
BD13DAE7,
3C98D888,
3DFE444F,
3E0A258D,
BE53FFFB,
3D95F2F8,
3D3177B9,
3D02665B,
3E1AA73D,
BDC4C29D,
BD75956B,
3D6C7E91,
BB861366,
3D1AF397,
3D82E0E2,
3D8AB972,
3D0AE559,
BD213DF8,
3DD6A624,
3CBDE2ED,
BCE233CD,
BE5E6203,
BE02D0ED,
BCFDC532,
3D7DDC47,
3D219EF6,
3DA08BDB,
BDD57686,
3DAD17A4,
3C5DC9BD,
3D8DBA42,
3DA67626,
3D5073E0,
BCDC3D79,
3CCB5265,
3BA28AC4,
3C423CD1,
BD1063D6,
BD4312E7,
BDE93E86,
3C104EA6,
BD40AE56,
3D13C519,
3DA9AF45,
3C653972,
BCFEE543,
3E2A9785,
3AD8B932,
3E100A52,
BE091CAF,
3D89EA84,
BD104BE5,
BC2F2F87,
BD6830A4,
3CE4A61A,
3E2F82C3,
BDCACFBC,
BD2BD720,
BCE10065,
3E0FF649,
BDBA4669,
BE1A9EDB,
3CD88308,
3C948F72,
BD8FE219,
3DA78500,
BD785770,
3C8B8388,
3D09BB06,
3D6CCEAE,
BCB609FD,
BD1BA9CE,
BE7E550C,
3CA04DBA,
BD217E07,
BE1BC205,
3E14FE56,
3E6B856B,
3E903C3D,
BD80CCD0,
3D561BD6,
BD3D42CB,
3E20B885,
3B22D57C,
BE0C2E24,
BDE9D1B3,
3E0078A1,
BC3A47FF,
3D023358,
BD06F0E3,
BDBB76AD,
BD2C7822,
BE84C1A9,
3DD2CA79,
3E03AE6D,
BDB8E7BD,
3DDA9649,
BDE1E1DA,
BD1A2D34,
3E21D725,
BC7CDDF1,
3E50AFC9,
3DA51C39,
3E15B2AA,
3CE597C1,
BD2547E9,
BE94381A,
3C1EAED3,
3A8A37F1,
BBD1D743,
3DA71D13,
3E13A231,
3C40202F,
BDC1F02C,
3CCFF788,
3DF5069E,
BDAF4352,
BD9FE05A,
BD41A077,
BC1AC709,
3E119BBB,
3D5D521F,
BE2FE239,
BDDF299B,
BD3BF463,
BDFE74B2,
3D96D3A6,
BD91F4A5,
BDF77318,
3DAE7D63,
3D803E49,
BE09526A,
3DBCC9B9,
3D6375B7,
BD019574,
3CC2943B,
BDF2FE9E,
3D06297A,
3CE608B4,
BC7E86B0,
3D045621,
BE155364,
3D56ED9C,
3DDE58F2,
BD848EFD,
3C287F9A,
3DBCCBAE,
3D79FE86,
3DDEC518,
BE063E79,
3E16C24D,
3D907F33,
BD47DE7E,
3E5C45F0,
3E02564B,
3D269C8A,
3DDBDAC7,
3E1A9C9A,
3DF35ABA,
3E21DB52,
3CFB7923,
BC849ED9,
BCB4F17C,
3D82BA4E,
3BE62A82,
BD83B80C,
3CC5D9CA,
BE4AC6A7,
BD97CBA8,
BDA14B6F,
BD59994C,
BDBED723,
3C4F59C4,
3E19DC5D,
3DD49E0B,
3DB7342A,
BD26BE59,
BDEC34B5,
BD65F416,
3D019DA3,
3BB362BD,
BE03D617,
3CE5C9DE,
3D97CB2A,
3D372DEE,
3E2CC8EA,
BDF53E51,
3D3638B1,
3DCD6B44,
BDACE4B5,
BE060958,
BDB2178F,
BDD73FAA,
BC79F613,
3CF30CD1,
BC3FF2F9,
BC2E09BD,
BE6B8102,
BDA90E1F,
3CB29A1F,
BDEA5D95,
3D5AFCEA,
3D3288FD,
BD607D56,
3CEBE825,
3DB2BB10,
3CE821C4,
BC895681,
3C976DC3,
3C10FDBA,
3E2E9873,
BD659ED4,
BD86FA24,
BE1DD474,
3C0E1566,
3E07017E,
3DBEE75C,
BBBE2CD6,
BDFCCF39,
3BA85F44,
BE37D837,
3E23936C,
BDAEDAD7,
BBB93E2C,
BDAB8B84,
BD948FF4,
3D1F1663,
3D98F1F0,
BC0C7D7D,
3DDAC592,
3DC3826D,
3DDF68A7,
BD2BBFE5,
BDBBC559,
BE3CFDD3,
BC884B56,
3C8AAE92,
BD04FF49,
BDFE8886,
3DA409CF,
3D8D9293,
BE20F4AC,
BDD2CA97,
3D81022C,
3D031A42,
BD5F3E52,
BA6C09FE,
BCE9D799,
3D81608A,
BB9018BC,
3DF6D0E5,
BBA05C54,
BD41C9F1,
BDFDC8F5,
3D31D1AD,
BE338D44,
BC8BE873,
BD342E8C,
BDB87A44,
BD6CA68B,
BB0D50C5,
3D7D388E,
BD1AACD7,
3E08B677,
BE372BBB,
3D96CBDE,
3B95C5B3,
3D16B490,
3E825CAE,
BD366B9D,
3D5A8561,
3C818222,
3DD1E8E1,
3DE33853,
3D12A01E,
BBF5E956,
3DD65518,
BE0AB8DC,
3D865D18,
3C1533C8,
BDF4A1E3,
BD4FD0CF,
3C81BC38,
BDB4ED51,
3CCFD407,
3CE6D54D,
3D4E9D79,
3ACB94B0,
BD85FA8D,
3D3328B1,
BC5EDFE8,
BDADCF90,
3DBAD959,
BE1E2C80,
BE0A38BA,
BC61ABD3,
3CB94D8D,
3D2AF7B3,
BDABDA08,
3C22B569,
BD99523A,
3D680432,
3E62A21B,
BBA749D7,
3E7D4FB7,
BDB599C8,
BCD4A998,
BD205C7A,
BD9A8CD4,
BE156800,
3DDA21CB,
3DB73AE1,
BEA268E3,
39B10B6E,
3D9B726D,
3B202DD5,
BC72AEA5,
BE19A5EE,
BE6A2285,
BC43C61C,
3E01DE43,
3E6FFB9C,
BD7E372B,
BE61CA49,
3D574C30,
3A84D0C0,
BE93B828,
BDD92A19,
BDA26E0B,
BD70F52F,
3D917E8D,
3E52D677,
3C0AE69E,
3CD83265,
3E8B6CED,
BBE68829,
BD9CB7B6,
3DCFC91D,
3D61F4F6,
BDB70E18,
3D6E7BED,
3AAA0071,
3C9CE9C3,
BD76700B,
3D5F722D,
3D1CDFC6,
3D129D4D,
3D0627B7,
BE0F0C1C,
3CEAA049,
3E534E9A,
3CF7E958,
3D8C89BD,
BD151331,
3D8B40D5,
3D3E597B,
BDD4F656,
3CD981C3,
3CD2984C,
BC2BB240,
BD95B1AD,
BDA34B3D,
BE894900,
3D083253,
BDF9C3CE,
BD060A4B,
3E1491B6,
3D89030E,
BDB9447D,
BCE6018C,
3DDC7EFF,
3D932969,
BDA88F02,
BD9E4896,
BE8686C6,
BC80D7FD,
3D80E2ED,
B8B588DC,
BD54A355,
BD5B9A72,
BE6F9FD6,
3D749765,
BD1AF80B,
BE4300C3,
3C54F294,
3C3C35A9,
BE7CC828,
BD7592EA,
BE5D1FB5,
3E1C5B68,
BE221318,
3C3812AD,
BE2E96F2,
BD3501C8,
3D8CE487,
BE4282B1,
3E8615DB,
3BD0625A,
BE1E8E3D,
3CC132A5,
BC5DDD5D,
3DC2B7DB,
3AE549C8,
3E0F0312,
BC99F6DA,
BDE3D37E,
3DD9E711,
BDD1A3A3,
BD2BFFAC,
3D86AAA7,
3E08B89F,
BBA9A9D2,
BD99C00A,
3E3F0120,
3A88963A,
3DD0308B,
3D5EAAF0,
3D65132A,
BCEABF7B,
BE2A08BD,
BBA43E52,
3D03B949,
3D9FFD74,
BC9BB8C1,
BD95B987,
BD16C442,
BE215E5F,
BC5D8ECF,
BBD02A5A,
3E7A3B3D,
3DF06100,
BD1B3F7D,
3DDC1B24,
BDC28092,
3C46F408,
BE237822,
3C45CBAB,
BCBF8DE8,
BCE03351,
3D61BC52,
BC5B90D0,
3CEE1CB6,
BD496B7D,
3DBFCBF2,
BDFB1568,
BE2E3517,
BD16B0BF,
3D995E77,
3D350235,
BCBC64C8,
BDDE4841,
BE01A7FE,
3DB53A84,
BDEECA54,
3D4DBD1B,
BD4FA92F,
3DBED168,
3C6467AD,
BDEBF7DF,
BDFCEE37,
BD2CA11F,
BE11CBDC,
3E4B0E40,
BE0EF790,
3D978A4C,
BD99EBAB,
3D22825D,
BCAB4A6C,
BDA6D821,
BD4E7B0E,
BDD30ABC,
BD97C47E,
3DB76BD5,
3B998D2E,
3DE096BC,
3E2FD52C,
BE03E81E,
BE692CBD,
3D836B17,
BD1C2E48,
BCA7D93D,
BE094A4A,
3D7A6C6D,
BE14CA72,
3D1C1DE2,
3DDBFCC2,
3E34AEBD,
3C724454,
3E5C1B59,
3D99F349,
BB7F7DA1,
BDC331FE,
BD120E68,
3D59E312,
3DC6866C,
3C852567,
BCBC0F5F,
3D12CA3A,
3E114E6F,
3DE45BA4,
3E8C132F,
3D7A4F33,
BDF1D810,
3C07AF12,
3DE18359,
3E0D14BE,
BE4E9862,
3BE5E7FF,
3C0E780E,
BDBC73E2,
BDB2D1CB,
BE2F9D74,
BD6E5F3C,
3E25600D,
3C946785,
BD8AECD7,
3D4363AD,
BE0C8247,
3D2B80D8,
BC7E3EC5,
BDD03DF5,
3E5C19F0,
3DC29C08,
BE25E6E5,
3E2D319F,
BDD7B070,
BE0423A4,
BD48F939,
BD1E1BFE,
3D379676,
3CBBB2EB,
BDD31893,
3C2F5451,
BD0C3138,
3E0A77BE,
BDB321C6,
BDBF0171,
BD16C4D4,
3DFF0975,
BE3759AF,
BE242D0B,
BD2ADD02,
3CA44AAE,
BD819252,
3D04E1A2,
3D75D7AB,
3D5B9E7E,
BDA2C495,
BD22096D,
BD81EC52,
BE4E96FB,
BC276CAC,
3CA69E0D,
BD9A4821,
BE2BC57B,
3D150079,
BDB48876,
3E8AA36D,
BE780DEA,
BC434F72,
BDB9BB80,
3E74C911,
3CFC6E7F,
3D6820F4,
BC10D336,
3D0A4D76,
3CBEB87E,
3CEA002D,
3E7D73B0,
BD054BC1,
3B0C19A8,
3D72A986,
3D30F544,
3E78119B,
BE1C4913,
3E9EC1B8,
3D1BD94B,
3C134056,
3D537A27,
3D10198E,
3E050E9A,
3DC73A7D,
BBAA69B1,
3C2C5A06,
3E1DEF28,
3D4F892C,
3CE22D62,
3E993B00,
3CB61BBC,
BD9A21CE,
BEE9619C,
BC1BF6CB,
3D8B33A7,
3D50CD98,
BDB506F9,
BCE4133D,
3CFC521E,
3E311012,
3E703AE1,
BD1E8929,
3DB8A2D4,
BE03ABEC,
BDC4A07E,
BD90201C,
3E2B11C3,
3D373E3D,
BE32C371,
BDDAEE02,
BD02AD2F,
3D0B8C76,
BE471EAB,
3D856E93,
BD7AF2B3,
BE1EED13,
3DFF875F,
BD503ABA,
BE17FDDB,
BD4A6F0B,
3D9B303B,
3DA0AFF5,
3D43EA90,
3E141CAB,
3DF8FF2F,
BE924CC4,
3E880E23,
3C257C75,
BC896B2A,
BDAE3D56,
3D172460,
BDED8FDD,
BCE81E79,
3E196D34,
3E15F303,
BD0299A1,
3E7FEB52,
3E06EA26,
3D22C9E4,
3CEDBFA1,
BE00D0E6,
3C4FB419,
3E8D8F99,
BE234F53,
3E35B0ED,
3EB0C5C4,
3E255342,
3DC6FDCE,
3E953719,
BD7F7D8A,
3E9C9BEB,
3DE451C3,
BDB6A5D5,
3C3211C2,
BDD442E9,
3E10FD4D,
BE18D821,
BD26BFF4,
BD12DFE2,
3C7E404C,
BE13C2CE,
BEB9F911,
BD916D34,
3D66F068,
BDAD0057,
BDA60697,
3CC2B200,
3E7BD8DB,
BD00530D,
BCE08BCE,
3DD3DA66,
BDF4E416,
BDD13578,
BE27EE13,
3E36A0D8,
3E0E715A,
BB119A56,
3E872C84,
BD5BD706,
3D3A76B9,
3E34D636,
3CA06D20,
3B8E077A,
BE0352E6,
BD2C6F34,
BDF065DA,
BDF3EBBE,
BE4F4E79,
3E33A4E7,
BD288940,
BDB934BA,
BE736077,
BDBD91FB,
BD8962E4,
BDB1322B,
BDA8B95D,
3CAA3CF2,
3D2F7A91,
BE1E2ED6,
3E816611,
BDBB0850,
3E144D39,
3D977A12,
BE602983,
BD260C8E,
BE55D8AF,
BCD6528A,
3D0DB143,
BD02D1B3,
BDB5EC5D,
BE58CC43,
3D944192,
BE620D0E,
BCC0BBCD,
BDA89B5C,
3D8A0847,
3D87AC92,
BDEE5E89,
3E03EA47,
3CA530B0,
3E89A778,
3DCD3BDA,
BD535970,
BE0B0ECB,
3E0C6AE9,
BD8DC390,
BCDB9B70,
BE1C8408,
BDF4B0EF,
3DF98C7C,
3D690CDE,
BD6FAE0B,
BDC3CD3C,
BD5043B8,
BE28381B,
BDD67D8C,
3DF95292,
3D49DBEF,
3D6D5ED4,
BD820655,
3DA06FDC,
BDD94D52,
BC88F1A4,
3D2F31CB,
BDEE443C,
BE2DA28C,
3DD45D6D,
BD48B410,
BEA3D0E5,
BD88F267,
3DB9D67B,
BE22B80C,
3DA317A2,
3DCFD601,
3AD885E3,
BE18C62A,
BD1937B5,
3E4B2EC6,
3DA1454E,
3D872EAD,
BDC29D27,
BDE863F0,
3E286C85,
BDF3B463,
BD0AB655,
BE212F37,
BE242C0B,
3D5997E4,
3C2BBAA6,
3DB60A8E,
BE5F7684,
3D51BC2F,
BD1CFFF6,
BDCA7DAA,
BD4B2B36,
BD38F66C,
BE22C916,
3D822D09,
BE04A2E1,
BE0255A3,
BDB41657,
BDB97C39,
3D0C2274,
BD0FD176,
BDC176B2,
BDBC8D4F,
BE4F2D66,
3DE9A38F,
3C03FEC6,
3E46775E,
3CB99A1D,
BDD0FAB3,
3E10B722,
BDE07CC4,
BD34A5C2,
BDA4A0EA,
3E459414,
3E16E921,
BE06E71B,
3E69C4C2,
3D49FEA1,
3E9EE4CA,
3DB4D470,
BD5AC0B0,
3DCC07C8,
BE7650F3,
BD6A5FC0,
BDD4FD29,
3C54F5A7,
BE850BBC,
BD37CD0C,
BDE5ABA2,
3E0F286B,
BE3C5235,
3D7A2280,
3E17B706,
3E4BC43D,
3C9653FE,
3D4412AC,
BD2C4962,
3D1189EC,
3DA9CDE2,
3C13EC35,
3C68B378,
3DBCAD9C,
BDFB2AB4,
3DB06B7E,
3D49175D,
BADE1AF6,
3D6FA954,
3CC5E564,
3D448D6C,
3C461431,
3E16848F,
3C916E7C,
3E4CF42A,
3D4F8ECC,
BEC01652,
BD84E9B0,
BE02549E,
BC99BD61,
BDA79DB9,
BDB607D9,
BDF690FA,
3CD7B317,
3CA25CB5,
3D379919,
BE19810A,
BB4BF9BF,
3CBA665E,
BD8CE94C,
BDCBB67A,
BDEB8C8A,
BD8F1885,
3D813DE9,
3DD18EFA,
3D975377,
BA9589AA,
3E08D156,
3CE4770B,
3E11F48B,
3E327574,
BD68B6FA,
BF04F74C,
3DC76279,
3C4EC926,
BDBE0CC7,
3C808487,
BE60EEE1,
BD4AB6FB,
BD9B0CD1,
BE5CF241,
BD0400E4,
BE0F05B9,
3D76C77E,
3D368846,
BC71C87F,
3D847807,
3D294E2A,
BE498724,
BDA65AC6,
3C8FFBFC,
BD4F0139,
3CDC57B5,
3E1F889E,
3E142AF4,
BC66C0E2,
BDE384C0,
3DBBCF4D,
3E242631,
3D3A17F7,
3D814C7B,
3D824C32,
3D3792AC,
BDF0AE93,
3D826A5B,
3CDFAAF7,
BDD2EFB5,
BE11DCB8,
3D8648EF,
BDDEBC9D,
BDCB8C86,
3E07FA56,
3D646FCD,
3DE992B6,
BD87B60A,
BE002573,
3DCBE695,
BB342882,
BD85FD4B,
3DC9FFEC,
BD1E709D,
BEA43AD8,
BD8F83DC,
3E5A07E0,
BDAE4608,
BCDF3B0F,
BC9651B4,
BD9FAC89,
3E62CC13,
BDAB3E10,
3CD0ABA4,
BD56503D,
BDA329A0,
BD04279F,
BC3E9F7C,
BDA10588,
BD960CA1,
BCF680FD,
BCD9B1D1,
3DBD7966,
3D490E9F,
3D8DE85F,
3D9AA821,
BCEDA47E,
BB944885,
3DE2CCC9,
3D013672,
BE087194,
BD9D09CE,
BDA69B8D,
3E148C36,
3CA53EDB,
3D7CF68E,
BE4CF461,
3DB13861,
3D9082F1,
3DA9BD7A,
3CE738AA,
3D0B6EDF,
BDE00B34,
BD1AA81F,
BCFDADC6,
BE414467,
BE1B0E4C,
BCC4D925,
3E419D65,
3E35C69C,
3BC585ED,
BE241A8F,
BD8912B0,
3D80AC96,
3CE9FEC0,
3D87EBEA,
BB0DA6C2,
BE5A8583,
BD3215D2,
3DAC615D,
BD9DB737,
39FF9607,
BC6D0118,
BDCA0F47,
3CC8BD7F,
3DBB0CE5,
3D96D39D,
BDB8BF5E,
3DAB4B0A,
3C661925,
BD2D3A34,
3CB0DE28,
BE25E49A,
BD2B66D7,
3E1765E5,
BC316C72,
3E139A83,
3DF4B65E,
BD105B3C,
BC804457,
BDE18146,
BDCBCB21,
3D9EA22B,
BED6EA13,
3E08370C,
BDE75E20,
BCB77237,
BDA00614,
3D96F2AD,
3C60223E,
BDE3C746,
BE0D8F7A,
3BC0CD30,
3D16B9B2,
BDD7D31C,
BD622F97,
3E1244D2,
3B80D620,
3AD0A682,
3D6539AD,
3D10586C,
3D0A4D51,
3E192474,
3E687F5C,
3EA7F47F,
3AC98243,
BD38A8E6,
BDD40710,
BE1F4276,
3E1ECA90,
BE3333E8,
BCC2CA17,
BE10BD63,
BE82243E,
BE03E78D,
BD396668,
BDBE2AD1,
3C867B32,
3DC4C021,
3E0B70C7,
BE246CBE,
BE05C3C9,
3D3CB568,
BEDB5ABF,
BCE74E2E,
B9DB15B0,
3E5FD1CB,
BD90586E,
3D772BEC,
BE61786D,
3DB08B12,
3CD5C24E,
BE37F8A1,
3DD1F738,
BE424F21,
BE07AC71,
3D01EA8B,
3D8E0D8F,
3D7B1579,
3CF42F43,
3B6FA23E,
BDC4DD73,
BDB1C0A2,
BE30C92A,
3DD24351,
3DA555ED,
BD845D52,
BE3B8F99,
BDB72999,
BE452B5D,
3E55AB48,
3D7628CC,
BD9DF800,
3D8A8C1E,
BCF3E37B,
BBCAB0A2,
3DAC5E46,
3DCA4E34,
BDC36E76,
BE1F30FF,
3E1D1D79,
BD9E84FD,
3E640ABA,
3D804FBA,
3D51570D,
3D7A1030,
3D594CD9,
BE0AB7B9,
BD9A9A79,
3D9F9EAE,
BDAD4CB2,
BC96C99E,
3CF30961,
3E22505E,
BD357863,
BB845224,
3A0AF324,
BE55C387,
3DE801E5,
BDDD80B8,
3DCDB53C,
BD4A023D,
BDAE03A4,
3CF891D5,
BE073E29,
BCD378C3,
3AB8FDA0,
BE18FD8A,
BD5C0C37,
3CE10F81,
BE1E3CB9,
BD7C0157,
BCBB1642,
BDF4910B,
3DE7076D,
3D7BF24D,
3E1BA2A7,
BD47E03E,
BDE513FD,
BC8CFF4D,
3E0D22D7,
3D622D1D,
BDA2DC01,
BE33E849,
BE08FC6E,
BE57BD76,
BD2BFEB0,
BD9BAB40,
3DF1243F,
BDA00407,
BD80A270,
BCCDDF96,
3C72B5BB,
3E069D49,
3DE80DC5,
3E1914AF,
BC38F79F,
3C022D37,
3DC74D9F,
3DE1F6DC,
BDC48AB4,
3CFEBD8D,
BD837BEF,
3CC82A2B,
BAE24CB0,
BDC6D6B7,
BDC2E3FB,
BC51E83C,
BB223CEE,
3E466144,
BDDD146D,
3CEF8308,
BEA1A4A5,
3DEE89BE,
3C9F33BF,
BD9381A3,
BD092315,
3D3D633C,
3CF8D738,
3D4CD3B4,
3E180D68,
BD8C4628,
BDE8DE3F,
BDEBC153,
BE1C9B91,
3D436A60,
BD0401ED,
3D88399C,
BD5267A0,
BE42A827,
BDE1C156,
3DE2B9DB,
BDDDA3D8,
3E4C16DF,
BB38AE98,
BDB1F48B,
3B937496,
BD8EB454,
3DD1A7E0,
BD9B7F36,
BCF002A8,
BE33EA28,
BD608DE9,
BD270B0B,
3D887CBF,
3E89164B,
BD8C382E,
BDC35CB1,
3DFB5E8B,
BDD9DCBF,
BDE73CBA,
BE09476C,
3E20D87E,
3CEB0445,
BDFE5E3D,
3D4ACFDE,
3C8C8E1D,
3D2BE0BD,
BC885642,
3D4397DE,
BD88B1E2,
3D1BAE40,
3CBA172F,
BDD3FE53,
BDA5C657,
BDE43658,
BB9E4766,
3B97ED04,
BC1B6100,
BD88BD82,
3E388396,
BACEE85A,
3DE4D076,
3D84AFDA,
BCF1C53D,
3D5048C4,
3D87C57C,
3D6E3F58,
BC81DBEE,
3C96898A,
BE7805BF,
BEBDA20F,
BD0849B9,
3DDD32DD,
3DE67724,
3D9A66A9,
BD94133B,
3DA972F5,
BD52C49D,
3E3A3623,
BCBE38AB,
3DE42B46,
BD521099,
BF0169A8,
3D9C34E5,
BDBC60AA,
3DD6441F,
BDE7CBA5,
3DCE92D2,
BDD878E4,
BE18990A,
3E58A2D2,
3CBB5EDD,
BDD203E0,
3DDBFA9C,
BD493A2A,
BD2AD310,
BDE3F9A8,
BE01FEF2,
3D57FB48,
3BFA6A80,
3EAF037C,
3CE1ACE6,
BABC414C,
3E2215CC,
3CC7F4A6,
3DAB4CB9,
3E445E33,
3DE8F18C,
BE5F4E68,
BC505B0E,
3BC6BE9B,
3E1148A9,
BE11F662,
BE535317,
BE5FD9DC,
BD0099AC,
BDE6453C,
3E91E5DE,
BDBEF706,
3BB6994E,
BD544216,
3EBC806E,
BC36F611,
3A98E323,
3D7A1CAB,
3DB1C29F,
3D6E8107,
BD7B40F1,
3D5B1FA6,
3DC36F9D,
3D9DE1F9,
3E252C9E,
BD873401,
3D0F4722,
3E355D44,
3BC6E85F,
3E81C6BA,
BD62B31B,
3DB39D7A,
3C1CDF81,
3C93E37A,
BD531F5B,
BE1BF887,
3C6AC6B2,
BCFA3844,
BE9645D0,
3DB578CB,
3E5C48EE,
BEDA8066,
3D875C1F,
BD6FE5A0,
3D8B8F9E,
3DEEC69B,
3E42786A,
BE40B493,
3CC774AA,
3DE75678,
BE6E2B98,
BDDE30D9,
3DF5B142,
BD20A53B,
3E03447E,
BE824166,
BE49A444,
BDFB6633,
3D0C993B,
BDE65B85,
BDEC3D11,
BED08920,
3E0C557A,
3CD140BA,
BE80B658,
3DE51A8D,
3DF597D4,
BE8C563D,
BDC1ED26,
3DF4CF93,
BDBA48E4,
3D9D2EDE,
3D5A1AAA,
3E5B898F,
3E28CEFA,
3D438F49,
3D35983A,
BE3BE76C,
3D513378,
3BB5965D,
BDEED139,
3E86CCAE,
3E948C80,
BD04F882,
3D790F6F,
BCB149F0,
BDD5C002,
3B9C9872,
3D869656,
BD8F1F24,
BDBDCAC5,
BE03813F,
3C93E5AD,
BD3684DE,
3DAF6ECA,
BB5019B6,
3E07234E,
BD94D0D2,
3D715F6F,
BE014846,
BCDE137F,
BE145B24,
3D210EC0,
BE04C022,
3D880445,
BE147830,
BDCED23B,
BDD9E9DE,
BDCBFAA7,
BC416674,
BE1683BC,
BE81FDA1,
3D3F9B69,
BC5222F3,
3DBD72AE,
3D65A087,
3C8C7555,
BD07887E,
3C6D7F8A,
BD9CFE7B,
BC33D05D,
3E1887CF,
BE777560,
3CA0B993,
3E15364F,
3BDA536E,
3B321FF0,
BE5AB1ED,
BDDB5D7D,
BE501520,
3E16C977,
3E3CC13C,
3E82B369,
3DC8C7F5,
BDD70204,
3E133C12,
BDD6B906,
BC78DD20,
3DD7B3A7,
3DBDBCB9,
3E01072D,
3D95627A,
BE0E203B,
3C83EA6F,
3DFC9D32,
BC7C361E,
3D9576C9,
3C424981,
3D74979E,
BD39CD29,
BE409C79,
3E3CC787,
3DC44C2D,
3D9E1911,
BDAAAB83,
BE1003ED,
BD6C0300,
3E243A4B,
BC2402E6,
BD3F16A9,
BDB44A88,
BBB03E8E,
BE4AB5E5,
3E3FEB50,
3C9390D7,
3DC52E53,
BD89179B,
3CF446C0,
3D17404D,
3E004ED2,
BD8AE31F,
3D6FD672,
BDCBA534,
3DB202B7,
3E4E8643,
BE0692BC,
3D9A4E75,
BDD7776E,
3D7DAC75,
3D372340,
3C89C616,
3D14EF26,
3C5AA886,
3DAD9712,
BD6D4255,
BDA38915,
3D16D07D,
3B886F12,
BD3A6DD7,
BE5E99DA,
3E77E8F1,
3D9AB956,
BE0B7227,
3E8096A5,
3DBC3E42,
3C8668EC,
BD3E9FF6,
3D86CA4E,
BD42251D,
BCBB2854,
3E453F40,
3D6DF59D,
BC9F741F,
BC07FC0A,
BDAE3D88,
3D1B254C,
3CBB779F,
3CA04F01,
3CFA8876,
3DAFA870,
3D80742D,
3D190FED,
BDCEE3A1,
BCD4C92A,
BD5E2A38,
BE275970,
BDA83342,
3B8DC2A1,
BDE14871,
3DFBEB26,
3E8259CB,
3DC510A3,
3BC1AA14,
BE6EF2F9,
BE3E8406,
3E0D6701,
BDE621F2,
3E5D6EC8,
3E590C6D,
3DB58DC3,
BDCB5061,
BD6C5D0D,
3E4EE156,
BDAAAA3B,
3DC601E0,
3D61CDD7,
3D59888D,
BDCA542E,
3D38F9B3,
BD954B16,
BD6D4428,
3D62A9B5,
BE435B1E,
BD28588F,
3E6782E7,
BD8DC03D,
BC5DD28B,
BD97F5AF,
3E01EF07,
BD98F626,
BBB07BE4,
BC8032CA,
3D9834F8,
3D958A6D,
3C13EC56,
BCEA640F,
BDCAADD2,
BE26AEA5,
BE50A618,
BDFDABE4,
3DBF97F2,
3B6EAD2C,
3CF3821B,
3D81C5E8,
BDE099C8,
BC37EAD5,
3E52E56D,
3D84E21E,
BDB9E8BB,
BD9324AF,
3D5B8439,
3BF6908C,
BD1537CF,
3E3C8604,
BD7DED69,
BE5F2E44,
BD26CFA5,
3E70D127,
BD8AC59D,
3E385050,
3D909DDE,
3CEDB401,
BD6B1B55,
3D7959D8,
3DEC1333,
BE11C877,
3E2914AD,
BC89B423,
3E4FFA2A,
BD2AFE8B,
BCE8FC27,
BE65AAA1,
3DD3A28A,
BC8AF822,
BE595CF7,
3D93A813,
BC90E78A,
BDBE0E77,
3D04349E,
3DDB87A5,
BB73FED3,
3C3E2096,
BCF7C218,
3B0E79B5,
3D09629F,
3E752C2B,
3D6E6965,
BD658BEC,
3E026317,
3C9098D7,
BE6C4448,
BD9FE502,
BD7102CF,
BE31F09B,
3E1A7B96,
3D2809C9,
BDA624BE,
3E52E69D,
BE465FC0,
BCBD8670,
BCED79FC,
3E4BBB7A,
3E6B794B,
BE23B1E3,
3D240036,
3D4610B7,
BD2ED5F7,
3E137005,
3D130A3D,
3DAAB880,
3E01C72C,
BE952B52,
3D287C72,
BDE4FA10,
BD5BD94F,
BE045A74,
3C2A5708,
BE14AF2B,
BE4094D7,
3CC9A605,
BE1A8111,
3E58CA98,
3D9FB3C1,
3D9D410B,
BDF01952,
3C733B7D,
BDDD6D87,
3E2062C1,
3E412FBE,
BD8366C2,
3D8C321A,
3DE9AABB,
3E7974B6,
3E7B128C,
3DC436BA,
3C95F293,
BE0CC98E,
BE44667A,
3D84C424,
3D5B5F67,
3E9AA938,
3D7462EE,
3E87AF48,
3DBA6D2B,
3DCDB354,
BDF9046B,
BE4336E3,
BDA02525,
BD2ECFA1,
BDACAC9E,
BE4B2666,
3D8BD39B,
BEAF0C93,
BE2AA84F,
3E76D2A7,
BD30EE8F,
BD9D6A23,
BE41845C,
BE496FAF,
3E90E262,
BE7D0296,
BDD47A6B,
3E797A56,
BE2475A8,
3EA034BC,
3DCBBC6A,
BE0C806C,
3D1FF3B2,
3DBC45BA,
3E15B05B,
BE01BC1B,
BDDC17FF,
BD122BBE,
BD9359E8,
BD83CF7B,
3E122835,
3D213064,
BD3DB958,
3E36BA28,
BD124A69,
BD8502EE,
3E3D68B0,
BD2C635B,
BD507163,
3DB7C909,
3E78ABE5,
BE73874D,
3CEBFD2B,
BDBB4494,
3BD359D1,
3DCD7B58,
BD053904,
BE817F73,
3DF7AD53,
3E1925B0,
3E791D26,
3E1A0E12,
BDBCCF7D,
BDA78CEB,
3E0D077D,
BD616C8F,
BC3AD2C5,
3EA22959,
3E30BFF5,
BC8CC2FB,
3D93144E,
BD9783E1,
3CCA7EEF,
BD4D401B,
BDBCD201,
3E8B9023,
3E4B19CD,
BE68053B,
BD2C8A60,
3EA3F1C0,
3C47B0A3,
BDB0928D,
3E9EC7A2,
BD2DCB9A,
3D3A0E26,
3E1BD7DF,
BD2EC60A,
BD9AF2DF,
3D79BE58,
3E457CFB,
BDBCBD72,
BD147BCA,
BD64D475,
BD49F514,
3DDA5056,
3D4CE26B,
BDB1DCC9,
BD194A8F,
3DAE9DA8,
BDC1F84B,
BD929A0B,
3DF8E302,
3D8B2745,
BE59DBF2,
3E88C154,
3E8537DC,
3E6A4B94,
3E527BC6,
3DA126A4,
BE06F44F,
BE5E9416,
3D062251,
BD3B71DC,
3C4BE4DA,
3E07E870,
BC3BFBCE,
BD7590A3,
BB852874,
3D957C95,
BD4AE298,
BDAD0683,
BE1E51D9,
BDC491AC,
3DCDCC76,
3E101443,
3DE8AA2C,
3C80A0EB,
BE3C74A4,
BC18BBA9,
3E0CE574,
BDD28972,
BDC2727A,
BDA94176,
BE03D37A,
BD745BDB,
BE204EAF,
BCD96DD2,
BCD04FF9,
3B8365AF,
3D466013,
3E1F9EF1,
3E5F4341,
BE0FB574,
3E1D6C43,
3CB67E77,
BD8EFB6E,
3D539DDD,
3D066965,
3D967D24,
BE5F457A,
3DCFFE91,
3E537F9B,
3AEF25EA,
BB9C2753,
3D7214C6,
BDE53001,
3DB1D095,
BDEC1F09,
BE6B6E16,
3DA3D7CF,
3E890299,
BDD7E883,
BD1BD38C,
3DD222B5,
BD790EAF,
3B47CBFB,
3D800D8C,
BD90EC78,
3CC9C704,
BD476705,
3CDC2DA6,
BE9C35D0,
BDF8F20C,
3D412832,
BBA20088,
3DCFD9BA,
3E4ED384,
BE59032B,
3E519E51,
3E731E0C,
3DBB35B2,
BD8A94C5,
BDA41286,
3DB25059,
BD2D3651,
BE446204,
3D83068C,
BE56A34A,
BD96BF05,
BE0BE138,
BCA4912E,
BCD28A09,
BD343154,
3E031565,
3CC6D7D5,
3D0C5B17,
BCA8E62B,
BE4CA201,
BDA93C89,
BDC01F46,
BC87E09D,
BEA072A1,
BD74879F,
BD0AF9FA,
3C31270E,
3DEAAD2C,
BE27B451,
3D9B2084,
3D644862,
BD68BB96,
BD0D25B1,
BDB1B118,
BCB73CA3,
3DE41A15,
BCD29ABE,
3E483236,
BAA4C04F,
BC1592CF,
BDE1D11B,
3DDB0A3C,
BD6C9DDB,
3D32F98F,
BDFE0B91,
3CB7263A,
3DA8E769,
BD08B52A,
BE15AC93,
BDB19E99,
BDB9944E,
3E024931,
3C66E943,
BD9E72E3,
BB061210,
3E0934FB,
3E0B77BB,
396148D5,
3E473618,
3C644E22,
3B8DE980,
BEB26A4C,
3D68840F,
3B830E1F,
3EBE0788,
3D3D5E89,
3E6E827C,
BDB41BFF,
BA97BFE7,
3E2E55CD,
BDA5A495,
BC22D721,
BE9E849A,
3E05BD0C,
3D7BC4CF,
3E7A7317,
3E8C6F2F,
BE370D4E,
3E1D829C,
BD987619,
BCF93C98,
3D8AC5D6,
3DF23FC3,
BD56BC02,
3E862F7E,
BE1723AD,
3D3A21E7,
3D4A64EC,
3D5293D0,
BC84EF2F,
3EA1EFEF,
3D32AFD7,
3CFCD1CD,
BCD8EBCF,
BBBB256D,
BE04A905,
3BE0BC21,
3CBC0A58,
BDA53615,
BDE54DBB,
3D5CD760,
BE297039,
BDC68D41,
BE44BC1D,
3DB3224E,
3DA2B449,
BD4BD112,
3E72DC9F,
3D98F233,
BDF776EF,
3D569AF7,
BD9D8915,
BDDD6074,
3D597A83,
BD032F4C,
3DAA7A9C,
BDABA503,
BDC9FA43,
BE89DB3B,
BE3340A2,
BDA84A8E,
3E00C372,
BCCA1F6C,
BD96D740,
BDE3A79B,
3DCCDACC,
3CA3EBA2,
BDD9DE76,
BC34B924,
3E0D7C76,
BE7ACF56,
BE068309,
3DC26299,
3EF19D2F,
BD5DC7F5,
BE8CCF52,
3D9C8B39,
3D2C69CA,
3E1957C6,
BDE72F1E,
BDAD824A,
3D7E5CB4,
3E8C25BA,
3E829837,
BD171C58,
3DDE59A2,
3E95B28D,
3E431B73,
BE8422FE,
BD1A55DC,
BE6D49D8,
3E071706,
3AA0A997,
3E299996,
3E46CA6C,
BE004F9C,
3C9017FE,
BDD0DB1C,
BD5A0DA1,
BD2FACBE,
3D94276B,
BC7AA702,
3D083C85,
3DA4823C,
BE3EC3FA,
BD0BC47E,
3CE451FD,
3DA153FE,
BD0F4AA5,
BE3E1CF0,
BBEB7AC0,
3E1ABFF6,
BE5C4AA4,
3C6DB4F7,
BDF334B0,
BAEED9EE,
3D2A8B44,
3D2204A7,
BC2325F3,
3D9D9F4C,
BE016666,
BC384D6C,
3E8941A7,
3E56F0F6,
3CE2509B,
3E95BAC7,
3E6DC029,
BE29E9D8,
BE8D9C26,
3E175C6C,
3CD635BF,
BDD43208,
BDE191B1,
BB206D8A,
3E5F38B1,
3D9E155A,
BDBFD2D5,
BDBF2D56,
BB8C42D3,
BD710E1E,
3BCB483E,
3E388F7A,
BE0F06DB,
3DA8E6A1,
3D226D17,
3E017435,
BDE0732A,
BD4E6492,
BD0AE41F,
BDEB50DC,
3D19324F,
BD734A3E,
3C92D8B9,
3CD0F85B,
BB12DBA7,
BDD158F1,
BCFE0D6F,
3E5418CD,
3C535E46,
BD5B4715,
3D6055FA,
BD81C0A5,
3DD80880,
BD814B94,
BDBF4360,
BE37A121,
BDE15C51,
BD124217,
BE8BC969,
BDBDFE50,
3E05E89E,
3E1BD29D,
BDB8DC51,
BD033508,
BD7358F7,
3E30670F,
3E7B629F,
3D731BD1,
BC8F377A,
3D651841,
3D603A54,
3D271BB6,
BD12E016,
3BBA823C,
BE243E73,
3D57CE0F,
BD052021,
3CB5C7B5,
BD817B77,
BCDAA2BF,
BD8450AF,
3DBAE8A3,
BDA1A358,
3DE7810E,
BE50A3A8,
BD9E0DE5,
3E0E9316,
BDA2D4FA,
3C062BC5,
3C16F375,
BD36F379,
3DA45561,
3DC5B559,
BDCB95B9,
BDA6CD9C,
3CEABD48,
BDC65B70,
BE05933B,
BD9E6700,
3E501251,
3E68F42E,
BC904E60,
BDE9AE2C,
BD8E2AA5,
BD9CA08D,
BDC16872,
3E46AFD7,
BE35A187,
3C1F27A9,
3C39BAB5,
3C4E19E2,
3BF06763,
3D39C1A4,
BE37679B,
3D211C48,
BD3CE97C,
3E72767D,
BE1494DA,
3D5CF528,
3E250BCD,
3E289962,
BE2426B2,
BDBC51B2,
BD8ACC89,
BCA29008,
3D053433,
3D5E4A16,
3C1FD7D9,
3DD82AB0,
BDDB1659,
3D45ED85,
3D829AD8,
3D52ACB0,
3DE8EAC7,
3E12F911,
BDA0649D,
3C0ACE6B,
BE2D31D4,
3D8D2E4C,
3DE672BC,
3D85FA45,
3D0BD3F3,
BE25273F,
3E40228B,
BDB0D6FD,
3E7B3347,
3C31AF89,
BB92A1C4,
BD258499,
BD106164,
BDB859DA,
BDD02F73,
3DB8F0E6,
3C70DF38,
BDEA01F4,
3D992844,
3E196711,
BE2D133D,
BE51CF73,
3E135D78,
BA30E4C6,
3E4D820A,
BC9B7D66,
BDEA7104,
BD3783B1,
3DB6640A,
3D296FF6,
3C8A06A2,
BC397214,
BDD58DC1,
BDBE9F1D,
BE6DE466,
3C9409BE,
BE202B6C,
3CCC2F10,
3E4ED30F,
3E361AB2,
3E33BACA,
3CA76156,
3E165A35,
BDEFDB24,
BCD209B0,
3D8FF2E6,
3E10FC12,
BD198DED,
BDEE5F4C,
BD0C8D72,
BD80D23A,
BDE1BAB0,
BCF7E53E,
BDDF3BD0,
BCAF0E7B,
BE60FD8B,
3D55A15C,
3DB98899,
3C91EB8C,
3DBF7A75,
BCBE1E8E,
BC87BDB0,
BB065B61,
3DF4D6FC,
3D62380E,
3E0C3547,
BD14567A,
BDAC11B5,
BD9D83DF,
BDC249AB,
BE2A1389,
BBA1BAEB,
3CAD6FCF,
3DDE804B,
3DBE4890,
3CD18B3E,
BE1280E5,
BE19B7C9,
3D42295A,
BD886CC4,
3C6A35CF,
3D658761,
3DACAA38,
BCDB0CFD,
BDD46DEA,
3DD16A43,
BDC40307,
BE06F983,
BDC371BB,
BD82B614,
BD61FF2D,
3E4C2024,
3CFEC6FF,
3C21BC4F,
3E5515EC,
BD7C24AB,
BE425E7C,
BDDD7489,
BE14B9F3,
BC936334,
BD81EBA5,
BD1BC8A0,
3DC58AC9,
3E41D6FA,
BD719798,
BE6D525E,
39176C58,
3D4B8518,
3D8024C0,
3C9DA2CD,
3D98C432,
3E61EB1D,
3D8F8C60,
BE17E280,
3D6328F3,
BDE10A3C,
BCCC4A0B,
3D9E1838,
BC53A385,
3DB411BA,
3DC064A3,
BC149447,
BD0C0372,
3E48FBB3,
3DCC40DA,
BDA6C8B3,
BD299C6A,
BE574823,
3CB81F1C,
BE1371F2,
3D002D8F,
BDBC8745,
3D9105CE,
BE18E371,
3E4B2260,
3A8AECA6,
3DF0D6B7,
BCA5DDC8,
3D98E47F,
BBD1D23E,
3C81FF60,
3DA69716,
3D02BBD1,
3DB61E6D,
3D4984FF,
BDF9C0AF,
BD886B9F,
3C074C1F,
BE67CE4D,
BC809579,
BD178C11,
BDE3DEAA,
BD916349,
BAA8CFEC,
BDC43C77,
BC8929A2,
BD41B367,
BC815C0D,
BDA7B78F,
BA9949BD,
BDE2F23E,
BD7CA7F6,
3D0A96D6,
BD4DD54D,
3B6754D2,
3D8DC424,
3E1188D7,
BD172725,
3B980974,
3919977F,
3E59E3DA,
3CEE299A,
3D2CF05D,
BDE4E556,
3E4032AD,
BDBD0340,
3C955982,
BE219FA7,
3D6DC467,
3D3409AD,
BC3A08A3,
3D3F24B4,
BC782499,
BD0CD5F3,
BD985EA4,
3D9B43CD,
BC6DFA3F,
3DB3C943,
3CB431AE,
BC088EE6,
BD3D9B38,
BDA229B3,
BDAB9B51,
3E12D126,
BD490CAB,
3DD7191A,
3DE68EB3,
BD9C1371,
BE0D4EBF,
BCBD80E8,
BD97154A,
3E32B6C6,
3D7E4267,
3D84C4DD,
BD1E621C,
3D37254A,
BDCDC6E4,
3D233096,
BCB1C85B,
BD89770D,
3D429E8C,
BDA5BD39,
BCBB3184,
3CB36D64,
BD0464EC,
BCD65051,
BE64D755,
3D5BAAD9,
3D9F4423,
3D9F7D42,
3E115A9E,
3DA77D87,
3E12CCD6,
BCEEBED1,
BD8B7904,
3BCD1ECF,
BDDE47D0,
3D97AD4C,
BD7EF0A7,
3E101FC9,
3CB61D76,
3E24C9B4,
BDA1537E,
BDF28719,
BDB6651F,
3DDBA749,
3E051844,
3DF9C718,
BD93350C,
3D3C76DC,
3E42867C,
BE107922,
3D926CBF,
BE02501E,
3E188432,
3C60D9D9,
3D8B920D,
3DFA1C25,
3E2FC94B,
BCFF6BB4,
BC0CB7A9,
3D80EB99,
3E551922,
3D77503E,
BDAC3692,
BDC6BE62,
3D78FC67,
BDBBCE65,
BCF62187,
BD3A7C49,
3DEB200B,
BDEF105C,
BD1C9D13,
3E06A8EA,
BD07801E,
BD908F0E,
3E3B22D9,
3C7DDD26,
3DB11F61,
3DB24049,
BDFB4721,
3E130BD6,
3D102EE6,
3BA992E4,
3DB817FF,
BD20ACBE,
BDB7D935,
3CCF30A5,
3CBAB8CF,
3DD0FF25,
3E68A3C6,
BE3794E2,
BE8A907F,
BDCC8821,
BDB4764F,
3E39C69A,
BDB7C994,
BE2951DE,
BE169007,
BEA31328,
BEA9A997,
BDC94D2B,
BEBEAC8C,
3DBE3C9C,
3DE09E7C,
3D8CC7D6,
3E5FF5E3,
3E96E70D,
3E5B0065,
BE1A07A1,
BE075F28,
3AEFE898,
BC966030,
BBFE4BB7,
BDB4F257,
BDF4AB5D,
3E130EA1,
BE152177,
3E188EC3,
BC61ABA7,
BE4AED95,
BD2776BC,
BE4CC97A,
BDBC7A70,
3E4D4838,
3E284293,
BD33A632,
BDCD9C60,
BD2BCBDB,
3D174CB1,
BD8EED71,
3D846AE2,
BDD9E022,
3D37DDEB,
BCFA7A75,
3D6C2962,
BF04F66C,
3D80D219,
BCB82178,
BBC70CAC,
BD8057D7,
3E0F6FDE,
BD2CC68E,
BE4AADD4,
3D8B4BCE,
3E751598,
3DCD070C,
3D202174,
BBFB1549,
3DED7F1E,
3DC0B507,
BE031886,
BE68A760,
3D577D60,
3CAD8736,
3D5D87AF,
BE43F2C8,
BE362FB0,
3B56001C,
3DF8C850,
3D8A0682,
BD9C4B99,
BEA31928,
3DF56FBF,
3D4A56E7,
3E31387F,
BEBA91A8,
BE857099,
BDD0ECF1,
3E040E6F,
3E3494CE,
BE0E320E,
BD8CEF63,
BE52A9DA,
3D87BC26,
BCF17DBE,
BB23C76F,
3E8672DA,
3E13ED32,
BE1511BD,
3DFF16A9,
3D6ED969,
3C90B595,
3D5BA1A6,
3DC898D4,
BC703108,
BC06919C,
3E11DB3B,
3DCA8381,
3E4F765B,
BE47943E,
3C8A8DBD,
3D392421,
BDC4C3AF,
3DC4CD63,
3D5D01DA,
BDA2E41E,
BE520EBC,
3E68672A,
BD8197EA,
BD969B7E,
3D81EC51,
3AF28E7A,
3D8BCB86,
3CA58AF5,
BD9AA7D9,
3D186FDA,
3DC0F2B9,
BD3467D7,
BE0DB820,
BBA5B3DE,
BCA4CB8D,
BC1C5DC3,
3DAF727C,
3CC39926,
3E1E7F14,
3C9FAB56,
3E26B26A,
3D8342B3,
BD8373AC,
BD9214AC,
BDC1CDB0,
BDAE84DC,
BDA87D30,
3CCB5BF9,
BDC5F8B3,
3E28A582,
BDD3D73F,
3B6AE6E0,
3DA74FD1,
3D92CE75,
BD500B02,
3C2F15C4,
BDD2EE5C,
BD80CDEA,
3CFF21E9,
BC82E027,
3DD2C5A0,
3D242135,
BBC82072,
3D2B597C,
3C9EB80F,
3D0CA79B,
3DA6FF0B,
BDBF3432,
BDF002D1,
3D09BC8A,
BD30778E,
BC58238C,
3DE0E499,
BCD5E97F,
BE267E87,
3CB1C8AB,
3E0AEDF9,
BD11B5E5,
BDF4BA10,
BD3E1EA2,
3CE602D2,
3CCF1ABA,
3E078D26,
3B43019E,
3DCF06FD,
3DF59177,
BD481673,
3D544D02,
3C666CA5,
BB942478,
3DDC628C,
3DF0CFBF,
3D1A7492,
3DD0AEB0,
3E6A6627,
3D225C0E,
3D22ACE7,
BD194BE8,
3D8612F3,
BE091756,
3CF74557,
BC1786A5,
3E067271,
BE10E3CA,
3D43AC76,
BCC86752,
3B5BCA6E,
3D36E0DE,
BE56BDB0,
BD0A3800,
3E13D524,
3D7BE211,
3DB9DD5E,
BE0DCF46,
3D9C87A8,
BD13CA1F,
3C454E98,
BDE9A0A9,
3DD2DE22,
3C04F5DB,
BE062719,
3D4B66B6,
BE5B997A,
3A1F7E97,
3DCFCE1F,
BA96B46F,
BD6D9ED6,
3D9E926B,
BCA2DAAF,
BCA4DC29,
BD37B0B6,
3E15A550,
3D676709,
3D76C79E,
3DD47A59,
BCF907FE,
3D8E06B3,
BE76E89F,
BCC0F3F2,
3E3703D1,
3E03F84C,
3DC0AAB5,
BD998F5A,
3D625E9F,
BDCEC623,
3DBC9DD5,
BC6D7234,
3D84D844,
3D0BF8B1,
BD045EB6,
3D98033A,
BD320534,
3D8BFF65,
BD264880,
3D31EA92,
3C8672BA,
3CA5711F,
3D9FF2C1,
3D7F9AE0,
BD567602,
3DF27628,
3C177494,
3D7F3140,
BDE4EF7C,
BE480AD4,
3D634A1C,
BE067423,
3E77F2B4,
BD59C7D7,
3C03810F,
3E483854,
3CAFEC6C,
3D9D2EC7,
BCD78C8C,
BD732322,
BE16E80A,
3CB4A63C,
BCEAD1FC,
3E04B6A5,
3DD2B4E4,
BDD847E7,
3E26DF53,
BDAEC477,
3D61E60C,
3DFEF98C,
BE6AE4E5,
BE2600A7,
BD844DFE,
3E027C0E,
BDD2E1E9,
3D3508B9,
BE28805F,
3D1A5072,
BE1DB58F,
3DBD0939,
BE616AA6,
3D4E7CBD,
3D93DB5B,
3D5DA178,
3D21B0C1,
BE179C34,
3E3851BB,
BD8A0968,
3C50B5D8,
3CD2BF6F,
BE0E8E15,
BDFB671E,
BB83BE4A,
3DFB1839,
3D883995,
BE015263,
BB915523,
BE083834,
BDA34A83,
BD980E8A,
3ED336A5,
BC662486,
BD6A9E86,
BD974C85,
3E8A87D6,
3DA63506,
BE473004,
3CAAF1C4,
3DCA0C93,
BEB82AA3,
3D6D441A,
BD4CE881,
3CB2F1ED,
BDB8B50F,
BE1CD057,
3E002C3D,
3D82AB44,
BD832497,
BC7E6197,
BD9430BB,
3CE52B3F,
3DCB2DAB,
3DC0D2BA,
3C112ED9,
BBFB9081,
3DCCF27C,
3EC6EE5C,
BD5D282B,
3E24546E,
BE8CB3F7,
3E84B46B,
3E7D227F,
3C954CFC,
3E51302D,
BDFE5C1D,
BDFB1185,
BE38D920,
BDEE4D7D,
BD9C07FB,
3CBC158B,
BD0AEFD7,
BE2F194F,
BD62EB0D,
3BA820F2,
3CA234C2,
3D2A51DD,
3D4A3637,
BB5B3CD7,
BCA1EB94,
BDE0EB2A,
3E51A47E,
BDAE2AA8,
3C414258,
BE063CE0,
3D5B5E13,
3CBD53F9,
3CF3E948,
3E2D2BB4,
BC93E099,
BD96E437,
BD67AA5E,
3E51AD46,
3E331703,
3CE3F9B5,
3D4B1F74,
3DB48281,
BE1F7958,
BD04CD22,
3CB6DB24,
BDC7B8D2,
3DB04A64,
BE8D219A,
BAB01A80,
BDBE9F0B,
BC94FBBC,
3C3136B2,
3E1D408A,
3E131BEA,
3E74D38F,
BD242297,
BE7FC44D,
3E546CD0,
BE2FE40E,
BDD9057D,
3D4CFA91,
3D22F171,
3D0B9B9C,
BD63CE1B,
BE14F567,
3E5BCAD1,
3D3D7BC7,
BDA71B5C,
3B310F8F,
BD68D80F,
BDAB016F,
BCFE4AAA,
BD0A692E,
BE45403D,
3E283F0D,
3E6E14E5,
3D1E6206,
BD19D420,
3E5D3A7B,
3D8BBAEC,
3E85DB9D,
BD41E46A,
3D9C5EA4,
BE02E0F1,
3D64E22C,
BD001ECE,
3DF69BBE,
3CFE1CD4,
BE1B2CF0,
3D8916B0,
BEA1ECCE,
BE09A61B,
BDBCF2E9,
BE7B7D16,
BD6A3CC2,
3D8376DB,
3D8A2E97,
3E635122,
BDC04E80,
3D94482E,
3D8C5018,
3DE1629A,
3E1C51B5,
BBDB95FF,
BE423876,
3D5F8B35,
3D885890,
3E06B524,
BE0FC430,
3D29F680,
3D00E4F8,
BE5FBF3F,
BDAF34CC,
BCDA5D46,
3DC81B86,
BD98763B,
3D3B3230,
BC02A249,
3DD774D2,
BBD485A7,
BD94ADE4,
BD5FC2FA,
3EAF8BA4,
BDD25D0F,
BE80DB2A,
BCB4700A,
BE9C15BA,
3E343D06,
3DFC2765,
BDBA081B,
3CF6DD8B,
BE00C22A,
3D61C5DB,
3DAD4629,
BCACBC97,
BDD4E282,
BCF4A405,
BD8D3969,
3E92D3F3,
3D90B8EE,
3E4DDB98,
BD8AC070,
BDDAE019,
BDD66E9E,
BDF57CDD,
3E4DD1DC,
3D593436,
BE91A4B1,
3C8B48E1,
BCEA188A,
BCAEB07D,
3D9BAA44,
3E1F5B2D,
BE86D62F,
3DAAA6CC,
3D7D0F63,
BDA37044,
BC4810A9,
BD4BE944,
3DA2DEE6,
B9DFA4F5,
BC39F3AD,
BD80F8CB,
BDAB2B67,
BE8356A6,
BE7B727A,
3DF23B8A,
3E19E3F8,
BE502074,
BE389A59,
3D1882CA,
BD0DCE6D,
3D4B8B1F,
BC32FE94,
3D3FA4B9,
BDC000C4,
BD1BC1D5,
BDDBF3D8,
3D6B8774,
3D25DA3E,
BE518BE8,
BE0B8E2F,
3C9DF755,
3DEB0081,
3DC50BC5,
3EA07E44,
BE447B74,
BCD4328D,
3E02F1A8,
3D8D6093,
3E233FE5,
BCB7343A,
BDBE2AD2,
BD80257F,
3D019D9F,
BE71BCA9,
BC9ACC1C,
BDBF3924,
3D286676,
BB457702,
BDD32E91,
BE37B4AB,
BE4E2C34,
BE64D97E,
BD599F7C,
3DE7EDAE,
3E1BE0EF,
BD5B7B99,
BE3AE1C8,
BD66A1FB,
BC75E98B,
3E270440,
3BD3A2B0,
3D6F6100,
BDC9AB85,
3D918399,
BD23FE6C,
3E1E5EA6,
BA85BC7C,
BEAA1467,
3CB29775,
BCF504A7,
BD380EA9,
BE0DD606,
BD12BA9F,
3D5919C8,
3D884A75,
BDEAB315,
3DD6A812,
3DA1EE93,
3D311B0A,
BDA3538F,
3D16FE6F,
BDDA28E1,
BD2EA45F,
BC885B13,
3DEF421A,
3BEBA68C,
BD98555C,
BDF5E25B,
BCEF8F5B,
3D9E453E,
3DBAC1C1,
3D94F60F,
BC974ED2,
BE60692E,
3C9302FB,
3DC58E3E,
BD109CB6,
3D963E93,
3C8C7089,
BD55D397,
BC8B066C,
BD2BC73F,
BDC65751,
BCBD9A68,
BBAEFDAA,
BC2C3B09,
BDEE7EEA,
BDAD1B67,
3DDF7B18,
BD186EF4,
3C8EBA7F,
3E5563FC,
3D3F0DE4,
BD2E3038,
BB0CDB0B,
BDA1D340,
BE026D9A,
3D6CC713,
BD0BD9E1,
3A928CB9,
3D4B6130,
BE68B415,
3D045A43,
3D1CA5E2,
3E08928A,
BDC797FB,
BE605C6C,
BC351F30,
BD4618D6,
BE0B0A38,
BE4A3BD6,
BD0D69AE,
3D39461D,
3CCC994E,
3B201DB9,
BD0A411D,
BD16C96C,
BD58F3D6,
3D784FA2,
3D2270BD,
BDAE167E,
3D7682F4,
BD45BF5B,
BCC08845,
3C167434,
3CF24E42,
BD58CDFB,
3E0EB521,
BDF9EACF,
BDD78F54,
BD12E485,
BE065CD9,
BDCBA0F6,
BC245387,
BDED1968,
3C552B98,
3E1D4F27,
3D9C49B4,
BC8A32F1,
3D4C239A,
BE13EA48,
3E260E09,
BD8DDF5C,
3D40B97A,
BE0E258A,
3E3F14DC,
3E39DEC3,
3E315D38,
3D9675C8,
BE0DE678,
BDD5B103,
3DE2815B,
BE9D57A8,
BD977394,
BD4A3C8D,
BCBCFB25,
3DDCF328,
3E8557F0,
3E9178B8,
3D676AA9,
3E5198EB,
BC9A7830,
3E2DE82A,
BD3F140F,
BCCF4D7E,
BDB36541,
BC2B37E5,
BD1F34A1,
3E97A70F,
BE0ED3F6,
BC96BC0A,
3D4B4ACA,
BE5F8881,
BCBA48B2,
BE90B3C6,
BEA9E45F,
BDE48F8E,
BE134688,
BE7F1BCD,
3D1824A4,
3E11941F,
3D29BCB8,
3D5EBB36,
BD432DCE,
BD6F97E9,
3D3D598D,
3D8FAEFB,
BDBB7717,
BED44F36,
3D89381C,
BDA7B070,
BC739793,
BCFB54A4,
3E1520F5,
BD3C5D2F,
BE955FC2,
3EC1F364,
3E2522B2,
BCAAB52A,
B9CCAEC2,
3C75D493,
3E323141,
3D8AB413,
3D9FA2D8,
3D3D62C5,
BD911E2E,
BDD455C7,
3DA6D4B1,
BE286C02,
3DDADC68,
BCE8EC04,
3E4EE9BF,
BD2E547F,
3C8E2152,
BD94A7BC,
BE00850A,
3DFE2BB9,
BCCB7F97,
BDF289BD,
BEF89652,
BD29CEC2,
BE57B116,
3E292CB8,
3E0D1885,
BC032723,
3E0D78A4,
3E6D7628,
BEBD2433,
BDB8AD69,
3D85C60A,
3D1A6975,
BDA228A2,
BC687EEF,
BD42DCFA,
3DCCE466,
3D1A51D5,
3E822FFC,
BDED58AA,
3E1DF18E,
BE2C6188,
BCDE9106,
BDFF19B8,
BE277073,
BDE05270,
BC824FDC,
BD5E8B94,
BD387FB2,
BE0F24B2,
3E172729,
3D28E2A2,
3DD1BABD,
3D9174A9,
BE1AE3B2,
BDC4EAAE,
BDD2E9C6,
BD469FF4,
BC22DAC8,
3CA6A5C2,
BB835565,
3E104AE9,
3D2D6C02,
3DF52952,
BDE9252A,
3C4A3890,
3CDA106B,
BE125EEF,
3D27AF3E,
BE0D40E2,
3D5C1113,
3C54F452,
BC5BE2AF,
BC20BA50,
3DA16FAF,
3D9E8A8A,
BA34289A,
3E257978,
BD6517F9,
BE9094B7,
BD33A7F6,
BDCBCD08,
BD96FC1B,
3C1EFF07,
BDC21C27,
3C52B1FF,
BD914587,
3DA3BB8F,
3D0DF6FD,
3E25C9A4,
3DC41572,
3CC121D8,
BE0DC985,
BDBDEEE9,
BD4BA0FB,
BDE36251,
3DE71482,
BD308D8C,
3CF1121C,
3DB01128,
3DF1C912,
BDAAFB37,
3C8416C1,
BC4DB9B5,
BD4109B1,
3DC96123,
3E3C4518,
3E339B75,
3DBB575A,
3E118566,
BDD175E9,
3D1A2AEB,
BD85016C,
BD8386D4,
BC9F43EA,
3D6CD665,
3D30945A,
3C8436BA,
BCBA14F1,
3C129DEC,
3D92133F,
3C4DE940,
BDF3E427,
BD2E7F87,
3B211B05,
3CCFB322,
BE810DEF,
3CC67648,
3E0E5605,
BC49BBEE,
3D9321B1,
3DB40227,
BC1780EE,
BCF53A2D,
3BF48BBF,
3E28EA03,
BDB6EBA0,
BE209245,
BD00727B,
3DAE35A5,
BD382584,
3CCBF4E3,
BE34E3BF,
BD4EEA55,
BE215BA1,
3E7E445A,
BE5DBE82,
3D31038A,
BE435C4A,
3C416470,
3E0C3D10,
BDA44C70,
BDD5322B,
3D95662A,
BD645976,
3CA8436E,
3E37BFD2,
BC98C15F,
3D349200,
3E09CF16,
BD41D629,
3D5EC0F5,
3D09E487,
BC90F9E8,
BBF668F2,
BE2DAE4D,
3D5B4219,
3E0B1FE2,
BE93F885,
3E3E3280,
3D70D2D1,
B93E68D0,
BC979325,
3BA68C01,
BD3F745B,
BD794798,
3D7FE3DF,
3D29A535,
3E62677A,
BDBF6A49,
BD88D1FA,
3C15EC15,
BC8C3940,
BCD5E0FB,
3DDD5C68,
3E051844,
3D947E73,
BDBC99A1,
3DEC9121,
3CA9454C,
BDDE1DA6,
BD363DFC,
BD504AE8,
3CB23A7C,
3DC44A17,
BEC5BD30,
BDD9AC84,
BD96D565,
BD8B7F26,
3E7B36CF,
3D83D782,
BDD974F9,
3D04619E,
BCE2CC21,
BD00F1AE,
3DD61E2C,
3B996519,
BCE98E19,
3D09B64C,
BD48FFED,
BE007C81,
BDDD8C84,
BF1DD9A8,
BC92BFAD,
BE3E823D,
BE54A3CB,
BDDE372F,
BD76BB15,
B9869481,
BE1391E5,
BD81027C,
BD9ADA06,
BD4DBA90,
3B2C46DB,
BE12B147,
3E08D4B0,
3E75E240,
3D9D1E4B,
BE2C82B6,
3CF46F9C,
3E08D399,
3E930401,
3E2E5597,
BE9CF058,
3CAC6B9E,
3E63ABE2,
3E656DBB,
3DDFD723,
BDA0F6FF,
3CCE9314,
BCE0309F,
3E3762CE,
BDF2FE4B,
BE0857D0,
3D150D69,
BD9DD4D2,
BE614B28,
3CF156EE,
3D9F55B8,
BE09DE0D,
3DD1D739,
3E97CEDF,
BE3864E4,
3E0F8DB2,
3E524F2B,
3E04F86B,
BDB84A6E,
BD24A910,
3D864398,
BDFAE417,
BDA789F6,
3EAEB954,
BEA95F8F,
3C703903,
BE1DD23C,
3B7925D2,
BB111436,
BE8626BC,
3C079636,
3AC77620,
BDF62295,
BE09ED4F,
BE83E23B,
BDDE69B4,
BEA1A522,
3CA1139C,
BE9C35D5,
3E4E9962,
3E01CB90,
BDCB5FC6,
3D301F84,
BD5A98AA,
3DC36239,
3D9AB6FA,
3E07A216,
BE41D8CF,
3D0D6BD7,
3E1CEABC,
3CD0529A,
3C13E92D,
3E6C19B1,
3CBE5DD2,
BE8A84DE,
BDA39508,
3DA77FBB,
BE8189F2,
3C0EA6CC,
3E122592,
BD68430A,
3D1CFFFE,
BDB89A25,
BC2C25AC,
3CFEDB1C,
3E287CC3,
3E218A03,
BD8A3FC4,
BE22EB36,
3E168C74,
BD26D16D,
3D68B414,
BDCB1036,
3D94F0CB,
3DA98D65,
3E84DE2A,
3E862B14,
3D4D8B91,
3C908DFE,
BD766570,
3D02A9E4,
3D5B1CC9,
BA8507F7,
3C1952E0,
BE59D18D,
BDF232BB,
BDBAAD6B,
3C23B1C3,
3DA8AEDC,
3E2A6C8B,
3E080336,
BE23D219,
BD0175C1,
3B863764,
3C487586,
3CC39469,
BC86BE7C,
BEA361C9,
BC9ED6AE,
BE3FA731,
BE769DF1,
3D702C20,
BE0A11B6,
3D52034D,
3D43D2FB,
BE782E64,
3D983179,
BD9F24D6,
BD8FE777,
3E27D9BB,
BD88225D,
BD95E44C,
BE6778EA,
BD4DBD25,
3C2E7CA0,
3C31EC5E,
3DF52514,
3E740DB3,
3CE519F2,
3D52B3EF,
3C2BB6D2,
3DE6AD2E,
BCBA7F50,
BE104292,
3DC8DB12,
3DD837B7,
3D8EBCF3,
3B4A3EC2,
3D3B9EDF,
BE32EDE3,
BDC57210,
3D28C9DC,
3C7C7B06,
BD10DCE3,
3E0F38C0,
BBCC7BF6,
BDF510DC,
BDDAD1AD,
BD5911AE,
BD7DD93A,
BCD04CD2,
BCFFA264,
3CAE22AB,
BBDB0EA2,
BC9142C2,
3E8E71DD,
3D11135E,
BDDB61A7,
BC8A3DC8,
3D84DB5E,
3D4E0C1B,
3DB0F8BF,
3AEAB04B,
3CB51D8C,
BD2FD317,
3C182347,
BD770AEE,
BDE9C827,
BDA5443A,
BCA32804,
BDB19340,
BCAE0169,
BEAE217D,
3E3A42CB,
BCF8BDA2,
3E9F3D0D,
BE6389D2,
3DF92569,
3E664B9A,
BD8C6745,
3DBA4FEB,
3E0B0B83,
BDD2C5E1,
3DDFF80F,
3C145929,
3E0A83A2,
3DC08C9E,
3D66A1EE,
BE80AE4B,
3E1618B6,
3B94D305,
BD8402B5,
BDAD08D7,
BD6552AE,
BD1B120E,
3E14D803,
BE606409,
3E74F471,
BCC0F6AF,
3E46E650,
3D4404F2,
3D6A65B9,
BE19606F,
BD8F0216,
3DF63C0B,
3E2FBF0F,
BD37BC6C,
3D1FDBA2,
3E25BF50,
3E5E51B9,
BCB8566F,
BE19CEFC,
BDCBA89E,
3E24CAB1,
3C421D78,
BD983833,
3D8B92B8,
BDAE93DD,
BE08EE0A,
BDA03989,
BD0C96FD,
BD8F8402,
3E18193E,
3D0B7275,
3D03606C,
BE9C0B3F,
3C78DDD8,
BD2D682F,
3BD501F2,
3DE79C08,
BE2E09C8,
3E16A323,
3E10DCC8,
3D8A092A,
3D8BBA5B,
BD625C40,
BCA8B07B,
3E654799,
3D7F3C09,
BD34E4A1,
BD86494D,
BD684E94,
3E38B699,
3D82E7FE,
BDDDFF0B,
3D81038F,
BD87DE6F,
BE1E7C5D,
BE29110F,
BD5CC71E,
BD98C2A0,
3DA389A6,
BD32EFF8,
BD6BCFDB,
BDD3E61D,
BE1E4F0F,
3E2F6FCA,
BD82BB78,
3E4AC640,
3E157062,
3AE06055,
BD9CF0EF,
3E2CA987,
3E111333,
BDDEE582,
3CF85F8C,
3D9B648E,
BD260B99,
3B5E699D,
BDACA54C,
BB818B75,
BC4532ED,
BD1F4983,
3CB3E7F0,
3D9B71E5,
BDA6F92C,
BD105BDB,
BD2B9116,
BBC59782,
BD34090A,
BD6D8BD6,
3D86D80F,
BE3556C3,
BE532333,
BE919616,
BCEE2922,
BDD4AF5E,
3CFEFA92,
3D9C58B9,
3C73BAC0,
3E507686,
3E16621E,
BDD52768,
BD4F6A17,
BCEBEE7D,
BC831C31,
3E056E6C,
BDDD183D,
3C733901,
3CF913AA,
3CF923CE,
3D8CADD1,
3D247ECE,
3DAFEEF7,
BD24FB2C,
3E8A3632,
3E136F46,
3DD424D5,
BDE4CA6D,
BC1D324B,
BE894567,
BE3F344C,
3DFE5EA8,
3DAF58FF,
3E102C68,
BE0E07C3,
BE191C67,
BDF8FC44,
3E1ABFCF,
BDC6FCB7,
3D7162EB,
3E7C1D34,
BE5096B9,
3DE928A1,
BD5E3481,
BC27CD51,
BD9AAD3C,
BD682DA2,
3C78E12B,
3D3AB43F,
3CC5B369,
3D67D5FE,
BCBB4EAF,
3DC4DD69,
BD0D10FD,
BDE5B198,
BC4BDF44,
BDA9A83F,
3DC01E58,
3E71D9E8,
BDEC309A,
BD549F16,
3CEE5826,
3D36770E,
BD7D208C,
3C1D11B8,
BDF07CE9,
BC4A3587,
BD72935D,
BBF5FF69,
BDC76B48,
3E25C089,
3ECD8AEC,
3E164DFC,
BE52A427,
BC9C5C79,
BE88C7BE,
3E76880F,
3EE2D053,
3E192369,
3BEAB897,
BE929175,
BCF802F2,
3E892226,
3CBAF11E,
BD7D68BC,
3D3CF404,
3DB068E0,
3EAD4696,
BDD486FF,
BD9925BA,
3CA0002B,
BDB6362E,
BE347C32,
BE3E7ED7,
3E0F42A4,
3E3DD1D1,
3B936E50,
3CAA1ADB,
BD49B1D1,
3C322BB9,
3E2E0BAC,
BE6BA5E9,
BE1E2D35,
BA0F7A5F,
BD9C8612,
BDC27FF5,
BE339321,
3C425D03,
3E0CEE0C,
BE8407C6,
BE543652,
3D4B75B3,
BE051BE8,
BD83BF8D,
3DADAA7D,
3CCE387D,
BE4F028F,
3E632966,
BD29DDA2,
3DB1619E,
BD0FB414,
3EB6546E,
3D94BAFE,
BC9D95D2,
BE23F94B,
BD006DF6,
BD931B55,
3D54DF9A,
3C3CA469,
BE584029,
BE0570B4,
3E1603B7,
3C3CED0F,
3E19C3A0,
BD1A8C1B,
3D74D0EF,
BD944FF0,
3DB87B3C,
3DE5E802,
3E3D4D7C,
BD77401C,
3D5035DB,
3DC81BD5,
BEE350B4,
BDC8A644,
BCAEEA52,
3E425B9F,
3ECA9CDF,
BC9D2AB4,
3D119FB2,
BE17D9B0,
3E9BA042,
3D6A8E82,
BB39D009,
BDF6D3DE,
398A4CA2,
3DC3F3F3,
3E9B4616,
3DA9D40B,
BE05B5C1,
BD946FEE,
BDC847D5,
BDA6327D,
3DA07F76,
BE757EC6,
BCE4FD32,
BD6FB360,
3CA61CC3,
BD14A5BB,
3DDF390A,
BD56DD41,
3E503F3B,
BE31A14B,
3DF21A36,
BD53842D,
3D08C066,
3D70C42F,
BDEA9E6F,
3BE67F91,
BBF49590,
3C04C0E7,
BB5F425F,
3DEE0BDD,
3DACD47C,
3E26AA65,
3E988F13,
BE4761F6,
3DBD8DCD,
BDA96A30,
BD74BAD1,
BDB7A7F9,
3E38DA18,
3DB2B540,
BE0E00CA,
BC8BC65D,
3D82E4FD,
3D89D42C,
3D8F235C,
BDAB4528,
3DDB2DBD,
BE255499,
3BA64C53,
3E4C650E,
3D9E957E,
BBD0601F,
BD3ED9AE,
BDC72A9C,
BD61B37D,
3CB554ED,
3CA6B832,
BC1D5462,
BCDED425,
BCF8E58D,
BE419703,
3DA95614,
BEF8F0EB,
3D45668F,
3D96118B,
3E236A39,
3E195028,
3DF784EE,
BCF53E71,
BE0C9B9A,
BD9D017A,
3D52FBE8,
3E2E722A,
BC58087A,
BE272C45,
BCF4A577,
3DCA7579,
3DCBE5C5,
BD9F59DB,
3D24BC28,
3D0E0CCE,
3DE65F88,
3DC64EAA,
BDA75166,
BE2DE9AF,
3E343C40,
3D4B3D22,
3DDFF89B,
BE623D58,
3D927F50,
3D051C80,
3D4B1DDE,
3D467AE1,
3C86229B,
BE3525F5,
3DB6FFE8,
BE28678E,
BD82A2CB,
3D6FFE5B,
BE171F62,
BC8FD33B,
3E078416,
3D124981,
3DB45B09,
BDA1A6E9,
BDFF3B15,
BDED9DA3,
3D81016C,
3E297F72,
3CD4F82B,
BD00BB61,
BD9D4B88,
BDC75451,
3E032F06,
3D154674,
BDA82275,
BD5BD20A,
BE07CC2D,
3D982A2C,
3E5AF3E2,
3D0AFCD4,
BBC8FE18,
BE4D443F,
3D999184,
BDE7B517,
3CF33EA6,
3B4AE696,
BE588B1F,
3D85DE1A,
3E0C507D,
BE473636,
3C23BA62,
3E1106C0,
BCED2C1C,
BDEBA1BD,
BDB02888,
BC7213C3,
3E0FDCA1,
3D565DFA,
3E037178,
3CE1EAC9,
3C852508,
BC754681,
3C4A8205,
3D8CE5AA,
BD88EB4C,
3E136AF9,
3E227CEC,
3E159E38,
BCC27729,
BE287F8C,
BBCF857C,
3CED557E,
BE59C894,
3E04C54A,
3DB80D5F,
BD667210,
3C82C1F6,
3D42965B,
3DE47762,
BBC5D941,
3E0A51C4,
BD99E007,
3D7FFA9F,
BAC1EFFC,
BDDBE3A4,
BD290FA9,
3E2ADD52,
3D79668C,
3DD7048D,
3C2AD1FA,
BDCFC8BD,
3DF4A1D2,
BD287EB0,
BE0075C5,
BDB278B9,
3B8002BB,
3C67C7F1,
3E08CF99,
3C5D6EBB,
BC575F20,
BE63C433,
BD2FBFF5,
BDBFFA98,
BDBB7E87,
BD9498DC,
BDD20AFE,
3E9B6FC0,
BEB1AF86,
BD6AFC5E,
BE854368,
BD423820,
BCD8AEAE,
BDD8DBE6,
3CE55514,
3E1E30BA,
3E048255,
BCFFCD13,
BE53DA89,
BE089AE7,
3E33400C,
BDD77ADF,
BE147701,
BD308C63,
3E033E0F,
BDC04708,
BD02E97E,
BDB8E377,
BD9337EB,
3D327A2B,
3C5C8C21,
3E182201,
3DF09085,
3E05561F,
3DE18B3B,
3D3B284B,
3E0DFA02,
3D92CFC6,
BD59A8CA,
3E20BFFA,
BD4B63C3,
BCC31ADB,
BE103A60,
3D61EA0A,
BCBA34C3,
BC835724,
BDEBB4AF,
BDC07187,
3E2035EE,
BD34E883,
BE415BF7,
BE899639,
3E5090B9,
BE7F6646,
3E20A970,
3D2D0856,
B9377676,
BCD6D881,
BE1C93BE,
3DE8BA5F,
BE271257,
BD9C25DC,
3D3A5D83,
BBADCC56,
3D6CCDCF,
3EAAD1B3,
BE90B07F,
BDA9B7B7,
3DBE4F2A,
3CE7F081,
BD94D1CF,
3D7C7F16,
BE3422E9,
BE237662,
BCC5C7F8,
3D4822C1,
BD8DC338,
BA5B6898,
BD1AC1C9,
BEB489E2,
3D9211C6,
BE49213F,
BCE685B5,
3DE6BDFD,
BE482A56,
3E99766F,
3DBCCF46,
BE14E15C,
BE11FFDA,
3D25EE35,
3E5D7FD6,
BE5120D6,
3E891A24,
BD37C29A,
BD390C7F,
3D9F1FDD,
3D47ED7D,
3E47CFF5,
3B97880C,
3ABE9F82,
3D418C8F,
BE76EE7F,
BD3FF1D5,
BE09531F,
3D762F86,
3D37E0D1,
3DA0D2AC,
BE7B2E5F,
3E371C78,
3E292B66,
3DBCBB5F,
3DBC7953,
3E0DC164,
BD8D5BE7,
3E30063F,
BD813379,
3C93E5A3,
BDE1D729,
BE067C7C,
BC8C10BE,
3D4948A5,
3E4E5CE1,
3CD38EEA,
3E461540,
BDFF8A66,
3D8E583E,
3CAB325D,
3D80BE2D,
3D56EA09,
3E31F48D,
BD7E60AC,
3D1CA4B1,
3C45F056,
3DDD6493,
BC50F2D8,
3E0F93FC,
BC735135,
3D9356B0,
3E3D065F,
BDC7225B,
BD9FBDE8,
BE734AD7,
BCA3E41B,
3DAED43E,
3D10CB02,
BDE50F31,
3E23708E,
BD9A6A59,
3D9C361C,
BCFD1B3E,
3D901D78,
BCE1C9CE,
BE0DA4A4,
BC9E3FBA,
3E379B2A,
BCFF1261,
BCA4A776,
BD82ED79,
BCB7BB7D,
3E3DBCDB,
BCA6AC02,
BE600F8E,
BDFA6A25,
BE31EF00,
3DCD233B,
3D84E916,
3DB3F343,
BDDB7883,
3D216907,
3CCD8E2C,
3E0B0F00,
3C4B59E2,
3D9CB2DF,
3CCFB50C,
BCFAD000,
3C9404B7,
3DAF1DDE,
3DE2C215,
3E016226,
BE15785A,
3DF83CEA,
3DA4814D,
3E075A1E,
3D3AB6A0,
BE8D9233,
BD72FDA8,
3C8C34A7,
BB94C544,
3D806A25,
BE1594E5,
3E24BCA7,
BD4B5AD3,
BD8CA928,
3D99A9C8,
BCE1421B,
BD7E3A10,
3E038BE8,
3C8BD1BD,
3E3EA9B2,
BD8D4129,
3E581E5A,
BDE0B52C,
3DE82A96,
3CE25183,
BDDDED72,
BB72AA5F,
3E654A20,
3DF2F6DA,
3D58B4DC,
BD3FF12D,
BC010140,
BD94CB7C,
3DDF2780,
BDA897C5,
3C011003,
BE10B6AB,
3DC70C07,
3CADF41C,
3DBACC74,
3CEF5AB9,
3A880DAC,
BDF8F751,
3E794E4A,
BDCCB6BC,
BE606D84,
3BD3A43D,
BE822E46,
BDE6ADF2,
3C23EE41,
3DCCAB3B,
BE01FA13,
BE0F0CF6,
BD826B33,
3D7405F5,
3D140FD6,
BDDD5C1C,
BD947087,
BDB45465,
3C391B41,
3D1FA5D8,
3DEDA660,
BBCC598B,
BE1303A8,
3E16745B,
BD6DB6C1,
3E8275C6,
BD14DB2F,
BD3DB590,
BD5788FC,
BDA82F00,
3D433423,
3E669D31,
3C8669CA,
BDE04D89,
3E6D79A1,
BB60F953,
BE843017,
3E0CF762,
3DBF8068,
3DB70000,
BBD18075,
BC31C0AE,
BC19434D,
BD854ACF,
BD1A6F9A,
BD9C88B3,
3D63D367,
BDBA73E3,
3DFE1277,
3E7ACB00,
3E293150,
BCF7DD6D,
BD3C2B40,
BC8BE112,
3D451E68,
3CE2C9E3,
BB870BF7,
BC4F57DB,
BD162B6E,
BD1CD1C5,
3D66B820,
BD857C3A,
3E381E34,
3C8CB1BC,
BD3FE0E0,
BDED9C08,
3C1627E6,
BDA78240,
BDC89A27,
3DDD51AE,
3CDB7E5B,
BDB98BB2,
3DECECA4,
BD2E94D2,
3CF60663,
3D658CF7,
3D270D12,
BDC26879,
3BF4BD48,
BDBA6056,
3D33B157,
BDFB549F,
3DF6BF0A,
3E0333BF,
BCB72402,
BE2167D6,
BD5528DF,
BD8B5CD6,
3DC47CCC,
BD905475,
3D38B748,
3D9D4DB9,
3D82C0C5,
3D9EB273,
3E5DD371,
3D80123B,
BCBF910F,
3DDB28BF,
BD59D6AA,
3D7686C0,
BE731F73,
3D31DA8F,
3E3D265F,
BDB0C522,
3DDF2288,
3E461408,
3D4A8EF1,
BBA76E3B,
3D75CF6D,
3DE30A73,
3DE5C050,
BE138E2C,
BC940D88,
BDB8D3D6,
3D5447C5,
3D424F3B,
BE069BBA,
BE1D8220,
3D8ED1D2,
39BF4284,
3DBE959C,
BDBE1AB6,
BD83970C,
BE3BA1DD,
BE761419,
BDE8012D,
BDD91594,
3C442255,
3E2401C0,
3E44FC59,
BDE6E814,
3DF5F611,
BD8D8355,
3DDC92C3,
BD99FAD2,
3E5DB732,
BE0F60DB,
BD3B0FA7,
BD6E8074,
3E25E12A,
3E107584,
BD8BE616,
3DB3807C,
BE1E0013,
BD06FFD3,
BD836051,
BD03C3A4,
BD99999F,
BD66CB1C,
3D954C8D,
BE26600C,
3E81468F,
3C780D0D,
3E877C0F,
BD2DD9C0,
3D70D611,
BD0939C8,
3CE42A26,
3DFF4288,
BC686FE5,
3E1B617E,
3D6EBF20,
3E41548D,
3DF56233,
BD2309B7,
3D8670B7,
BE3F61F4,
BD6162F6,
BE17C435,
BD01F97F,
3E0C2705,
3DBD068F,
BCC9DC59,
BC4C1100,
BDA8CD2D,
BDDE90CE,
3E089FA6,
3D4877FC,
3E0EFB24,
3C872745,
3E2B0D0E,
3DDBC6EA,
3BE2B2AA,
3D4005C9,
3D083B8D,
BD963F20,
3D0E5999,
BCE8793B,
3D78322F,
BDA549C7,
3DC5802C,
BD58375F,
BE0BD326,
BBDCA613,
3DE794F5,
BD09182F,
3D92B252,
BD05EAE0,
3DCFB4CE,
BD98C1B5,
BDDA4CDD,
3CCA4F1A,
3D19FE80,
3DEA1033,
BC98999A,
BE15F0D5,
3BB3F63E,
BDAA5ADA,
3DA87013,
BDD0B3EC,
BDC2E212,
3DA11698,
3BA08A58,
3D220439,
3D56840C,
3D6E2227,
3D5790B5,
BE2FC174,
3D1215B8,
BDD12C6D,
3DB56573,
3D13083E,
BD9EADE0,
BD11B09F,
BD7CFD23,
3D41CC6D,
3D15B876,
BD88560A,
BD222919,
3DC0310E,
3E025B84,
BD8804D7,
3E22CA80,
3E0CDAEE,
3DC5BEF7,
BD969D1F,
3C6F9EA0,
BCE7773C,
BD086217,
3BF92068,
3D91A7D6,
3E2ECB8E,
BD0E3D32,
BDF668E3,
BE2A99A1,
BD70B3BF,
BD645DB0,
3D9B485B,
BC9F373A,
3DB9FFB6,
BA439B3F,
BE3CEAF3,
BCBDB4D1,
BD81AA08,
3E01B329,
BDB88C77,
3E084FD1,
3E34EF9B,
3D0A659F,
3E5A5FDB,
BD0B1B68,
3DAF6171,
BD8746B5,
3E5B8A72,
BE1F34FC,
BE18A9F6,
3CA3DA51,
3D1CE6D6,
3E0D093D,
BDBDEF96,
3D273136,
BE0B6E8B,
3E5075D9,
3C8160B5,
BE067ACB,
3D9B19A5,
BD07690D,
BDB8C162,
BDA405FE,
3C1B99F8,
BD8441F1,
3E1C372E,
BD84DD30,
3C2B50F9,
3DE56A1F,
3C2DF2BF,
3B463500,
BDEAE7B0,
3DF9174B,
3CC50DCC,
3D1A3B9D,
3DD3EB85,
BDFB1712,
3D578A4B,
3DEEFBCC,
3DD14C62,
BE034897,
BDF8601E,
3DE97F8F,
BE9DB1BC,
BE821AC3,
3C693396,
BD9D20DE,
BDD7B1D3,
3C896638,
3E8D8C8E,
3E0AD6AB,
3D353976,
BC07878A,
BD82467E,
BE0663A4,
BCFC3C5C,
BD6E3032,
BD95895F,
BE13056C,
BD2964BB,
BC120044,
BDA02905,
BBEDD865,
BD967E76,
BE032AE6,
BD9678FD,
BDF965A5,
BD51D3CA,
3D613085,
3DF1A78F,
3DA6FF2B,
3E034045,
BD923F96,
BDE4C57D,
BD64EBEA,
3D920808,
3D3BF788,
BE0DE7BF,
BD22FA29,
BDFB67F3,
BE888F17,
BCBACA9D,
3D61A8CD,
3D773588,
BB7FD8BC,
BC6BB33A,
BCCE611D,
BD612FF2,
BCC2E5BC,
BD6C87FE,
BCD32A81,
3D602E99,
BD5532FB,
BBEFAF14,
BC9B1E6D,
BD88BFBB,
BE09AD8E,
BDEA9E15,
BCAAA154,
BDE32D82,
3D4CABD3,
3E20F962,
BD182C93,
3D260BB3,
BC525513,
BCC0ED14,
BE89AF22,
3D1CDB6A,
3DF98DDA,
BD8BC553,
BE3C37F0,
3CE26E57,
BE069AFF,
3E0E2099,
BD3FC2C6,
BE39DBF2,
BD0BDB9F,
3D5D7601,
3CDE72F8,
BD239DAF,
3E046AF4,
BD28518F,
3C78901D,
3BA1792C,
BDDAC01C,
3B2DBD21,
BD67A28C,
3DE7A681,
3DB2E14D,
BD24D2DE,
BD320173,
BD73EE08,
BCF9F2DB,
3D3AE049,
3DE55602,
BD38A8B6,
3D426875,
BC080BF7,
BD657EBE,
BDAC79F2,
3CB8566E,
BDB8B968,
3E78F22C,
BD315953,
BDC1BADA,
BD996596,
3DB532CB,
BB35F254,
3C9A13FB,
BD6376D9,
BD0EB048,
3E14270B,
BD8235E9,
3E0017EF,
3D21F582,
3C7D6EDC,
BE412204,
3D0A949A,
3DAD2C22,
BE24AACD,
3CBE7518,
3DB09FED,
3DB2E574,
3C93C19B,
BE697712,
BE13ACA8,
BE83D735,
BD1A0C4D,
3C9433E1,
BD759B37,
3E10F7FE,
BC7D4B81,
BD962D0D,
BC1466D1,
BD0F5D71,
3DA2554B,
BCC04812,
3DA11A6B,
BDA227D9,
3CF4A873,
BDDF447B,
3D41C72B,
BD4B899F,
BE18B180,
3D725CC3,
3DD40D51,
BDA1AE53,
BBC8661D,
3D6EF1BB,
BD3AA136,
BD532966,
BCB29B2F,
BDFA7D71,
3C183942,
3E3A4624,
3E1B19A4,
BC98958A,
3E524987,
3E5CFC0E,
3E1D4BF0,
BE73E1CC,
BD669B21,
BDF18FA3,
3AAA12F4,
3DE5B399,
3C9B2807,
BE6222E5,
BD903795,
BCA3F6D9,
BDE9B108,
3C9BA251,
BCCEF8BC,
3DB3449B,
BDE2E4BB,
3DC41DB1,
3DDCB017,
BEC8CE7F,
BCFDF355,
3CBCF2DA,
3DB6CBDC,
3D206B6D,
3D8619A0,
BE055135,
BDCE6C1C,
3C573045,
3DA28755,
3D872DE4,
3D95A30B,
3DFF9195,
BDD16CEC,
3CC02C72,
3D7F2AE8,
BD937C14,
BDA83011,
BD1114CD,
3CC0DAE5,
BE4E8BBA,
3DDCE77E,
BDD3BB77,
3DD2A36A,
3E12E535,
3D61CED1,
BE09DCAB,
BD7E5809,
3D1A178D,
BC8A378F,
3D49579F,
3E297D25,
3D6A0898,
BCF76CC3,
BD7AB655,
BD1D25DC,
3E5C4D7D,
BDC19210,
3D4B9F19,
BB4196C4,
BCCC7545,
3DFED26E,
BEA2AB33,
3CD014FA,
3E4FAF4D,
3E148D23,
3D40A462,
3CCC10EE,
BCA593B7,
BCA52689,
3D47C129,
BC869696,
3E22926E,
3D40D156,
3DFF7082,
BD421CD7,
3D863F0F,
3D815AAA,
3D20D1D2,
BBA5BEE1,
3B906256,
BD6AEB1A,
3D772AD9,
3E98125B,
BC1D3220,
3E537EB3,
BD2C6C16,
BC097565,
3E1574F3,
3C2B9ED4,
BBEA5210,
3DEE7D03,
3D2BFBBC,
3E99AFBB,
3DDC3799,
3CE6926E,
BE016073,
3D7483F2,
3D99D19F,
3DD4AF39,
BC6E1126,
BE88AAF6,
BE3F03BB,
3D6625CC,
BE0C6D2E,
3D8144B5,
BDE7A078,
BD49C7B0,
3E236E33,
BD963409,
BD83FD04,
3D9ACF9E,
3C5EAE8A,
BE130439,
BE56D307,
BDAACFD0,
3E028FFB,
3D74846B,
BE0C7E43,
BAA711E5,
BDD10FCB,
BCA391ED,
BE65AA3E,
BDA02B6C,
BD9A7207,
3E3DAD5B,
BDB39526,
3DC235B8,
3D5045E9,
3D9C60DB,
BE381810,
BD3B105E,
3E9E0CA7,
BE60F9F9,
3D060AF9,
3D09D115,
BCE83E57,
3CCE0170,
3D3CBF3E,
BDD40006,
3DCF9C7A,
BCA55F2F,
3DA98669,
BE820641,
BD48980C,
3DB8F63D,
3CC3D871,
BDED681B,
3D22A350,
BDC48B6C,
3E206042,
BC93D089,
BDD885ED,
3E258976,
BC8FA05E,
3CDC06AE,
3E013097,
3DE0EF67,
3DB1FE16,
BCE3762F,
3D722283,
BDA28E01,
3E044DA8,
BDC462D6,
3D1BA4DC,
BD13FB58,
3DA29850,
BD3872AC,
BDA9A0AA,
BCD82027,
BE8265C2,
BDBC3D9E,
3DBFEF7A,
3DDE0BEF,
3DFC8638,
3D20AD66,
3D2641F4,
BDA9EE42,
3E629971,
3DE38B5C,
BE4957B5,
BD31456F,
3E76E301,
3C829866,
BE4ED62E,
BD8D3FB8,
BD38FEBC,
BE4304DA,
3E44DAAB,
BDE207E7,
BDD1BEDA,
BD08C62D,
3CD59FFC,
BE0A2C6A,
BEE05BDC,
BCE5EEE6,
3D210954,
BD277FCB,
3E28B5D6,
BE0DF40D,
3DF000F3,
3E658E76,
BD96D596,
BE378F60,
BE03C116,
3E705B82,
BDCF5B17,
BC3DD2CF,
3D14FC14,
3C960585,
BD401E74,
BDCE7DE4,
3C526A87,
3CD7BED5,
BC5BE25C,
3D94BF73,
3B9619C4,
3DCC2025,
BD98C0B7,
3E676AAA,
3A986CC8,
BDA997C5,
BC570BDB,
BC61515A,
BDE63D9F,
BD144044,
3DE83479,
BD8FFEA4,
BC470B29,
BCD3C268,
3D80DC61,
3D4C147B,
3DA22658,
3D38B5EF,
BC048A3E,
BDA9D8C1,
3E294D31,
3DE2F8AF,
3D89D5BD,
BDEF7D62,
BD2E5378,
3AC49B82,
3E2538F7,
BC8CCEAC,
BE2176C5,
3DB8B33F,
3DE4F2FA,
BDB780F3,
BDFA360D,
BDE2FFF4,
3D4E0E89,
BC92E49B,
BCC03261,
BC8EFA4B,
3CAF5DA8,
3CFC01FD,
3DBC9D01,
3D0F6821,
BD3F9535,
BCFEA735,
BE197EC0,
BE0B0F61,
3B82F922,
BDA6D58E,
3CF7CC2E,
BC38B5CE,
3A583B46,
3DB216F3,
3C688D00,
3AC22DD4,
3D86D8BE,
39323969,
3CDE7CAF,
3D531AFA,
3D42553D,
BCD58122,
3D883BB8,
BD984043,
BD477967,
3DB3098B,
BCCACA43,
BDCC62F8,
3DB0423F,
BD8F6AF5,
3E0A2368,
BE01A0C6,
BC77BE7E,
3C9DD811,
3DE998E9,
3E1A6ECA,
BD5244F0,
BDCB8A4D,
3DB3B4D2,
3D9B13C9,
3D020B4A,
3E6197DA,
3D1F9102,
BDFEDDAA,
3CC16DD3,
3E022B93,
3C472ADA,
3D853D69,
BD05ADD1,
BDA66524,
BE0AD816,
3E4552D2,
3D0BC92E,
3D113E72,
3E764BB8,
BD881F34,
BB5CAF52,
BD3747D7,
BE3DEF7B,
BC455BAE,
39468706,
3E402E63,
BDA77317,
3D046486,
BD424921,
BC9C6697,
3B5632BC,
3DD5E928,
3DE4D390,
BC39FD99,
3CBBF6CA,
BC800603,
BE11A092,
3D176E05,
BD31AA06,
BD95F0EB,
BC820215,
BE08AC52,
3DD5F1AD,
BD973A48,
3C08BD64,
3DD3CA7D,
BE39528E,
3D4C414B,
3D061B9C,
3D6531F4,
BCBD4575,
BD8F9438,
BDC80672,
3DAE67F2,
3E60F11D,
3D7B90FF,
3E3CF6A3,
3E149FE3,
3DA5B131,
3EAD7CCE,
BE173C26,
BD3A2636,
3CE28855,
3DBA2674,
BDF8166C,
BC8C5A43,
BDBDBCF0,
3CEA7130,
BDECF169,
3A95EC5C,
3E119EC4,
BDF0BB98,
BE7D296E,
3D47FD58,
BDB4F1F9,
BE36C224,
3C09AD81,
3E01CD7C,
BD7A3CE3,
BCD4D9B2,
3C9CDB6E,
BD917D30,
3E47E44B,
BDBE4FA5,
BDCB1A0B,
BBBA9192,
3D92DCA6,
3E8CCE54,
BE611E38,
3C1FEE2D,
BE413AE7,
3E867EF4,
BDDFC45C,
BE078455,
BEC2898F,
3D90405E,
BC24F973,
3E461BC0,
3DE0C367,
3E082338,
3D435A84,
BD21D4F2,
3DA14B6F,
3DF7F8C9,
BDCBE511,
3D11356B,
3D80765D,
BD3450DD,
3D840450,
3C4DA70F,
BD3818F7,
3E01D5ED,
3DA399CE,
3E389E66,
BDAF32F6,
3E322F0F,
3E3EF456,
BD30A3A8,
3D95466D,
BE00C444,
BE1448C4,
3E336562,
3D054BEF,
3E955BB2,
3E5508D6,
BE0F0684,
3DE9CA4E,
BDD9D2DC,
BCFE9D11,
3E1E4277,
3D499052,
3C999EE4,
BBF77CEC,
BE6215DB,
BDEE4BDB,
3E41118F,
BD277A37,
BEEB4747,
3D81A42B,
BCE46724,
BBCB95B8,
3E769515,
3E8B584D,
BD8EA3F3,
3B84B3FB,
3B4C6CF9,
BE91AB1C,
BD710147,
3DC81236,
3CE35E10,
3DD56C54,
BDCEFF68,
BE9A870F,
3ADDEEB7,
BD1C3DE4,
BE89E573,
3D15EED6,
3DD1FE49,
3D8A7166,
BDBA1D18,
BE3B50DA,
3CD16F74,
BE0EFA8C,
BD79306C,
3E466BDE,
BDC5D099,
BD51683B,
3E2B6E93,
3B7E8377,
3E1832E0,
BDE4D564,
3E077CF5,
BC9FE683,
BE23FE25,
BE81FF98,
3D097F9E,
BCEC5782,
3E31E5DE,
3CDA3743,
BD4D2FA7,
BD3A742D,
BD05EF43,
3E08F2CA,
BD5BB477,
3D7BC36B,
3DFAFB8C,
3CB5D0E4,
3DB4116E,
B99F87B2,
3DF1A5FC,
BBC54870,
BCAE7D71,
3E4446DA,
BD562B52,
BCF0E957,
3DD0AF28,
BD2382B9,
BDAF6899,
BE8B365F,
BD72F90A,
BE18CC2E,
3B14DD2D,
BC55EAAB,
3E2A7CD5,
3DA72D61,
3DB9EFA5,
BCED1EB2,
3DE87152,
BDFC495D,
3D566093,
3DAA5EB9,
BDD6BAD4,
BD0CB819,
BCDCC738,
3E78DE39,
3E079F16,
BDA36128,
BD3D601E,
BE830311,
BE23AD99,
3C257319,
BE5DEC20,
BE13CA46,
3E3BD34C,
3D7565AE,
3EA4ED02,
BD4AD272,
3E6FDB1F,
3CDFDF7F,
BCA18437,
BDED5A6A,
3D799FC2,
BDC93F1C,
BDB90BD6,
BDE941F4,
3DA1BC54,
3C53ED26,
BD1F6CAA,
3E19DD98,
3D2F2CD0,
BCB4D493,
3DBAE35E,
3E35E1BF,
BCF31EE5,
BD92A560,
BD8346C1,
3E4AFC62,
BCB0DFBF,
BE65AFB1,
BD8F528D,
BE82F3DF,
3E0F03A1,
BA8AFE8F,
3D72DC5B,
3E192BCC,
3E6919EB,
BE72EE75,
3E43E7AD,
3D282A62,
3E07EBE4,
BDEB3E71,
BE01D8A6,
BD9072D3,
BDE25AFE,
BBE94ACA,
BE91CEFA,
BC1FBA62,
3D91EB6B,
BE827387,
BE1980D4,
3E0982AF,
3D6A22EE,
BD842178,
BD8CB1CC,
BDB3A595,
3C8A4FA6,
3E83A358,
3DCF5C90,
BC290DE6,
3D7E6E94,
BD061BC3,
3D82CBA2,
BDF86451,
BD861CF5,
3E0BC67C,
BDF5F0E8,
3E097BC7,
BDDD37AA,
3D9270E7,
BD2B8920,
3C05E220,
BDE9D22A,
3D9BE5DA,
BCA0FA77,
BBC36003,
BD15DD2F,
3E577530,
3D9D2D99,
3C41D600,
3E663ED1,
3E001ACE,
BE25C43F,
3E69BE18,
3CE5AF97,
BD066018,
BE239C8C,
BBFC964C,
BBBD197C,
BD9840AD,
BDC8790C,
3BEFAA42,
3DF42FBB,
3DB98A6D,
3E21341E,
BD18D84F,
BDD841B5,
BC5354CC,
BD8B96FB,
3E5C6079,
BDB0B11D,
BDB0951B,
BDF793A5,
BD0E2683,
BC6C54FC,
3CB4F2C4,
BE13CDED,
BC1A2A63,
BD356378,
3E1EDBBA,
BDEC55B1,
3C52202A,
BE2346E8,
BE68DFAD,
3DBC9B05,
BD975D8C,
3D3BA983,
3D966B6C,
BD1609A5,
BE3A54F1,
BBAEB1B4,
3DB862A8,
BD9A8328,
BE188365,
3E323B19,
3D80C889,
BD802FFE,
BC103AC4,
3D09D0E9,
BA2EFE35,
3C00DDEB,
BD520346,
BCD9B1E8,
3E546DD9,
3D8C39F0,
BD34408E,
BDA3697A,
3CDD3FFF,
BDC5BD1B,
3E154C22,
BCABD42B,
BCEA5F07,
3D400329,
3E29973E,
3D40CD7F,
3BFCA546,
BD062014,
3E1E039C,
BDB46547,
3CD382EF,
BCB19B1C,
BE6C916C,
3E10B944,
BDFC0495,
BDD555F2,
BDEAFDFD,
3CC58008,
3E1075F0,
BD812627,
3E6104AC,
BC707BB2,
BDEF1328,
3D29E2BD,
BE210A53,
BDA160DB,
BC2168F6,
BE7BAA68,
BDF0F715,
3DB43582,
BD6E1ADE,
3E1596AF,
3D6A53D2,
3E2FB346,
BD549DE2,
3E08B652,
BCAA6624,
BE141F5E,
3DCD4EE7,
3C04CBD0,
BDBD13DA,
3C392627,
BD89B9FA,
BBCB77A3,
3E2DE482,
BC27B7F0,
BDB171D0,
BC84D58E,
BD09F269,
3D8AADC6,
BE44F49E,
BDD48703,
BDC6FC07,
3E3C20C2,
BE293FEA,
3D792C2D,
BE08591F,
BC592BED,
BD8B7311,
3E031E27,
BC4DDAEB,
3DF5D728,
BDB5DA11,
3D0D807D,
BCF5CBE7,
3D321B8C,
BE26DA3A,
3C6399A1,
3E4B3859,
BE31E91C,
3D39E52E,
BDF56DE2,
BDC39E37,
3A8AC931,
BDEBA0E9,
3BD2410A,
BDB30998,
3DDCECEF,
BDE6A0AF,
3B1A16AF,
3E120C26,
BD7F0EA7,
3E3DE238,
BE03F6CD,
3DC4755B,
3E3C43B9,
BDA052D8,
BE06C862,
3D54AC5A,
BE94C456,
BE42571E,
3C153664,
BD02F819,
BDD634E2,
3CDFB6C5,
3E6E1E20,
BB896986,
BC40D5F3,
BEBCFC4C,
BDB71374,
3D7D06D9,
BE19298F,
3DF83B30,
BD0E32E7,
BE1141CD,
BB5D5B19,
BE06E4E7,
3DF35137,
3D67412D,
3D0F7DF9,
BE23BD8F,
3E2AEBE4,
3E8B6F0A,
3E0661AD,
BE0A7328,
BC873FBE,
3C8B58EF,
3E6D5FD0,
3DFAA998,
3E25E9BE,
BD0EC09E,
3E07CC3A,
3CBEDAA3,
3C459E81,
BE454437,
BE0FAF27,
3D445E98,
BDB7AC1C,
3E28CC6B,
BDB066D9,
BEF7E5DD,
3D8375BD,
BDA24681,
3D7FDFEA,
3D4C804E,
BDA9EC32,
3D9CD25C,
BDED52CE,
3D72D2F4,
3E553C71,
BE409B20,
3E0AD628,
BE3E728F,
BD8EA9A8,
3DBB0D9C,
3DC93B27,
BDB65443,
3D09D78A,
BDF4F384,
3E00D013,
3E410E22,
BD4026A0,
3E47018C,
BC2E0CC3,
BD373FE3,
3CB50C27,
3D35EC38,
BD60DC49,
BE71D06D,
3DF44267,
BE55BC1F,
3E5E690E,
BE8EC630,
BE1F06AC,
39E26BD5,
BDA2378B,
BCF50584,
BDEDE6BC,
3E472284,
BCDCCC37,
BD2C277F,
3D5F6CA6,
BDAA8E39,
3BCFC411,
BE4C5700,
3D5EB209,
3E102CD3,
BD433968,
BE4A3718,
BE2AFFC7,
BD45E4ED,
3C4C1967,
BBBC0AB1,
3E63D5C4,
3D717040,
BBBE46CD,
3DF93BBC,
3E475E4B,
BDDE7552,
BDA12F0F,
BDA1ED86,
3DC347E9,
3D95B399,
3CEDD40E,
BB76C164,
3E7577D6,
BD818563,
BD2E8178,
BC88422F,
BCA6DF5A,
3DBC2FA3,
3CFD00B7,
3A89392A,
BD194638,
3CFFE16B,
BDE373C1,
BCA6E397,
3D6B6C00,
3D6E351D,
3E225FE9,
3CF12A35,
BDA28847,
BDB78BF1,
3E2150AF,
BE083744,
BE05C71C,
3E084E84,
BDD0BAB9,
BE1E7A04,
3D5FBE81,
BCDF8122,
3E0838C5,
3D6DC46C,
BD7C4CAC,
3D22EBCD,
BC27EB36,
BD8A8C9C,
BDCAD620,
3CA405D5,
BEA8500D,
BE1C1920,
3BE9C4F9,
BE2581D1,
3D2F6348,
BD756828,
BD8FD9B6,
BD3F5E9C,
BD2E11A2,
BDA11B1B,
BD6D2ADE,
BD9F2F11,
BC1D9DED,
3CE46ED1,
BE0B49B6,
BCDA57B2,
3D307AD3,
BD875313,
3E03BB89,
BE0CB947,
3C6291B0,
3CACFEB9,
3BAF31F0,
3CBD36B9,
BD1E2CCE,
BDE01B16,
BCB5943D,
3DD153D6,
3D26B6DF,
3DE38222,
3D381A7E,
3E22B21E,
BDAFAB3D,
3E2386BC,
BC931350,
3E137414,
3DA69ED8,
3BD672BE,
3D9B084A,
BE09DA5D,
3DB3768F,
BE6C1CA7,
BCFEB887,
3BAC1266,
3D527C38,
BC3352EF,
3A43395D,
3E0B0429,
3DCF7639,
BCE1F68B,
BCCEA56A,
3DAC09A8,
BE56C746,
BD6D15D8,
BD945C6B,
BCCCBF93,
3D094104,
3C957394,
3DD451CE,
3D38E086,
3E8E9D56,
BD955FDA,
3DF8F5FA,
3E0F847D,
3CE1DF79,
3D819418,
3E28A226,
BC55907D,
BD81A294,
BB633760,
3AC67455,
3D8F6565,
BC9419A9,
BD7348AD,
3CDE3F3D,
3D96467B,
BD0B2F01,
BE82A092,
3D2B0D59,
BDAA902E,
3DB3D841,
3DDAE72A,
BD8393AC,
BDB8C749,
3D920E4A,
BD662FB8,
BD8865DA,
BDEC97B2,
BDCBC445,
BC96A898,
BD8580D3,
BCA27288,
3D9BA441,
BE883649,
3DB59CB0,
BCB52053,
BC977668,
3D46D7F6,
3D1730BF,
3C2EDBF8,
BDC89062,
BE33DED5,
3D9CBA0E,
BE057405,
3E919052,
BCD2D061,
BDF726EA,
BBA87206,
BCB33B78,
3E1E59EA,
BDD6B440,
3D8E0565,
3D8BD3B6,
3E607A7C,
3DD46935,
BD85F2B5,
3DC92ACC,
BDE7EF92,
3E9CD443,
3CBFC2C9,
BEA01277,
BD14D27C,
3D95DDF6,
3D0BB493,
BCCF93E0,
BDF474B2,
3D1A8426,
BDF98884,
3CB569C3,
3D7F2768,
3DD96434,
BC91CB66,
BE5E5B45,
3B3B4208,
3C6F8D1B,
BE1821C1,
BDC02281,
BD168ADB,
3C8BFC8B,
BD4086C8,
BDC0BD34,
3D32E8B7,
BDF872C1,
3D3665BF,
3DC9CF72,
BCAB337C,
BD1CEAC7,
3E3E48EC,
3CC119B8,
3D1DC2B8,
BDBCDD42,
3E02D329,
3E46710E,
3DBBE11E,
BE172F12,
BE058073,
BE86B2B0,
BE30A8C7,
BD805D1A,
3E24A07D,
BD03B221,
3DF8269F,
BCE3AFF8,
BE99597E,
BCF550F7,
3E311753,
BE5B4083,
3E125F15,
3DC34DE4,
BE0B746D,
BDB9ACB6,
3DB00791,
3E5EEE83,
3DA23535,
BDA45D37,
3EA94E09,
3E326B07,
3DCC8795,
3D17B97E,
BDA21B62,
BD9BE61C,
3E518A29,
BDB1477B,
3D2297FE,
3C88094D,
3E830FDD,
3D7812C1,
BD8A8BE7,
3EA9F292,
BDC43227,
3BD6E6F8,
3E1B5D5C,
3D9C742D,
3CF6F3DA,
3E39BCCD,
BD958B88,
BE8076DC,
3DC75F77,
BD2CE15B,
BD246E5D,
3B9A7E7B,
3CBC47B5,
3A91D899,
BDC20C9D,
BD976CF7,
BCA98928,
BD8BF0E3,
3E15D868,
B9F09AC2,
BE1C07E9,
3E629CC3,
BDC4E90A,
3D0F5715,
BEC8D41A,
3E27D813,
BD59A33E,
3D7AC904,
BC99FA8B,
3C7AD6C3,
3E295801,
BD3652D6,
BBF8BE5B,
BDD48C9F,
3B755BEA,
3E50D544,
BD78DE54,
BD10C368,
BD99F9A9,
BD11B372,
3BA2C03B,
BE8DCF51,
BD850C1F,
BDD3C3A8,
BD6D44E3,
BDAAE3A5,
BD4F3006,
BD16C44E,
3D562BAB,
3D39D548,
BD5D3671,
BC42D1B5,
BC9F3B3B,
3C680A36,
3C829B18,
3CFF9490,
BB59E02F,
BC8F95CE,
3CA676AF,
3DE42E08,
3E2773A4,
3DD6E5C8,
3E3CE19A,
BDC7347C,
BD4F057A,
BD7C9DF4,
BE40C372,
3BD46FD0,
BD1C45D5,
BD92D2C9,
3D9542BC,
BE62C92F,
3CBF30EC,
BE159A81,
BCAF6BE9,
BC08AB02,
3E65E270,
BC82E2DA,
BD0802F1,
BE14D07E,
3E40588A,
3C52552B,
3E7D368B,
BE2BC6DC,
BD052497,
3E4C4CDD,
BDBE506D,
BE56F412,
BDD9AE1D,
3DBB9A83,
3D9372BF,
3DB6B6DA,
BD83B64D,
BDBCD0FA,
3C62C59F,
3E29DCC8,
BCC9DE9E,
3D980765,
3E427C48,
BD27F781,
BD4247F9,
3DF5418A,
3E33CFA4,
3D12FF22,
3E0C5031,
3C96E051,
BD4179BE,
BB8D78AF,
3D1E19E2,
BDAFF420,
BD738EA1,
BE0A95B2,
3DE8F8A9,
3C176D74,
3DC3F0E5,
BC78E4C1,
3D6985A0,
BBE5376F,
3E4FD941,
3D058FA9,
BE367972,
BD87131B,
3DACA7F4,
3D23F90A,
BDA23532,
3D588CA8,
3E32D7AD,
3C53209A,
3DC4194E,
3E73FE6B,
BD381ED9,
3D89796D,
3E86BB41,
BD5BDDBC,
3D4E922E,
3DF93F92,
3B8018B2,
3CB3E16A,
BC2AD2EF,
3D67744F,
BD8E36C7,
BE03F2BA,
BDFDBB53,
BE087C68,
3E35A072,
3E001CA1,
BDA814B0,
BC47ED49,
3D55E1B5,
BE28C9CC,
BE48FE42,
3DB519C9,
3E0F68F6,
3DAAAB1D,
BCCF5172,
3E0CEF0B,
BE2B3E83,
3D4DE83B,
BDC3DD37,
BD310CBC,
BBCFEDA4,
BE9D0B2E,
BD2C90EE,
BE611481,
3E0FE12F,
BB0CF57D,
BD39483E,
BC227C29,
BCC540D3,
3D83BA9A,
3D1FEE15,
BD0BCF3A,
BD22EF6B,
BE0107AA,
3DDB839D,
3E55A024,
3E60F628,
3CF28DF7,
BE1DF009,
BC297D57,
3D15FACE,
3D0B43D1,
BDB15699,
BE8177B0,
BD24B652,
3D42F958,
3B9E4071,
BC79FECB,
3D8435C2,
3DA22CF0,
3B32BCAD,
BDD52782,
BE4F08AD,
3D995A02,
BD263A3A,
3DFFBFED,
3D5301DB,
3E050580,
3E1E24B2,
BEAE4EAD,
BC81DE60,
BCEF6A2D,
3E2FE12D,
BDF75BBC,
BD05F745,
3B59EBC5,
BE00CC48,
3CE76998,
3E178862,
3D3D55EF,
BDB09F79,
3E70EE55,
BE0AD4AE,
3D0FFE87,
3CA1E0DD,
BDA69C2A,
3D899759,
3D5F5D45,
3DB6CDC1,
3CBB5EED,
BCB5B8CA,
3DF7D485,
BC501CD5,
BE0E8305,
BEC6125E,
BCF71F75,
BD07A225,
BCB57DEF,
3D2C0F9E,
BBBDF5C2,
3D39830E,
BD7A5A8C,
3DC10CEE,
BDBCF2C3,
BE86D195,
3D9D5DFB,
3D6071CB,
BD8AFCD7,
BDFBCF4F,
3DEF6B6E,
3DCAF801,
BE10C00A,
BDC16A56,
3DAEB199,
3DA99879,
BD2A6E29,
3D2E67E3,
3DCA8F90,
3C1B0B2D,
BCA76018,
3D070278,
BD98AB94,
BE275BAB,
BC02BCE5,
BBCA5F84,
3C9619B1,
BD6AB50D,
BE00E049,
BE00C761,
3D6D8CD6,
BDCAC326,
BE2D1F65,
3B79670A,
BDAA6B4E,
BC842971,
BE35E176,
3B9B53A2,
3D4DF74E,
BD1D1FBB,
3E059F94,
3C28214C,
3D0BC136,
3CC97ADE,
3DDCA780,
3DA693B7,
3D377392,
BC2AB714,
BD0F412F,
3C418E72,
3E31E9BB,
BDA3C1BA,
BABC3835,
BD86EC12,
BD44BA9B,
BE4860F1,
BD8C854F,
BD502B06,
BDAF5CEF,
3EB9E14D,
BB59C780,
BE06211B,
BE33A003,
3C85AD88,
BC8368E8,
3DB24E01,
BDD53F7D,
3E530B2E,
BD01CBCC,
3D562A42,
3DE4CC78,
BD9B00A5,
BDA0B224,
3DFCF051,
3D3070B3,
3E8EE75D,
BC70324E,
BEAD3CB8,
BDD1A319,
BDAD3A3A,
BE0156EB,
BE8F6F85,
BDBBCBEB,
3EB5768F,
3E02F64F,
BC936C50,
BD51A3F9,
3D2E9849,
3DDAC589,
BCCAFF2C,
3D418048,
BE15C14C,
BD2A98CD,
3E93F790,
3E14A829,
BC6B35F5,
BE271DC0,
BE27CF8D,
BDAF5258,
BD13C421,
BDB5E3C9,
BDA336FE,
BDB4A98C,
3B9C9BDA,
3E0AC507,
3D534D32,
BDE8D37F,
3DF5D19A,
3AE2DCC0,
BC2D6589,
3D70C9A6,
3C880B71,
3E124993,
3C8953B8,
BE44D39A,
BE9DE877,
BE5CF455,
3D6FC0A3,
BE1AC2A7,
BE105D31,
3D761CA6,
BE115397,
3C3B33EA,
BD6A1B69,
3DC5F85D,
3DBA9BF5,
BD939A00,
3D5BE30D,
BD659ADE,
3E250D7F,
3D0DA1AD,
38EA1FA5,
BE067395,
BDEC1491,
3DA8E239,
3E07F663,
3DAF39B9,
3C024289,
3D931077,
3E61EB80,
3E3796FD,
BDBE76C2,
BE7EA67B,
BDA8A41A,
3D38F74B,
3C83B21A,
3E5A2492,
BDDA3CD6,
3D4D29F3,
3DBD4CA6,
BE0768B2,
3DFD4CB2,
BDC540B8,
3E789B76,
BE5CF4D2,
3C268F81,
BD554C22,
BDC1C4DF,
3E68CFE7,
BE1281B5,
BDD7B8C5,
BE143C2A,
BDC5DA73,
3E2BEBBD,
BE338D37,
BE2EAB9F,
3BB0C78C,
3B5FA91A,
3CA41F40,
BDEFFC7C,
BD9641EC,
3E8192DC,
3D5BF2A7,
BD133E8D,
BE7982C1,
3C92D04A,
BDBE4C96,
BD724F1E,
3D913289,
3E283A13,
3BF40AF9,
BD69490F,
3D7CF98F,
BDF1D328,
3BE9089B,
3E5FED1F,
BE3A7723,
3DF55378,
BE412C22,
BE111F39,
BCE08638,
BDAF4C90,
3DEF5693,
3DC63BCB,
BD3692AA,
BCC531B5,
BED9E065,
BDBA9F45,
BD6BEE31,
BDE365DC,
BE00264A,
3D22FCC5,
BC404C1A,
BDF34282,
3E2501AA,
BCECEE46,
3E60F8C3,
BDF70BF2,
3DD5120E,
3D268720,
3B32BE9F,
3E017BE9,
BD666038,
3D51E1F0,
3E3417DC,
3CA28E72,
3DC23095,
3D6D8F39,
3CBF60B8,
3D5A8603,
BB691186,
3D891045,
BE47033E,
BDB4A169,
BD92DDA3,
3D6F53DD,
BEC3D279,
3E0388A0,
BDC3DEB1,
BE922DDD,
3D6EB0B8,
3E82C684,
3E0734DA,
3DDB329F,
BD95E025,
3E8AACCE,
BD90AAEE,
3E518AA3,
3D37AE31,
BD92965D,
3E80D1F3,
3E290E77,
BE5208F6,
BC12F4AA,
BE525D5C,
3E758B12,
BE0FE36D,
3DB96940,
3BE84777,
BE37D292,
3E0FC246,
3E0EF0BF,
3D9A046B,
BAAF40A0,
BD134A62,
BB5BBF52,
BE28C0B2,
BE89CA26,
3E6D56D9,
3DAF3E13,
BDD7C622,
3E4B4838,
3D0F04EE,
3E8A5C88,
BD7277FF,
BE9D059E,
BD405AD6,
3E60C316,
BDA7C2DA,
BDAD8E26,
BEBC54B2,
3E79C512,
3CFD6B3E,
BD168214,
3E285AC1,
BDF78AF1,
BE429099,
3D33CA50,
3C337B2E,
BDE864CF,
3E6CD948,
3E9D22FD,
3DB93045,
BE23A997,
3DC93514,
BBC67E2E,
BDEC5065,
3C37F4E2,
BDAD3323,
3C24AC2F,
BD924128,
BE3D415D,
3E1694E0,
3D113DE4,
3B688028,
3C45337E,
BE365473,
3C341BCD,
BDE6F64E,
BD73FF4D,
3DDF5B81,
BDF23E42,
BE77C851,
3DBE61E0,
BE5336EB,
BE8E4CD7,
3DA8AC2E,
3D93F356,
BE576513,
3D8C565A,
3E0E7687,
BE0EFA97,
BE35F5E6,
BE872C25,
BC23CDDE,
BE2121D0,
BDCD74CF,
BE1289CF,
BE30A5E1,
BCB84F88,
3D92DEA7,
3D5E387E,
BC38DE7B,
3E02B87A,
3B226381,
BDEE944A,
3D14500F,
BD44096F,
BCE5E9D5,
3DD62801,
3C9F707B,
3DB76E13,
3CDC8C63,
3C643A2F,
3CCFE37B,
BCD5468B,
3BA378E1,
3E14D075,
3E051577,
3C40F216,
3D700BF3,
BD2B460A,
3D5512BE,
3E60F39A,
3D0CFA7A,
3DF95348,
3CF239A3,
BDC27818,
BC825FBF,
3D3C57F3,
3DC15132,
BD918E98,
38BDE8AD,
BD4CEC4D,
39DE66A1,
3D994759,
BDACF2FA,
3CE798FA,
3B5D7AA6,
BB4E1CF5,
3C18733E,
3D9C3183,
3DAADB03,
3DC398E1,
BD946CEB,
3DAF78C7,
BDA40194,
3DABBA3B,
BDA06768,
BD571D68,
BE09ACF7,
BCA59864,
3CF174D2,
3DE8CF7A,
BE0A5366,
BCF730AC,
BC66FC41,
BE078753,
3CBE547C,
BD77CB8D,
3D91C660,
BD324BFD,
BDDF9E86,
BD36B00E,
3C3E0575,
3E380395,
3E102557,
BA646D25,
BDBFD23C,
3D1E6C53,
BE2EEDEC,
38E849FA,
BDCEA8BE,
BD473263,
BD81305F,
3E18F79A,
BD075D09,
BDF4EEB9,
BDD5ED5B,
BC30556C,
3C64A5BD,
BD95DD2D,
3C41C817,
BD9D3028,
BD4C1A94,
3CDDE24D,
BD18A0D2,
BB8A4306,
BDF0AD3D,
3DF7F512,
BC080159,
BCD90FB8,
BC915680,
3D7513E9,
BC1EED7A,
BC86616F,
BE1D7E00,
3DB9A249,
BE70259D,
BB53473E,
3D197B07,
3CC415EC,
3DE6151A,
3E2B2989,
3CCC756F,
BCDA1DD7,
3C027F2B,
3E0E36F5,
3DEF0C75,
BD76C716,
BDC7C120,
3E1145ED,
3D8B02D6,
BE5F6A34,
3E0AE3A7,
BE0063C4,
3D8E9735,
3DD9B08A,
3D8D21FC,
3E028EBA,
BD8ED71E,
BE4D9B8F,
BDF21B7B,
3DDF4765,
3BC21E50,
BE223B2B,
BDA8D83A,
BDD338C6,
3CE71A24,
3E38EAD6,
3DC520EE,
BD289A0F,
3C274361,
BD734E61,
3DCA59F7,
3D3B573F,
3CA0087A,
3C905670,
BDA205F3,
3E081BC6,
3D99C5E8,
BD527BDF,
3D0B0C0C,
3E3FAF3A,
BD1E3272,
BDDBD002,
3CA05C2B,
BDCBF0DD,
3BD2B072,
BDC288B7,
BCDB539D,
3E1769FC,
BB5E9A78,
BDE482C2,
3DC7F3C1,
3CF65496,
3DC7393E,
3E10058B,
BDF786CD,
BDB9F0AE,
3D0FFC90,
BD0445B6,
BC85BF10,
BDAAC0A7,
BDF55B33,
3D5B8CEC,
3D949D7C,
3DE339C2,
3DFA46FD,
3E2B1F69,
BCD49E69,
3E237A86,
BD3765C0,
BD146A82,
BD9488A6,
3D68B761,
3DA2D43E,
3DBB4D90,
BDFCF020,
3D6FF5F6,
BCA15851,
BC478310,
3D25050F,
BC42D245,
3DCAECFF,
BDF9B7B2,
BD103FF3,
BDE6F41D,
3D16FD8F,
BE0B6C55,
3D1222FE,
3CA89970,
3DC0EE44,
BC6D0523,
BD94CB48,
3E35D755,
BD2E0DDC,
3E495CB6,
BDD73365,
3DB4C98C,
BCABCB81,
BE48A216,
3D36824C,
3D8A2DD5,
3CFAB602,
3E10CF2A,
3D257A8A,
3E20BADF,
3C647E62,
BE52390A,
BB4830D5,
BCA332FB,
BE608CF4,
3DE1BD07,
BD1A92E7,
BE0A7C35,
3D9BA860,
3D805004,
3DDE5028,
3D4B80DD,
3D4C327E,
BD48539F,
BCBD03BD,
BB0EADA1,
BDC0A6B0,
BDD6A785,
BDF989FB,
3B930DDF,
3D9103E6,
BE060A32,
3CD29008,
3DAB44FC,
3D316F8D,
BBEC8450,
3CA72F44,
3DAF2327,
3DB34EE1,
3E274122,
BD4D620D,
BE055923,
3CEDFE94,
BDB2FB5F,
3D1D7572,
BE1ADFA1,
3D89DD00,
BDA952AB,
3E3520F8,
3DBB5A55,
BCF9C651,
BA7A15F2,
BD193123,
3DFAE549,
BE2FC955,
3D369F8A,
BDE408E0,
BE273E06,
BC93DF7A,
BDB41DFF,
3D618276,
3D57AA3E,
3D9079AA,
3D8826DA,
BE210801,
BC25E4A1,
BDA6B084,
3DD9AAF4,
3DF21127,
3E001D6B,
BD0E8E36,
BD58D57F,
BD5CE407,
BD074B5C,
BD945828,
3DE164E5,
3CF4E8A3,
BDB43496,
BE1118F8,
BDF297B8,
3DC5D449,
3AC73FBE,
BE487055,
3B6681C8,
BD7F40A1,
BE584CDD,
BDC55576,
3D57EB14,
3DC51873,
BDBBF957,
BD8F6EC8,
BC3B36D7,
3DD83D8F,
3E030F49,
3D5FEC66,
3CFA5D56,
BDC250E9,
BDC9E345,
BD74AC88,
BDE47C2A,
3DF94C78,
BDDC83E1,
3D8BF85B,
3C81C7AA,
3E32FF66,
BC37234A,
BCAB28C7,
BDDC8735,
3C5CA3FE,
BCA8180B,
3C7C590B,
BC443014,
3CDB4A7D,
BDF8BC46,
3C92A734,
3DDEDCB5,
3DB76526,
3CEE647C,
3D96545C,
BDAD4A63,
3D3CBBCF,
3E2C3FF2,
BDAF986B,
3DBBDE60,
3CCC4EBB,
BDA4E1C4,
3DEC2420,
BEA5B26A,
3C2B068E,
3DC544F5,
BA163F13,
BDC36CDF,
BDBF13F4,
BE3D05E6,
3D30A873,
3D5CC06C,
3CB39D75,
389EE8CA,
BDE4D64A,
3D60A1DE,
3CDA49ED,
BC47A5D4,
3E0070E4,
3E2E1973,
BD528BDC,
BE73DD9F,
BDB5D3A2,
3D665264,
3D03913F,
BCB3649E,
3CA9BF61,
BD51634E,
3DEEC20D,
BE0046F9,
BD889214,
3CFB2CEE,
BD97E179,
37B49F18,
BACCEB1C,
BDC98961,
3DD315BC,
BD8BDF69,
BD411F10,
3D3FF801,
BD762336,
3D9E0C81,
BE05D7A9,
BE2F1427,
BD4749AF,
BBFB5517,
BDF464D9,
3DB2F2B5,
BC96A4C6,
BD5027C2,
3CB6AC46,
3D7E1C57,
BD8D3BA2,
3DC0DE1C,
BDAC5F0B,
BE3E1976,
3E2C9C70,
3E421BAD,
3C269E7B,
BDE8A460,
BDE22F1A,
BCFC1BF6,
3CEA129D,
3D5E2C41,
BDE0078C,
BDAECA6D,
BD35C0A6,
3DA58E2F,
3DF845BB,
BD82B3F4,
BDCC2ABA,
BD12E56F,
BD049818,
3D96AD53,
BE0D61B1,
3C821808,
BC687B9F,
3E8760D4,
BD8AF68F,
BD6400F5,
BE7060C4,
BE93E403,
3D99E817,
BDB81E4D,
3CD4C1E9,
3DA10D91,
3DEEF66A,
BD8971EE,
3D32D3EE,
BD7BDF9E,
BDBCA89C,
3CCFFE12,
BD72F5B4,
3E2AF874,
3E36042A,
3D816328,
3D652914,
3D99DA65,
BBF29398,
3D81989D,
BD121F0B,
BD4B51C7,
3C8E2799,
3DA34A3F,
BE1CA3D0,
3D8F26BC,
BC8E00F6,
BE49C464,
3CF866E2,
BD5D5CDE,
3DF7AC40,
3E20DF3C,
3CA6527B,
3DFB8AE4,
3D911729,
BD3F2640,
3DBFE702,
BDEFBBFD,
3C18B9B1,
BD8C3B1B,
BDA4AB8F,
BE5B1FDD,
3D675ABE,
3CC1F4DB,
BD9B8BDB,
BC4EFB72,
BDCC742F,
3DB0F973,
BE50EFE5,
3CEA8137,
BDF935A0,
BD996332,
BB9D42A5,
3D7FA985,
3D163092,
BDB54361,
BCA69EF1,
3E35C572,
BE4471FC,
BC1B6EEB,
3D71FF86,
3D17495D,
BDD294D3,
BE050F89,
BD71DD61,
BBE03152,
BC94AA95,
BE0BEAC7,
BDEF6695,
BC39F3BB,
BDFABE4B,
BE32088A,
3E24BB40,
3CC580FE,
BC9610B4,
3CC83BED,
3E398F84,
BDF18F90,
BDE8EF06,
BE1F79D1,
BDC82EBD,
BDC0A01A,
3E16D45D,
3D7D59C3,
3DD84905,
BD0C77B6,
BDC0F533,
BBD413BC,
BCB7458E,
3BE001BA,
3E34FD4D,
3DE64CEF,
3CCE7413,
BD45305C,
3E7F303A,
BDF79662,
3DC76C94,
3CD6FD62,
3D5A9576,
BDCFA5A4,
3DBDB8AB,
BDE06B29,
3DE0D804,
3DB58774,
BD7F66C6,
3DAD4CDD,
3DAB78CD,
3DA9C874,
BDA79D31,
BD59DC10,
3DD2A184,
3CF41E08,
BDB32EDC,
3DABABC4,
BE47B203,
BC2D16B8,
BDDBA474,
3C8CE367,
BCD26B97,
3E82A167,
3E1CAA1C,
BE017FA1,
BE5BDAD8,
3BB95864,
BD92368D,
3DC9F0F2,
3DD4700B,
3DEAF6EF,
BEC3B7D7,
3D44ACBB,
BDD30300,
BD7B1EDE,
3E92EBCF,
BE19882A,
3E16E8ED,
3E660982,
3D8B85A6,
BCA44745,
BC5B39A5,
3DA1B422,
BB8D990C,
3D8FDCC2,
3DCFE778,
3DCBACB7,
3D6A3B03,
BDDA8023,
BD95F74E,
BDFF66EA,
BDF9E961,
3E04875C,
BDCEF59F,
3E2CC9C3,
3E0206FE,
3DC6074F,
3D66264B,
3DF07860,
3D6F9991,
BD864682,
3EA262A4,
3E279FA7,
BDEDFC75,
3D9085A5,
3E9A7872,
3E9CDAE6,
BCAF7431,
3D3A29BA,
BE354CDA,
BE30F866,
3E2F6EB5,
BD791037,
3DA3054E,
BDC7D63B,
3CB24935,
3D096F83,
BD100EF6,
BDB29908,
3E8AE1C0,
3E0E66E6,
BDC2B9BB,
3DE3328B,
3DCC49E1,
3D8E3BF0,
3DA82A6A,
BCE558FE,
BD31A3AE,
3C5E6879,
3DAC8D95,
3D992447,
BDFCAE0B,
BDDD3CD5,
3C871E5E,
BD4B0F6E,
3DCC1E05,
BE4D9D59,
3CFFAA4E,
3D6B0F75,
BE765F0F,
3CAEBA0E,
3E375C6D,
3E2E7082,
3DD6CA7D,
3C1DF497,
BDCFDED9,
BD9FE318,
BE0D506E,
BDFA4236,
BE3EE0B1,
3DE2AC53,
BCDB3301,
BE059B7C,
3E67AAE0,
BD5CB36D,
3ECCE88B,
BE099E3C,
BE175A25,
BD2E9F6D,
BD7FB6E1,
BD8BC8E0,
3D60CF62,
3CF94BA2,
BD750138,
3E9DB7CC,
BE71BCFE,
BE4BA4B4,
3C814FB3,
3D2DF4C7,
BE4EAE04,
BDAD4F5F,
3DCA9D5B,
BDB5F4C4,
BE26624D,
BE9F9F7F,
3E8A52CF,
BD7B44A9,
3DF42F50,
BC1BFC49,
3E13371C,
3DDF6B15,
BCC7EFDB,
3DCE4DCB,
3D5D243B,
3D9B66E1,
3DB913EB,
3CE45E95,
3D74D357,
3D849755,
BCE89391,
BDCD26EA,
BDA341AE,
BCE4716D,
3DAC8960,
3D87B808,
3DB5DF92,
BC1AF486,
BAD02BD8,
3D8AC2F0,
3CB5892B,
BB9DD735,
3D8C7A30,
BD6710BD,
BDD8606A,
3E0F989B,
BCE87A87,
BC8520D2,
BDBA7849,
3D8B7F0D,
3DD3E94E,
BD2E71CB,
BCC8F027,
BE51AD86,
3D280F06,
3CAFE4D2,
3DEFA3CD,
BD24D2A9,
3D7133A8,
3D8A12BA,
BD08851A,
BDF1DD83,
3E219E18,
3C5EE093,
3D6600DE,
3D376229,
3D3B7A38,
3D444920,
BDE013A0,
3D8C7E13,
3DDF6C6A,
BE080AD5,
BDD4E41C,
BBF345FE,
BD91F103,
BB9819AD,
BDE1BBD4,
BD5E4A08,
3DCC7670,
3E065758,
3D9639CF,
3DE7239B,
BDF4DF36,
BBCF3325,
BC428CC0,
3E0A74B7,
BC9CD025,
3E075ECD,
3E03D2DD,
BD02D9E5,
3C9BF680,
BC0832D0,
BCEF45C1,
3D6CBA27,
BB112ED8,
BE2B3AD1,
BDD4595D,
3D0D95CD,
3CECCEA3,
3D09EC16,
BDDBCB7C,
BC7E10FF,
BD440BDD,
3C1CFD9D,
3D1CE83D,
3DE11A1C,
3D6282BB,
3DAA27ED,
BD9A7117,
3B2ACE97,
3C5A8660,
3D585974,
BE11A278,
BCACA9B8,
3E0AAA86,
3E13570E,
BCE0B229,
3C71FA24,
B9D720EC,
3CD89853,
BD8F9623,
3D7B6054,
BDA32442,
BD273833,
BD4B8256,
3D211A00,
BE1CA68C,
BD9A76C4,
BDAA87BD,
3CCB0CA0,
3CA0BDB1,
BB74F6A4,
BD6B9C76,
3D903D3E,
3D843F8D,
3CD87C6B,
BD4B6CA2,
3D3C8941,
3C3D033D,
BDD54B40,
3DA7ECC2,
3DC4A931,
3C7AC02F,
3CEC28CD,
3DE1CA0E,
3D9471F1,
BD2C6617,
BE11DCA8,
BCE9A84C,
BD2666B6,
3E17072A,
BD76285C,
BCF1262D,
BE8A44A1,
3DABD117,
BDD3581D,
3DDB4F47,
3D8327FB,
BBEF3EC0,
3E051593,
3DDC76F5,
3D2FDB35,
3D914763,
BD2D68E6,
BCC57EC5,
BC8B4D7C,
BD708926,
BE8C5901,
BDDF8A48,
BECC2F68,
3DB0F1D1,
BCC312E2,
BE810E11,
BE1A15FF,
3DD3979A,
BB114EF6,
3D5CECFC,
BEA12917,
BDD79121,
3E091657,
3D9DC828,
3E411EA2,
3DDA4992,
3CA490F7,
3E725847,
3E027186,
BD483C68,
3DDCA02A,
BD86773F,
3D04DB79,
3D6876B0,
3E9CA826,
3C2C2C8A,
BD377D72,
3DF02C74,
BE8EB303,
3E50F2C4,
BDDD3B54,
3E12A202,
BCAB666A,
3D5FDB32,
3DD0A420,
3E219A54,
3C13AC84,
3E1BC009,
BE0960D3,
BD2DB150,
3E5DB190,
3D21291E,
BEFE1927,
3D714870,
BE0C9C29,
BBD58504,
BD451D09,
3D94A320,
BE0AE1FE,
BD810833,
BDA8E7CC,
3E44D09D,
BD867FBA,
3EB7AEB2,
3D4B7EB7,
3D900F2E,
3E1111EB,
3E458068,
3CC0EA72,
BD8F1CE1,
3E1CE89C,
3E080639,
BCCF0EBA,
3DB24CAF,
3BD1300A,
3CCE7CF4,
3E25EA8C,
3E7445FB,
BE1FC2FF,
BE2F6B01,
3E0149F4,
BC112E6C,
BE52A7E2,
3D7AFAE2,
BD0BCC45,
BE8A6ADD,
BD09DA79,
BD6CB58E,
BE6F91A6,
3E01483E,
BDEC7C2E,
BE3AB4B9,
3E0FD2FA,
BB60A6AF,
BE534532,
BC6C0EF9,
BE31E367,
BE4FABE4,
3D8879EF,
BD36573E,
BEB46BFB,
3D6C3892,
3DE56718,
3E2A4BDB,
BE767CB4,
3E800338,
3DD5847A,
BDB9D490,
3E1392CE,
3DD266E5,
BCC29949,
BE0E3041,
3A92B498,
3E5185DE,
3E4B4F57,
BD548116,
BD334B3A,
3E652287,
3E01D138,
3E25D80F,
3DA3E648,
BE0CA729,
BDC8559C,
BC0D06B1,
BD276D8B,
3DDD0C1B,
BDA687E9,
BC11A2EB,
3D9A90AB,
3DD9DE4D,
BC5714F8,
3C2D910F,
3DCEC168,
3D8B4817,
BD0C1DC1,
3D4AFA3C,
BDAEB0E9,
3CFFB83D,
BDA4A011,
3CAE4F49,
3CE08046,
3DA1C918,
3D5831B9,
3BC00CE4,
3E05560F,
BE1E1ACA,
BE2EB430,
BDFF9F98,
BDC3C52D,
BDE5F985,
BBBCE97A,
3E22CC4A,
3E12D5C4,
BDE63133,
BDBC4FEE,
3D02CB28,
BD70DBC8,
3DBDCDD8,
3E5C43D6,
3D92228F,
BDF0CE58,
3D1FF7F2,
BD9242A2,
3E8348E8,
BDF30E5D,
BCF5A370,
BE32B611,
BCCF7727,
3CA2663A,
BE83AFAA,
BE908E7C,
BDAFA722,
BBD5C728,
3E572909,
BD28CF4E,
BBBB1B3E,
BDDBA88C,
3D28CA24,
BC143389,
BD5985D1,
BE0FC66B,
BD3D18B9,
3D961D0B,
3C7D5414,
3D145019,
3D76D7D4,
3DABEBC6,
BE357B5B,
BDC82FBD,
3D1C32D3,
BEBD9066,
BD52C5AE,
BDFE997A,
BDD85339,
BB14E815,
3DC104B1,
BD97B3A0,
BD61BB96,
3D9C73D4,
3E1F8B7F,
3D1AD4B2,
3C696DF4,
BE10ED3C,
3DEE49DD,
BDD02DE3,
3E0004CE,
3E5E5A23,
3E1EFC47,
BE430FC6,
3D3BE826,
3DD91741,
BD0A7D2D,
BD623164,
BE147A38,
BD522030,
3E401892,
BD7D6FFA,
3DE9402D,
BDD025E4,
BE05474A,
3D2288C7,
3A9AF059,
BCA529FF,
BDCB85DF,
3E03F406,
3D9F9A4D,
BE254BF4,
BE061BEE,
BD339CF2,
3C1ACC64,
BDF9F73B,
3D82FBD4,
3E123DA1,
3D8BB9DB,
3E8A1897,
BE0DC2CD,
BDCAD995,
BD4471AB,
BD249D1D,
BE8A217A,
3D11ECED,
3E3DAC6F,
3C9EF253,
BD928330,
3E6760A3,
3D694A17,
BD8F9347,
BCFDA778,
BDCFCD03,
BD3C7C2D,
BCAF94FF,
3D823F89,
3E2278D0,
BDDA5A5D,
BD95E040,
BD032069,
3C145235,
BDC836F8,
BD9E00C6,
3D014899,
3DDC149A,
BDFFDB70,
3D33FA47,
3E968330,
BDEBE16A,
3DB79C11,
3C1AFE14,
3CA0A77A,
3DAF8DED,
3DA2B0A9,
BD513FFB,
3DDE5165,
3DA7B89C,
BD6F0694,
3DE29AA1,
BC7AFE83,
3D0A91F2,
BD042D9D,
BDE6D24F,
BE64FA2A,
BDC6D55F,
BC8AEDB2,
BDD97838,
BE8D0280,
3D6E94A4,
3C2A2DFE,
BD350D1B,
BDA89495,
3D56EE96,
3DE2F117,
BE32D5DD,
3D4DF038,
BDCC1C47,
BDDFBD97,
3DEB31B1,
3D8D37CE,
BDC5E988,
3D96DE0A,
BD3E8CFD,
BD5695CF,
BB224A3B,
BCD07BF6,
3D3B5184,
3C70A22A,
BDAE41EB,
3D0BAB23,
3AA71A4A,
3DB3872E,
3E0DAAD3,
3CAA7C9A,
BCB6ACF9,
BDFDC6F8,
3DFB4935,
BDECB683,
3DB8373E,
3D413788,
3E0235B6,
3D06A410,
3E00BCAD,
BD022958,
3DA09587,
3B27D875,
BE24003E,
BCC8E8CA,
BDC6854B,
BD1A9D60,
3CDCC131,
3DA7CCC1,
3E26D1F5,
BE24A6EB,
BCDC4742,
3D10EBE5,
BCCD5591,
3DAD70D1,
3DD3C81D,
BDCB9B0B,
BD522B6A,
3D972399,
3D919501,
BE0BD4C0,
BD9AD5FB,
BDCD41D6,
3DF637C9,
BDCD2989,
3C9E97E3,
3DE8CDF1,
3D28A7ED,
BC198E0D,
BD55D0E3,
3D8C59B0,
3C9A7549,
BD7C5AA3,
BD2623FD,
3D54A5A4,
3E386E73,
3D917D24,
3BF5BDDB,
3C5FB2CD,
BD800070,
BDA59C17,
3BFDA44C,
BDF55B9A,
BE1E5709,
BBECE5FF,
BE6F36CF,
BE24E89A,
BCFBC5FA,
3D8836B9,
3E0263C4,
BDDCF430,
BDED3D87,
3DC7AF14,
BD9517DC,
BD600BC5,
BE893F75,
BD872E44,
BDEF8930,
BD48EDB7,
3DA91A6B,
3D73EBFF,
3E2173A0,
BE00C6FD,
3D966180,
BE815146,
3DA1780D,
BE062ABC,
3E516330,
3E7E8999,
3D162ECB,
BEB0BAFD,
BE176BE5,
3E047519,
BE0E87D6,
BDBEAEF2,
BE4C014C,
BE57480F,
BD776815,
3DBA2E8B,
BD89E126,
BD8628B6,
BDE2090C,
3D454861,
B98E12C1,
3D6CF233,
3D02AA10,
3C86C40D,
3E03C81C,
BDB9E9A2,
3ED5565A,
BE15880D,
3E7623B3,
3E9D5F50,
3DA7ED86,
BD9B4B6F,
3EC6272B,
3DA1924D,
BE81A3C8,
3D5B4998,
3D6D5C65,
3D6EEA56,
3D75DB47,
3CDEE3FE,
BE28C24F,
3E7C05F7,
BE127BAC,
3E3BD7E4,
BE15D2E5,
3D52E8B4,
BDB898DB,
3E0F1942,
BE09601F,
3B73D913,
3C158100,
3DAF1B9B,
3EB85A53,
3EA05651,
BD23405C,
BCA82D1D,
3E1C3058,
3D9B021D,
3DB7F0A3,
3C4F0C3A,
3E31851F,
BD82EF3F,
BE3B7089,
3E264B8A,
BE69C018,
3EA7683C,
BD0BA087,
BB76F95B,
3E483C57,
3EA56417,
BDCEC475,
3D8DE24A,
BE12D23F,
3E3180DB,
3E997E7E,
3D578628,
3D5797C7,
3DEC483E,
BD500A27,
3EAAF866,
BDF6E497,
BE1878C5,
BDC04794,
BE2C408C,
BE4A0084,
BE1AD04E,
3C1AA7CD,
3D613D24,
BD246241,
3D4C3A60,
BD9D534A,
3BA02872,
3E0632C3,
3D1D28CA,
3E5157D0,
BE8FD95B,
BE868BDC,
BE28FED9,
BD122D98,
3DA67495,
3E765CEF,
BDA532C5,
3D9078D8,
BE13B8D2,
BC15E6CB,
BC1F1BA2,
3CC80B89,
BDA3CA7F,
3EC630A4,
BE012C6A,
3EB71813,
BD24F35D,
BD3C1C66,
BEB71418,
3E858E44,
BE2C1D24,
3D320C31,
3D28583B,
3E3F2DC3,
3E886F70,
BE503F39,
3D8D2119,
BD88BEB0,
3E205EA2,
BD10F427,
BD826FA5,
3ACCAFBE,
BC1AD267,
BDA8F8CE,
BE18A3CC,
BDAA9849,
BD96DF06,
3C00C5BB,
3E06CC9A,
3DEB73CB,
BDB5DEE3,
BD7E0B2E,
3E0113B8,
BCEAD35E,
3D054AC3,
3CBB2F53,
3D447CBA,
BE8A0B83,
3C89FCD4,
BD289957,
3DA696D2,
3D2E0C43,
BCF0A5FB,
3CF7D439,
3DA78DC2,
BDB6D975,
BD89D5D4,
3DAF5421,
BDC729F2,
3E288522,
3D846A75,
3D118D45,
BDC1F740,
3DC5FFE3,
BD0986C1,
BCA29274,
BD24DCF5,
3D870128,
3E58B026,
3E825459,
3DF9D8F8,
3D316D9A,
BC927E39,
3D0AFBB5,
3E41A908,
BD845794,
3DBF721B,
BDCF9B33,
3CA4AC2A,
BDF56A80,
3D0D392A,
3C3325C6,
3CF4788A,
BD7BA138,
3D18D426,
3D80DD7A,
3D0360F7,
3D877C3E,
3D3CC5F0,
3DE8A4F7,
BDB36667,
BD2B1143,
BD8ACAE6,
3D60B096,
BE470AEC,
3D643DA1,
3D98EDF4,
3C40AFD2,
3C47573C,
BC83EBD8,
3D42A120,
BE4A1D2B,
BCD9F19A,
BDB30FCA,
BDFB3110,
3DDEA199,
3DBBA4B8,
3D7C3FB4,
BDD13F07,
3C95EAF1,
3DDA3A8B,
BD86DB21,
3DBBBACE,
3E39CB97,
3DBDF4DD,
BC67CA16,
BD3B99A0,
3DA94097,
3DE0F358,
3D3695EF,
BE059F3C,
3D73A1B7,
BC1183A7,
BDF13862,
3E29792D,
3DCC7D96,
BDBAB0AD,
BCE6BDD2,
3D544982,
BDB2FD0B,
BCA4F357,
BDFB239F,
BE23E5E7,
3D4A7333,
3C86BFB0,
BE0892E2,
BD1E5F6A,
BD4B28F9,
BD747CDE,
BDD30906,
BBCDA55C,
3C8B31B5,
3CCE1A5F,
3E2AD90A,
3CAF4526,
3D2130DC,
3C227BE8,
3D3160B7,
BDEFD60C,
BC922F37,
3C9682FB,
BD82C7D1,
3E1010E5,
3CE242E5,
BE7921E9,
3AA44EF6,
BE1D9943,
BBCBF7C0,
BC2BEC9E,
BD9A1A2A,
3D8048F7,
BB71E183,
3E87B092,
3C9E06B0,
3D0BE0A8,
BCB3A07D,
BCE6CB5D,
3D1B47D6,
3DBC7BF1,
BD771AED,
BC4A5CDB,
3D837021,
3E2A463A,
BE1F5FAE,
BD19C038,
BE120C56,
3D97381F,
BD84C67F,
BDF0C554,
BDA83976,
3E4BFBBC,
3CD31C7B,
BD8D9EBC,
BE0C9D3E,
3D8E633A,
3E3CC71B,
3CA7DD5D,
3E3BC368,
BD931E07,
BDC2F047,
BDBB1CC3,
BD53F81D,
3D965105,
3D3EDA75,
BD9E6C3B,
3E1995FB,
3DB10153,
3DEC5ECA,
BE67C4F2,
3E0305C5,
3C9B3EDF,
3C1F33FA,
3E14D019,
BDD3BF21,
BDEC0FC0,
3DAE7F36,
3CB32561,
3C517978,
BE2ED37B,
3DE69495,
BD946B6B,
BC8BF953,
BCDDE54C,
3CEE55D3,
BE0AC16A,
BE6DB09E,
3DAAB98C,
3D5AD9C2,
BDEB5E77,
3D0F7480,
BD9B8611,
BC7CA1C0,
BD3DEA2F,
3E74A1E4,
3D8FCB94,
3E4E1A2C,
3C24DBBD,
3DE7CE29,
BDF0463B,
BDB8C07F,
3E80D7DF,
3E81AE18,
BE120F6B,
3D4A497D,
BE747CD7,
BC99587B,
BD36F905,
BC16FA80,
3E0A4997,
3E7C8970,
BDEEF74D,
BD13373E,
BE2CE0EE,
BE09F432,
BC837BAA,
3D392E8E,
BD6237A7,
3D0C5AB1,
BDB1ECC0,
BE394FE8,
BCAAC31D,
BDEE8662,
BCBAF521,
BE1AB7A5,
BE2D8455,
3E7540FB,
3C08AA7F,
BEA0AC89,
BB77CBFE,
BD0421F9,
BDF366FA,
BD656B2D,
BC332BFF,
3E1FDD2C,
BD308CDC,
3E3983C7,
3D8E845C,
BD47748E,
3E3983ED,
3CE12CB5,
3BB11F96,
3DD0D194,
3E1A6E68,
BC87304D,
BD086CB6,
BD365523,
3D379D40,
3E947FC0,
BE09BDB7,
3D42FB0A,
BE2895F9,
3C158108,
3C41B716,
BD3FDF2D,
3D1D0A56,
3CF24B9C,
3DAA2882,
BE22525C,
3C3B3D16,
BDA52085,
3E7367F7,
BCD72800,
3D6FE8DB,
BE742158,
BE5114C9,
BD415130,
3D802DE5,
3D992D4B,
BE1A912F,
3DD94CCA,
3E16FC03,
BE69E3DD,
3D64E984,
BDABDC60,
BD86C200,
BDD00AF1,
3DF34B36,
3D8BF971,
3DC395CF,
3CC68B0F,
BDC32E7A,
3D8D1682,
BD561C4E,
BDD34DF2,
BD06872A,
BE1253E2,
BDF8F803,
BD601FC5,
3CE74B63,
3D798817,
BE168F06,
BE8354AE,
BD5F143E,
BD091EF4,
3D3F0977,
BD9AE392,
BDF6BD0F,
3CE1CC42,
BD0F8B97,
BD2192BB,
BE2EF79A,
3E2392F7,
3DD48B49,
3CAEE815,
3DDC45D5,
BD303AF9,
BE0230F4,
BC6BC0B1,
BDEFE2BF,
BD0FCD98,
3E44E7C1,
3D0626BB,
BD5D2707,
3B440A77,
3D5C0ED5,
3D6A4921,
3C8E808C,
3DA6B5DA,
3D827660,
BB601CE0,
BDFEA0F1,
3D81E5DD,
BDC2CD3D,
3CB49BDE,
3C4A84B8,
3DC9CC4A,
BDD32C4B,
BE980910,
3D6F36B3,
3E2292CF,
3D0BAD17,
3E0C0FF7,
BD9EEA87,
3D56AFC0,
BDC46357,
3D9599A6,
BDBB0464,
3E79DC9E,
BE91043E,
3DCAA524,
3D82B390,
3E095A75,
3D282211,
3E04B49F,
3E05F057,
3CA6BF1E,
3E99EF5B,
3DEF2CAE,
3D9BDAA9,
3DD024AF,
3D3D0AAC,
BDF05718,
BE128F2F,
3CC8698E,
3CB7ED7B,
3D20E399,
BD337C6F,
3DB38E9C,
BDC21D0B,
BDE1EC28,
BCF13CCA,
3DE6CC26,
3DF5B360,
3E887A6B,
3D982E9B,
3CB3F610,
3DE4F6F0,
BE7E1601,
3E5FFD0B,
BBF1077D,
3D0BFE88,
3D278948,
3DA08A0F,
BDB4D6DB,
3B4B8D0C,
BD23E66B,
BE11A5C3,
BC34CFBE,
BE9B4F35,
3E897F8F,
BD81DC31,
BDA2FA08,
3DA94A16,
3D814FEA,
BD2AB8E7,
3E0AE4D6,
3DB437F8,
BD119FEB,
BC8CDC00,
3DCFB36A,
BCDE8D30,
3D18DB1E,
BCEC2C45,
BE366F3F,
BD9543B3,
BD06B340,
BE597F2A,
3E15DE5A,
BDF58A72,
3C684AC3,
3DC1728C,
3C912983,
3DC8BC09,
3DA0C77E,
BE5411A2,
3C57611E,
BE04FC51,
BD1E5EC7,
3DC45BEE,
BD1E8F86,
BDEE21C0,
BE180BB2,
3DFD9E1B,
3E82B702,
BD4765F5,
3E6FF772,
BC4B62CD,
3D751670,
BDDC50B6,
3D8A9611,
3DAE0F71,
BE46D36D,
BCD30B37,
3DD38EBD,
3CCD4BD2,
3DF0F883,
3DC1C2D5,
3C80F48E,
3C914B9E,
BCC5CEBF,
3D31FE91,
3C168105,
BD9CD3AC,
3D0D2525,
3CF18EFE,
3E160868,
3D13A8FB,
BC2330EB,
3DEAF14D,
3D7FD5F3,
BDB4A96C,
3DD72907,
BD8349BA,
BD318486,
BDE73B0E,
BC192877,
3DE7B510,
BD8DE534,
BD2B4853,
3D08A338,
3E52BF5F,
3D809EF5,
3D52AB11,
3D15AFB0,
BDA35889,
BDD8B3DD,
3D78CD17,
BD6F485D,
3D97BB3F,
BCE73ACA,
BD7269DA,
BD8AD116,
BDFE827A,
3D8B3B33,
3D9F646A,
3E53DD97,
BDA4DCDE,
3E0105D2,
BD8B1B7B,
BD989381,
3BF88168,
3C73A5B6,
3D802B00,
3DFB6422,
BDE115D3,
3D7A40FD,
BCB5FE79,
3E4775AC,
BD2A7448,
BD7D73BA,
3B04FB53,
3DCEFF96,
BD87EB5E,
BD06C799,
BCC0E375,
3E42CBAA,
3D8DC8C3,
3B64A269,
BBBF7C41,
BDE65C47,
BC23F425,
3E039FB6,
BCCB3271,
BE1A33E2,
3CB397F0,
3DF8C38D,
BD56BDA7,
BD5CCFD7,
3DA803DD,
3DC2FCA6,
BD1654E3,
3D9382AC,
3C4561BB,
3DABABE5,
BCD96C4D,
BCC8E1D6,
3D1D8B84,
BD7FEA6B,
3E13C369,
BD9BE689,
3D89CF1C,
BC51E42A,
BB56DB14,
3AD8DBC0,
3DAF8E4E,
BD2BA663,
3DDB3C4E,
BD7ABA7F,
BDEDDA42,
BD9CFB2A,
3D9994DF,
BC38AFA3,
3D8ED9ED,
BE413CEA,
BE48705B,
BD3AF01F,
BD525D12,
BE043085,
BCF813E0,
3D9220F3,
3E05F978,
BD02E110,
BDAB024A,
3D11FB39,
3CEC8892,
3D78D136,
3C9ED3CB,
BB6D0E89,
BDD4C4C1,
3E1D4BDF,
3D9342FC,
3E1DB6FE,
BD4A00E7,
3D827414,
BD9DAB07,
3E67F980,
BC28F3DF,
BE19C8BA,
3AE68646,
BDA8866E,
3BB822FE,
BE1141F6,
BD81C0F9,
3E33D24B,
BDE5E684,
BE651F9C,
BE248CF8,
BD80D588,
3E4DE155,
BD4A2D21,
BE06F434,
BE2A8BF4,
BE510411,
BC90A5C3,
BDD03103,
3C066E67,
BE9B7DB7,
3DDC47BC,
BCEE5D77,
3E16BDF1,
BDE1ACC9,
3D31B982,
BDBC6921,
3DD595F8,
BC010FB2,
BDFD4EE7,
BE076983,
3D152012,
3DED7821,
3D9C4B9F,
3E96E2CF,
BD162725,
BDB5205C,
BD47B84B,
3ED42FE1,
3E2DD209,
BA10A732,
BDE8D53D,
BDBE8EC0,
BDB76DB5,
BDDFA82E,
3DE58D90,
3DB52295,
3BB725DA,
3DA175D5,
BDE192D7,
BD1D62C6,
3E48AB7C,
3DE38215,
3DCC9A16,
BDA707F6,
3E50EFD6,
3CEEDE93,
BE3E4D8E,
BE017F3D,
BE322780,
3DDB7921,
BE22F0DC,
3B8199E9,
3EA78BCC,
BE9082A3,
BE2BBA84,
BE91173D,
BDB1B537,
BDD6846F,
BE13A4B3,
3D4F10C1,
3DC867C9,
3D85EC9D,
3E5B36A9,
BCB8CFEA,
BE157518,
3D475A84,
3D3C6906,
3ACBB45A,
BE24F0A2,
3D852D9C,
3DC0C007,
3D246697,
BE1B2DEF,
BCFF3C6F,
3E50B03C,
BDBE0F55,
BE4422BE,
BD47DC64,
BE2D5689,
3CBC6F1C,
3E04D01B,
3D079698,
BD9610B1,
BD850EBD,
BD49C2AB,
BD260692,
BE089ED9,
BC104905,
3BD8FA30,
3CFF74F5,
3D3C45CB,
3E1E82D2,
3AACCA53,
BD62FF8D,
BE055ADC,
3E0440FF,
BD30BBEB,
3D7B5065,
BDFDE67E,
BE337952,
3D0C7E8E,
3C8D97B7,
BCC9454D,
3B027AE3,
BE423705,
3CBB346B,
3B110E1B,
BDD71565,
BDBF081A,
3CBB2656,
3DEE5C7A,
3B671DDB,
3D1D439E,
3DE3D0E4,
BCB2FAA2,
BD3D4BED,
3DD824A2,
BD061431,
BD0D761C,
BD4C9A52,
BC1C43C2,
BD7882F4,
3DB595A2,
3DD37748,
BC8DE934,
3BA78746,
BE0D71D3,
3C07AD55,
BD97AB01,
3D1C336B,
BD83B3A3,
BDF44AE2,
BE01C1D7,
3DD26988,
3C7302A1,
3D4373B0,
BC60506E,
BD1C7410,
BE0E65E9,
BDCBF618,
BDD9098D,
BDA5EA0C,
BDA86B7E,
3DA316BA,
BB4D28FE,
BDC1129A,
BE14506D,
BD04198E,
BB963A74,
3CFB323E,
3D3DD05D,
BDE7ADC7,
BD8E3498,
BDBEBB94,
BD1DDAE0,
3C765FA4,
BBA4037E,
BE527839,
3C38AD36,
BDD5A6E8,
BDCF1B15,
BE1B4D7D,
3D20442A,
3CFD9E7A,
3CF478D8,
BD1BC163,
3E206A16,
BD5E77D6,
BCDE9F07,
3D91B2FF,
3DF39255,
BD212351,
BE26F32A,
BDCD49BA,
BC588CAA,
3D208DEF,
BD63B155,
3D7D7685,
3D9084AC,
BC9A56D6,
3E0D69E4,
3D8C79F9,
BDF443BB,
3D379081,
3DF4A7BA,
BDF802AD,
BD929DE2,
BD31019E,
BDFF0B98,
3E1517C2,
BD0DA12E,
3D7E543D,
3C859C0A,
3BB2D329,
BDDC5324,
BD029E5C,
BE8266C7,
BC9518CC,
BDA817CD,
BCD8F6BE,
BC5F0C86,
BDDCD301,
3DAEB5C2,
BD8F8167,
3D3D7D71,
BD4382FB,
3D6736B2,
BD8E6877,
BD990A5C,
BD316AB2,
BD4151CD,
BBB29279,
3E2564B5,
BD8226B2,
BC8AA8E2,
BC9FD865,
3D20C259,
3D5CF378,
BC90C4D6,
3D84DA7C,
BD216FCE,
BCE02C5E,
BE0B6679,
BDE100A6,
BD8A2931,
BD2F99CC,
3D07831C,
BDB6ED56,
3E0CB27A,
3E3956A2,
3C6EBEB6,
3D76617D,
BE3A642A,
BD3FD9E2,
3C693EDA,
3DB5A486,
3DBA9F26,
BCAEA24E,
BD0FEB03,
3D23C348,
3D4FFDAF,
BD757D53,
3DFA0064,
BC4D636F,
3DD1C192,
BCE871A7,
BB765D96,
BCAAB455,
BC8436E6,
3D7D7550,
3D35EA8A,
BD2220DB,
3DC9D697,
BDB4F923,
3DA43CB8,
BDB27DB2,
3C5A92C2,
3E0BBFAC,
BC3926ED,
BE4803A3,
BE1FB364,
BD1FA03B,
3E1DFC35,
3DD8B725,
3D8717FE,
3D8B7EB2,
BD252E86,
BD70947A,
3E225148,
BDBA2C6B,
3C1D2046,
3DAADF95,
3D86758D,
3C8004E2,
3D35830A,
3DDAF6D7,
3DB81085,
3CECEF21,
3DCAB278,
3E08B77E,
BBEBFF50,
BD5B3F96,
3C694B7A,
3E36E633,
3DFCABE6,
3DB90407,
3D604B07,
BBEEEEE7,
BD803757,
BD045028,
BCFC23D2,
BD25DBB2,
3DF1A302,
BCE7CB26,
3D1B41F7,
BD9304CC,
BD7CA979,
BA8C055F,
3D795AF2,
BE168DFB,
3D805B71,
3E08EB6E,
BDC0A219,
3CED16AE,
BCADC0D6,
3DC62D52,
3DAFE93A,
BDB9B6E9,
3E1C1804,
3CE287DC,
3D156CA0,
3D44FEDA,
3E3D97DC,
3CF07FD8,
BDB5FA42,
BD9D8AB5,
3D9B6DDD,
3E3E7BE1,
BCC9DBA4,
BE058DC9,
3D09F8CC,
BBCE911E,
BDBA6BB1,
3DAB2F6B,
BBA6559D,
BC3EE33C,
3BC81CD2,
BB9B56CB,
BE0754FD,
BDC14AF5,
3C82CF68,
3D1C49BB,
3E192A9A,
BBB73730,
BD70DD59,
3D5BFEF0,
BD3FA552,
3D23CF58,
BD5390E5,
BDD3EEA2,
3E2080AB,
BDC6ADEE,
BCAF0BB0,
BD4A136B,
BDB791BA,
BBE9E557,
3DB5F203,
BB3BF892,
BD132984,
3CC829D4,
BE1B767B,
BD366D72,
3D0EC052,
BBA8704F,
BD18AA91,
3CF5F552,
3DC6F780,
3E5DAB1A,
BD13A125,
BC8D6121,
BDF06E00,
BDEC1B5B,
3DA46C8E,
BD4BB700,
3D231481,
BD273413,
3E3B5D7D,
3E0E2E3E,
3E34C971,
BC81ECB1,
3E04A674,
BE9428D9,
3D00DA3D,
BCBEF6B3,
3B17FFB9,
BD497165,
3D6BB7E2,
BE2075EA,
3DF2C12A,
3D5D3952,
3E096D40,
3DACA490,
3D311D1D,
3DF278FA,
BE609CF9,
3E5EC83C,
3DF80262,
BE93E827,
BE0AA1AE,
BD84A09B,
3E14F267,
3BCED8D6,
3D7F21BF,
BD41DA85,
BE011F53,
3CA00753,
3E052CD4,
BDE9C649,
BE0A59B2,
3DC4D3D7,
3C958F03,
BC90B8A0,
BCC81221,
3D860127,
3CB6C6B1,
3D0FC3FE,
3E52B9C1,
3DFA8200,
BE3924F4,
3D612B23,
BD25E910,
3E4B47F3,
3E289B8B,
3C3FB675,
3D15B74E,
BE1F9375,
3CE78D12,
BE141D79,
3E038668,
BCB81460,
3D945E9C,
BD64DB4D,
BD434858,
BE78D43E,
3D20D53D,
3DEE0D13,
3DB5437F,
3D9D71B2,
BDB83B71,
3E3C7446,
BDFD121C,
3D2BE454,
3E1FD98D,
3D94D212,
BC234760,
BDA2C364,
3E6FDFA4,
BE30E2E4,
BDAED635,
3DE8FF64,
3E625D49,
BE16FF57,
BDE1EF92,
BDB4E91F,
BCAF17A4,
3E55CE2A,
BD70B215,
BE2F9E76,
3E384F9F,
BE079BBA,
BE2A7741,
3E19CBBF,
BE2BFDAD,
3C0720A8,
BCB0CBE3,
3E029FB8,
BD718F61,
BE097A90,
3C9C9BB5,
BE12F4FE,
BD6DB054,
BDAB4F8C,
BD40B141,
BE2E206A,
BBDA39F1,
3DF5583F,
3BFF79C1,
BB9179E0,
3E0FA16C,
3DCAF932,
3CE71FD5,
BE175B2A,
3D53A9C9,
3C90E0BC,
BE04CE8F,
BCCD6924,
BDDB7BD5,
BE0270F5,
3D239A30,
BE4282E7,
BD33CEBE,
BDB05411,
BCB4E3DE,
3E1573F6,
BC634918,
BBF02399,
3D033F18,
BE01C19C,
BE530C91,
3E5EE495,
3E415D54,
3D495B29,
3E26F9D5,
BD1A76A1,
BE2CC25E,
BC77A178,
BC6BC12F,
BE8F7DBF,
BBE66DA9,
3D25025F,
3D814230,
3CA3A574,
3D9C3013,
BD889F9F,
BE6A8549,
BD8A5D5F,
3D6B15DC,
3E2D482D,
BD8CF091,
3CF1007D,
3E6A474B,
BDB4DECE,
3E20B165,
3D88AB08,
BDD028F9,
BDE9CE33,
3C3E63A6,
3D790A8B,
3C2DBD19,
BD4B58D5,
BCA997BF,
3881657E,
3A47D379,
BCDA3E7C,
3E8776D1,
3CA38BE3,
3E06A655,
BDA38FC8,
BDACFDF6,
3D6583B7,
BD0618D2,
3DBF9BA7,
BD8850AD,
3E5E8F31,
3E889CF6,
BD166DA7,
3C85B924,
3BCA2256,
3D881C81,
3D94C88F,
BE8B879B,
3E827BBD,
BE2BAD45,
3DBF4183,
BE7902E4,
BD716567,
3DD0DB9E,
3E313697,
3E1A9D08,
BD5C8567,
BD5BCFD5,
3D7C7AA7,
BD6FF008,
BD4EA308,
3D71360A,
BD065437,
3DF1AC52,
3C0D1C64,
3E053567,
BE56DFC8,
BDADB119,
BDE6E879,
3C6E8992,
3D16CC29,
3DAEFDDF,
BDB8A285,
BD0E3002,
BE567D11,
3E8D5AF1,
BDBE0D92,
3CC20DCD,
BCC961AF,
3DC09F40,
BDB70DEC,
3DE17D62,
BD8CE136,
BDE76631,
BD86340F,
3E41EFF2,
BE192E4D,
3DCAF6EF,
BE011C93,
3DB84AD0,
3D7D2580,
3E4B03FB,
BCD77820,
BCD9D71D,
3E51BDAF,
3D883EB1,
3E858FD0,
BBDC4D02,
3E1B4B52,
BD646F6F,
3C90AEAD,
3D8CEF28,
BD1D1983,
3C19EC4F,
BE313BF5,
BDAD6399,
3D61083C,
BDAAFFB1,
BBBE002F,
BE138BD3,
3DF96D1B,
3CFE20E0,
3E2E4BD5,
BDB64F91,
BD51B5DD,
BD6B8469,
BC46E63D,
BC53B276,
3DE13105,
BD9F1962,
3DE25357,
BBEA63A0,
3D3ABDBF,
3D2241B6,
BCF8AF8B,
BD5ADF05,
3D8F2F3F,
BE0259DE,
BCEB6B3F,
BE2E94C0,
BDD999DF,
3D4A93E4,
BD1C7CD1,
3DFABC40,
BDD0C875,
3DE664C1,
3D896671,
BC885EFC,
BDB130F0,
3C959C17,
3DDB37BD,
BD079177,
3D284379,
BD31CFAD,
BD449511,
BE2860F0,
3E5A58B4,
BD330CD0,
3D7350C2,
3C42D91F,
BC943A39,
BDDC434C,
BE2BE732,
3DC183BF,
BD3EDFC4,
BDB10EB2,
3D2FEA4D,
3E17261E,
BE0BCD8F,
3D0A6B22,
BD18FFF0,
3C9D6D4D,
3C5E54FE,
BDDE3D2C,
3D31CBF4,
3E708060,
3DA22A23,
3D91EFF3,
BD710329,
3D59EA76,
3CE5A40E,
3E36781E,
3A9357C6,
BE50FAA3,
BD9C973C,
3D6B38E0,
3D71148E,
BCFE527C,
BD1024E8,
3D9E3CC9,
BDD3A860,
3E807C54,
BCBB6A5F,
BDD75DED,
3DBB12B4,
BDC0FC34,
BC866AE5,
3DE9EB8B,
BE3188B2,
3D5AA508,
BD67CD02,
3D3F7754,
3D2BB736,
BDC21DF5,
BE115019,
3DA7D7D8,
BCFB45C6,
3CAAE9E2,
3D92E456,
3D7BE5BA,
3DA243CB,
BD02EFF3,
3DDE3BE3,
3D05B31F,
3CDB37D1,
BC54AB2A,
3D894E10,
BE699571,
3CF081F0,
3DA019D8,
BD78BA3F,
BDD82316,
3D2849A0,
BE253A9E,
3D8E01C5,
BDD235D4,
BBE002EA,
BDBD3828,
BDA68F09,
BAC0281C,
3DA8B209,
BC2F00C1,
BE3CF4DD,
3D411D56,
BD66044F,
BD73C336,
3C61A1CB,
BE02E9F3,
3CC1E6B5,
3CFBB5A0,
BC097972,
3D2A8EE8,
3D280539,
3D50A0CD,
BD1C0230,
3D3CC921,
BD568A20,
3D8755AE,
3C36BD42,
BC98E748,
BC5C92C1,
BE277604,
3DC6D79B,
BD8E68A6,
BCF6C270,
3DF30610,
3C6CB1B0,
3E0645B8,
3CC7E495,
3D2087B3,
BD6ECF07,
BDA6FFE9,
BD2B27BB,
3D80C648,
BBFFD702,
BE09A6B0,
BC06A57D,
3DED0A38,
BCD3CEDC,
3CE309DA,
3D805B4D,
3D6723C9,
3DACEA57,
3E4B2D88,
BDAE3560,
3E3C19DD,
BDE56FD5,
BD0976FB,
3E02CCC9,
BE66CA8B,
3D6970B2,
3E36D116,
BD6059A2,
3C6FDE86,
BDC9F212,
BD420C51,
BDC118D7,
BE0022A7,
3B5F637A,
3DD6E451,
3D802C07,
BD8D580A,
BDDAA84E,
BCDDB333,
3D6D67CE,
3E2DDDDA,
BDEC622B,
3CEBEEF9,
BDE60213,
3DF436BF,
3C797ACF,
3CF6E46D,
BD0E7175,
BD55D66E,
BDB7362E,
BE04493E,
3BF0AE06,
3E161798,
3DB9D938,
3E1D22E5,
BD46134F,
BDE75EC9,
3E86A081,
3D8D4E4B,
3DF2E923,
3CA26510,
BD9A5FD1,
BDBAC92C,
BC2C994F,
BE7253F2,
3D695DD6,
BD403524,
3DDF8F25,
BE2FDB21,
3D6089DD,
3DB61D28,
BDC43DFF,
BE11CCD3,
BE11730F,
3D829A00,
3CD3B2AC,
3CA87432,
3C7C4946,
BDA2CE8A,
3B4417C9,
BE7D287C,
BE064F44,
3E2C86B7,
BC9CB9DA,
BD3DE69F,
BD2D0510,
3D495777,
3CF3B944,
3D901A24,
3D92796A,
3D5137D5,
BD811DCC,
3DF6BA23,
3D279728,
3C818A4A,
3E1AE4AC,
3DB19A30,
BB89A42A,
BD58F95D,
3DB9BD78,
3D776ABE,
BD454708,
3DB0D71A,
BB8CCBFF,
3E6426CA,
3D9E933B,
BE6C03C9,
3D77BC6F,
BC89070D,
BD0A7402,
BC6C3FB2,
3E4268F4,
3DDC525A,
BDA38434,
BE1EDF89,
3DE6E6EC,
BDAB2306,
3DEBC335,
BD4B6EC8,
3D1390CD,
3C589B00,
BD4DE004,
BEA82DDC,
3CBE2697,
3D9B683D,
3DFA7ABF,
3C869293,
3D408DF7,
3E99BB6F,
BDD863C3,
BD713B8D,
BAABA964,
BD30D77A,
BE843D61,
3D80C683,
3DF17C8B,
3D550735,
3D64A1BC,
BDE5E528,
3D0CE244,
BE59CA5D,
3D27D270,
BBECC2BF,
3C78BC42,
BDFAC603,
3D48E597,
3D6120A5,
BD343816,
BDE26542,
BDD1964F,
3D197792,
BD3FDA92,
BB9B07AE,
3D99FAFA,
BE4D6A16,
3DBC97DD,
3E5F752F,
3DFBD104,
3E8A4CEA,
3C1B05F9,
3DAF68D1,
3E1BD9C9,
3D8DBBD8,
3E70FED8,
3D80D18A,
BE4985CB,
BD7386EA,
BE2619C8,
BD80E7EC,
3D8128DC,
3D270A2F,
BD258D24,
3D9BAF28,
3D912672,
3E171418,
BD2573DF,
BDDDD809,
BD9B3A4F,
3CBEF833,
3E152367,
3E5186F6,
BD178C1A,
3D75CD49,
3CD4382F,
BD6349DF,
BDF4A0DD,
BC4B0719,
3E2993CF,
3E587ACE,
BD2E5CF9,
BE36DC1C,
BC8B34CE,
3C924D4C,
3DF16C07,
3CA11424,
BC22E1B1,
BC9FA92C,
3D75647D,
BDA2396A,
3E265671,
BD99CD39,
3D69732E,
BD4D4BBA,
3E0176A8,
3E3FA425,
BE182FCE,
3CBB4B51,
BE4AA135,
3CF873CB,
BDAC6FE5,
BE193C50,
3D941A24,
3E62BEFC,
BC86EE47,
BDB03CDD,
3D0ACC19,
3DC3E979,
3B9DCA50,
BC62EC51,
BDDE8205,
3C2EF49E,
3E248B9D,
BDA60E2E,
BD15994B,
BDAA0C63,
BD636715,
BDBD6201,
BE1E6AA0,
BDEA5786,
3E184222,
3DA15926,
BD826E98,
BD43993A,
3EB80B1B,
BDB0F741,
3E40F2D9,
3BE2D0CB,
3E2EBA91,
BDA545EB,
BC4CD251,
3E1E75EF,
3DAF1ABF,
BD9240BD,
BCEE4BBB,
3B808EDA,
BDD3C03C,
BDA794C1,
BD0D3E28,
3D43798D,
3B7EB561,
3C4A617E,
3E636847,
BD67B547,
3D3C1E19,
3DD6E47D,
BD436809,
BDEC28BE,
3D9FE642,
BE6DB410,
BDC813C6,
BCEF6DE4,
3D0A38F3,
3DF087EC,
BDF6125C,
BD09F742,
BC918AB1,
3BE06BEB,
BD8444DD,
BD7DD87C,
BE4DD0EE,
BD470ECB,
3D84363F,
BA5BC505,
3E57D051,
3D8ADA36,
BD0B38A2,
3BA35F1A,
3D27AFA9,
3D8D106E,
BD8A16B9,
BD19AF66,
BC19A0AB,
BD2F7DCE,
BDEF2A69,
3D4E26DF,
3DB3C370,
BD02799C,
BDB741A6,
3DF6BB98,
3E0E7DB6,
3D06D1BC,
BD466AF4,
3E4A32B3,
BE2775A1,
BD85A79C,
BCCDDC11,
3E2DCE87,
BE295036,
BE440ABD,
3D675101,
3D731411,
BDF6C3A9,
BDCB71D7,
3D13F162,
3DB7B578,
BCBD9AE3,
BCD0E929,
BDCE8175,
BE64285D,
BE16E656,
3D0A6DDA,
3BCFD42B,
3D925C9E,
BD8F5A7E,
3C421B1A,
BBFDD6FF,
3DF6A472,
3D4CEFD1,
BDB848A4,
BE1DC656,
BC37B9E4,
3CC1E923,
BD7404ED,
3DE938D2,
3D036F27,
3D99CB55,
3E0A2511,
BD9E9F73,
BD3D53E7,
3E48D8A5,
BD2F18C4,
BC865D97,
3CA761F7,
BE2D3E0E,
3E31E9AC,
BAC53443,
3DA8A400,
3E030056,
BD7C3A2C,
3E3D6A7A,
3D92712C,
BB8A2BC4,
BC7ACC91,
BE338A19,
BD327B31,
3D43C32A,
BDF0F80F,
BE28A2C2,
3CA416D0,
3E43D423,
BDC54533,
3E5DF3E2,
3E026326,
BCE33B7C,
3DE1E265,
3D6F3BB5,
BD004EEF,
BE61F5DA,
3DBA617D,
BDD956E3,
BCF5971F,
3D0AB2EC,
3D9F7D12,
BA8D9FA4,
3DB3513C,
3D2F84BC,
3CC6BB90,
BC3F2EDD,
BE105E10,
3BC75C4A,
3DE27DFA,
3E1B29CF,
BD390228,
BB78CEE7,
3D64BE3A,
BD9ACE08,
BD34F2FF,
BDE9AC16,
3E07A298,
BDA87347,
3E3FCE0B,
BE5F4BAD,
3D89FF71,
3B884263,
3D466C5E,
3DCFC415,
3C36F9FC,
BD52BDE0,
BA62F35B,
BE861D5A,
BE04B6F5,
3E327629,
3D9303A6,
3D35C7B0,
3D35394A,
BDAC3556,
BE39B888,
BD979987,
BE0FDDAB,
BE1315C2,
3D31E4FF,
3E4843BF,
BDCAF5D7,
BDA4ACC7,
3D020A1D,
3B0441CC,
BEBCA81C,
3E062CDC,
3E5FDCE9,
3D937E4B,
BE5A3517,
3C870796,
3E26FAF6,
3B216F81,
3E47FEA1,
BD506178,
BE02B631,
3E52DCC7,
3C5B9EBA,
3E57A751,
3CE13235,
BDF427F4,
3D9A2FFC,
BD88F037,
3E30A77F,
3D9CA791,
3E5271A4,
3DB4F58D,
3E7BBA88,
BDC5763F,
BD892C69,
3DE9FCA0,
3CD36670,
3CFC4CEA,
BE4D44A0,
3D87EA7B,
3E57C47F,
3D208FEF,
BE2B9B07,
BD802523,
3DAC8CFD,
3CF8C842,
BE3816FF,
3E4188FB,
3C4BCE56,
3E2B05FD,
BEA690E6,
B9B0B148,
3E11AECA,
3C64DA56,
3DD058E3,
BDBFEC05,
BDDDC560,
BDB7867E,
3C848331,
BE07D4CD,
BE355FBD,
3C5B1E15,
3BE808D7,
3DCF33DC,
3E8FC5FE,
BD8CFC89,
BD5589BA,
3D99A0AE,
3D93B6D4,
3E203D27,
3E0230BB,
3C7BFA87,
BB81CC02,
BDE73FDF,
3DCC0854,
BD77F730,
BC986D1E,
BD59232B,
BDB59F25,
BEB7BB46,
3E16CB7C,
3D92AF0C,
BEAA4B7F,
BD586B59,
3E0207DA,
BE53F5B7,
3DA5664D,
BD08C133,
BDA93D00,
BDBAC685,
3E3A2EB8,
3DA3CBB0,
3D5CB356,
3DDFEFA9,
3DFF4458,
3E1FEF8A,
3C469E3B,
3EA8AF61,
BDC6FBF9,
BD8C489E,
BDF5454C,
3BAC7B54,
BD939B6C,
BE290A78,
3D42C59F,
3DBF94A1,
BC5EA102,
BC480FF0,
BC008F47,
3D6350EE,
BD6C8BB2,
BA4D0435,
BCBFA3EF,
3E5A5374,
3DDDF795,
BD724813,
3D33A62F,
BE2C4291,
BD5883C8,
3D6EB3BD,
BCA846C8,
3CEAA9B9,
BDD287E9,
BDD4F278,
3D90A21C,
BD6B2798,
3C9AC541,
BDA08E27,
3C72BCA2,
3BAA0D2A,
3D621007,
3DDDE450,
3DE98238,
BE40EA8D,
BB8C9D6C,
3DF077BB,
BAA391A6,
BCEC4CEA,
3DAF3A3E,
BE29DB1D,
3E18C642,
3E5C5C2D,
BD2894EA,
3D24D5C4,
BDFDE620,
3E057FE0,
BDB493D3,
3E045E86,
397EAE39,
BEA9EF35,
BC4CF878,
3D7342A8,
3DAC031D,
3D8DA2F0,
BD036CD0,
BCF34641,
BE02FB62,
BD1A5868,
3E823B92,
3D7E942B,
3D2E1966,
BCB0B906,
BCAE942F,
BC48EC5C,
3D949586,
BCE5757F,
3B430C88,
3DB5FC59,
BD6C7461,
BDDF1AC9,
BDA7EBC1,
BD27E521,
BDF07C1B,
BDA863CA,
BBDD6D32,
BDB463A0,
3DF59FD1,
BE219EBD,
3E114289,
BCEAF8B1,
3DF0EA98,
3E1573CB,
3D1CDD43,
3DB7F86C,
3D93E34F,
BD0440FB,
3CA2D005,
BC195567,
BC483B22,
3DDA9E6D,
BE016765,
3D292137,
3B9412B2,
3E1CF932,
3DFC12F2,
BE275228,
3D15D8DF,
3D1E838D,
B9F3C90C,
3B91DD3A,
3DEF8634,
3D945C8F,
BB94BAE7,
BB116B7A,
3CAC67C8,
BDE6CC56,
BBB50D03,
3D99AEBD,
BDA725B8,
3D292D32,
3D1B0BCF,
BDCD49ED,
BD1E3889,
BDE6F8C5,
BE24C320,
3D0A078B,
BDDBC70C,
3DC1F43E,
BE14EA8D,
BE5FA9FF,
BE2B874E,
3DC5A5DA,
3DB129D9,
BD388879,
BDB90A4E,
BE06145F,
3D3367AA,
BD82673C,
3D9BE6A9,
BD438529,
BCB8F728,
3DB53A19,
BD7999D4,
BCA90C8A,
3DBBE773,
BDA3E1C3,
BCC8C15B,
3E23B36C,
BDE479A4,
3E2A890B,
3DA7D196,
BDEF7BE0,
BDB0617B,
BDB43BA0,
BC96ABBE,
BD7002D4,
3CA7FC8A,
3DB35649,
3E087A34,
BD2E755D,
BE060AC0,
3CE378D6,
BDEE135E,
BD69980C,
3D3A9F68,
BD8BEF99,
BEAB63F4,
BE04987D,
3D911953,
BD0721A0,
3DDCAAD7,
3D09ABE9,
3E1B553E,
BDC5E3E1,
3E45D782,
BD5A7E4F,
BE12D898,
BE3F340A,
3E039E9C,
BC3F17D0,
BDBEBE35,
BDFB76C7,
BE213C2B,
3E283B56,
3CCC0550,
3D24CAD6,
BD9B6B28,
BD3A32E0,
BB60F7CE,
3D021979,
3D8A95D1,
BDA1EE7B,
3CB7EFA2,
3D9DFD98,
3E522B5E,
BC14D2C8,
BE3F3214,
3C736B32,
BD5D70A5,
BDC389CD,
BD6C08FF,
3D28BA06,
3DD6BF7E,
BBF05403,
BE2B0D0D,
BD098E5A,
BCD098E0,
3CFB3358,
3DAC92F0,
BCEB695B,
3DF01DDD,
3DB385CB,
BE3ECC51,
BD2E989E,
BDC1E1BB,
BBC07BDB,
BD716308,
BE0DFD89,
3DDF98E7,
BC5665E1,
BD3D113E,
BBC7F743,
BDCB0DBB,
BE1393E7,
BD4D7DAC,
BE3C5052,
BC5A59A2,
3DA90B61,
BDFBD7A8,
3C778ECA,
3D88ED00,
BE142EFC,
BC0D96FF,
BD24356B,
3D3DEE9F,
3E55A91E,
BD96E99C,
3BECDD69,
BD498FB8,
BD2B50D6,
BC520382,
BD261840,
3D8BCC61,
3C7C9CDD,
BE3C5369,
BB8687D3,
3DB11489,
B9C1684E,
BE85E5A3,
3DB02C4A,
3E197BC8,
BDA27544,
3E1A0564,
3CE8F581,
BC9D856C,
BE4C262C,
3D828E35,
BC9BC838,
3DA78FF6,
BE4D7698,
BD9CDD95,
3D4C294F,
BE14CAE3,
3DB89C78,
BD9A7A27,
BD9767CB,
BD677BCA,
BDB99056,
3CD7CC54,
3D3E7050,
3C0E6612,
BD997D13,
BDC9F690,
BD5A1F18,
BDB62628,
3E0F46AB,
BE183D99,
3DC37D4B,
BE217DBE,
BE0F3A9A,
3DCDEB84,
BDC93849,
BD55429C,
BE3D2166,
BE183405,
BD35A1A9,
BD414CE8,
3DE8C9EE,
BDEFDAC8,
BE2F5B21,
BB2104D9,
3DCA2FDC,
BE1903B1,
BCA22DE7,
BE28AC8D,
3DCE7A20,
3D91525F,
BCB80BB1,
3D7F57C1,
BCF67E64,
3CE2F13A,
BCDE3024,
BC2BCD96,
BD902088,
3D6D7E70,
BE21A1FB,
3DFCED4A,
3E4C30DE,
3C852BC9,
BCF663F4,
BDFF7F3D,
3E209274,
3C353A9D,
3DFC4C33,
3DEA899C,
BE0C0BF8,
3CE9FF2C,
3D9F0B93,
3E1C9AB2,
3DD2269B,
BBD64674,
3E0E8B29,
3DA42BA7,
3DC26123,
3C961321,
3C6B253F,
BCA429CF,
3B7BC0A9,
BE20EAB7,
BBD628D4,
3CCEA965,
BD315B11,
3DBD1FF9,
3DE022E2,
BDF40649,
BCB70F78,
3E3C6BE6,
3B3FF3F1,
BE12E3D2,
BDC9D021,
BD865461,
BE19534F,
BDB9F52A,
BD959DB7,
3C3072A9,
BDB01906,
3D42C399,
BDB6DE9B,
3DEFE084,
BD15D7F4,
3DE21CC7,
BDC9BCEB,
BDEA4CE1,
BDC0A6D7,
BDAC461D,
3DB668F5,
BE08A55E,
BD364348,
BD51DB29,
3C6F6D21,
3D080CC7,
BDD2E430,
3D949A09,
3D6B8D52,
BE10E5B2,
3DA81101,
BCEE9786,
3D5851B1,
BDD23958,
BE075FF8,
3CE74E4B,
3DC39F95,
BD25B879,
3D9E9D50,
3DA079B3,
3C2E928C,
BD0E359E,
BDA0CCCA,
BCBF6750,
BE0CFC4F,
BDC28CF4,
BB20A59A,
3BF08909,
BC267EB3,
BD44E036,
BE003FEB,
3D3F251D,
BDE73AE0,
BCBE3F42,
3DFFBE2B,
BBCE871A,
3DD09603,
3DA02E82,
39E444C6,
3C574E23,
3D653953,
3B0E8102,
BE380B8A,
BDDF27A0,
BE132F72,
3D8E43FC,
3D48E0C3,
BD75CDC7,
3E3A2F72,
3D67D19E,
3DF29176,
BD9BE5D2,
3DB2A7A1,
3CDCF763,
BDA49F9F,
3D4966FE,
3C9E21E8,
BCC075B7,
3D2AD8B8,
3D3A1DFA,
3D2869DF,
BDFB2CA6,
3D4A48EB,
BD11D0D6,
3DACBBED,
BCAC5025,
3D87FB34,
BD6B7A83,
BD29E336,
BDE338A0,
3DCD440A,
BD5ED5AA,
BE82A92F,
3E2AF931,
BC9D9565,
3D5F0E0B,
BDF5679E,
3E42A5EE,
BD319BA5,
3DC6246B,
BE1A7BED,
3DD9879D,
BDF5D0EF,
BE88CA49,
3DC6AADC,
BDEE4E8D,
BD3DCE38,
3DDA34A6,
BE3B2405,
BC902DEE,
BE5E761B,
3C7BBB32,
3E299E5B,
BB8D641A,
BDA45A7C,
3C6AED27,
3CC18D7C,
BC072CEF,
3CB1F9CB,
BDD33A85,
BD484DA2,
3D9F5C47,
BD69955E,
3D6F0951,
BE5E9DCE,
3D93B491,
BDBB7DBB,
3E3441A9,
3DFC1064,
BBFBD002,
3D892D0D,
3C457164,
3DB11C02,
3DC9877B,
BE2F2A0F,
BD19FDA5,
BD07943D,
3E2EF37C,
BDF152D6,
3E34FC20,
BE070924,
BDDCA4B4,
3D2D57D9,
3D83574E,
BD8C28E3,
BCA0D08C,
3E2A3BC2,
3DD779D9,
3DC1995C,
3C7E7145,
3DD26465,
BDD3D7EE,
BD05C245,
BDD5D900,
BCE55525,
BC9140D6,
BAA16F32,
BD9F242E,
3D99C69E,
BD87F876,
BE0B5C24,
BDA635E7,
3CA2716D,
3C1F2EFD,
BD15AC88,
BE041A66,
3DA9AD7E,
3D60F2E2,
3D8D4B10,
3D36B347,
3DCF2850,
3D661752,
3E6C5E19,
3D85426F,
3DF09EBD,
BDABBD4B,
3CFE1882,
BE364173,
3B97F2A2,
3DF0327C,
BE923FF7,
3D78A241,
BE2A68B8,
3CEB2AF8,
3D963526,
3DD7531A,
3DFC3223,
BCEB2060,
3D82078E,
BCCA6F54,
3DB4EB48,
3DAB6C01,
3D52D0DC,
BDBC0AB6,
BC7A0DD9,
3E2297CD,
BD1CB385,
3DC395D7,
3C8915E9,
BE6F55E0,
BC2EC131,
3D2DED64,
3D7A8CEA,
BCF3B89A,
3DE6F929,
3E62C55D,
3E37F4ED,
BD948F91,
BBE973D3,
BDC4EA79,
BDA4C136,
3D68A5AC,
BCCA1518,
3DB4984C,
3D478001,
3C0C094C,
3E405F20,
BDCB8C99,
BD12668A,
BC4064BE,
BC60EF34,
3DBE591E,
BE185604,
BCAA3D63,
3CB86DD1,
BD7D1CF6,
3E15ECA2,
BDE9E077,
BD4C944D,
3D05C7B0,
BD87AB15,
BDA32908,
3D48DF65,
3C8FF32D,
3E1F3C95,
3C93DD33,
BD1FDA6B,
3C308B73,
BD23029A,
BE258259,
3D37383C,
BE08CA6F,
3DB31950,
BD2712B7,
BD54A414,
BD887FFC,
3D89313D,
BD8A4498,
BDAE668D,
BDD17180,
3DDB1E00,
BE3541EC,
BDB25AD1,
BDC8DC38,
BB5548EC,
BDB31245,
3E1AF340,
3D702F87,
3924EA6C,
3CCC9AC7,
3E2654C9,
BCFB56A6,
BDDBE6E7,
3DC54A01,
BDA10759,
BD9D124E,
3D70B96E,
3DC93A85,
3D5A6EE0,
3E11C681,
BD508ADE,
BD84EA58,
3DA95DD0,
BE034820,
3DAC36C4,
3B5B920F,
BDD7B7E9,
3DC04579,
BD697910,
3E00FFA1,
BD93998F,
BDB38A20,
3DAF2189,
BDCA12DA,
BDCDFAB8,
3DDAA49B,
BDAE5FC1,
BDA8E547,
BCF36097,
BE13AB48,
BDB15766,
BE8EB306,
BD8A0648,
3B1CD018,
BD7005BE,
BE333319,
3DFAD481,
3E256E09,
BCA64B3B,
3D0D076F,
BDB0851B,
BDD2AB74,
BC4AB3A0,
BDDAA735,
BC8B3B3C,
3D239091,
BCDE857E,
3E3D87E2,
BBF59CC8,
BE665BCE,
3DC889BB,
3D886C9F,
3E396CE9,
3DF9CFF7,
3CAAF8C2,
3D0BE248,
BD817E11,
3DAE5C11,
BD012525,
BD6ADCF5,
BE6A6A18,
3D2C1B36,
BB1E5CBE,
3D1D9151,
3DC4CE1D,
BD982981,
BD95973F,
3DD9847E,
BE02BB73,
3C905C40,
BE21D8F9,
3D3BD9FD,
3C2538A7,
3CA73B09,
BCCAB1B7,
3D52EB2C,
BC3F2CB6,
3DAE5B15,
BC741D79,
BDC38C0B,
BCD071A7,
BE008434,
3DCD6B6C,
BE71B6C4,
3D610589,
3C61EA49,
3CF56BCC,
3D4A48D1,
3DAFC63A,
3E2D8A66,
BD6925ED,
3D4F61E4,
BCE611F4,
3B79A7CE,
3D819584,
3D3B03FC,
BD19DDF8,
3DADAC8C,
3D963F0D,
3C113781,
3E1C49F5,
3DCD45BC,
3DB869D8,
3D51937A,
3D3652EB,
3D3D0287,
BB7A6FF5,
3E8F51C2,
3E3EA33A,
BDBF0B29,
3D3F94F1,
3C885908,
3DD80483,
3D9BE97A,
3DAB6BBB,
BCFB1584,
BDF6F3B3,
BDB373DE,
BD014C14,
3DF4B3F8,
BC682341,
BC99897D,
BDCCC8F3,
3DF2F93E,
3E13E072,
3E292B42,
3BE91B6C,
3D58C492,
BE07885A,
3C727DAE,
BD85E8F7,
BCF45A9F,
3DAFA8A7,
BE7C604E,
3D499AFB,
3E255122,
3D4EA9A2,
BE2AFB42,
3E1BEEE7,
BD31F683,
3D5D6967,
3D09ADDD,
BCC4F2F8,
BCB36525,
BC7B26BC,
3D87D12F,
3E3989ED,
3D9F5F06,
BE88B264,
3C0050C5,
3D7E1340,
BD85754A,
BCDB4F04,
BE8A3B81,
BE007503,
3D87BEBD,
3E001BAF,
3DEE1EB3,
BDC7BC46,
3E0FB5DA,
BD43062A,
BDCA6A48,
BE53DBDF,
BC9CC6C7,
BD9BF393,
3C8DFBDF,
3D71937E,
BC961C53,
BD9CEE1B,
BDE2C131,
BC1ACB98,
BDFEFB85,
3DA54648,
3CCC56A4,
3E1A01B1,
3D41A5C1,
3CB0FF20,
3CCE52EF,
3E139910,
BC9D785E,
BDE8BCF1,
3D054E28,
3E0AA161,
BDD8BBC3,
BDA4BD0B,
3D45B4ED,
BDBA0316,
3BA17350,
3E08A37B,
BD1CEE2F,
3C80113F,
3DF5B3DF,
BE4FBACF,
3EC3F036,
BD9BE5C2,
3D2E9515,
3C82C31B,
3DFC3B9E,
BA837B58,
BE0581C5,
3E11E629,
3D90F0FE,
3D88FB39,
3CD2C7B5,
BDD408EE,
3E112DED,
3CBDC8C5,
3DAA8D05,
BDA826FA,
BE2E5F82,
3D7B26CD,
3DAD670A,
3E668C10,
BD40A2B5,
3C1A1AF8,
BE2C2159,
BE821EE4,
3C4FC260,
3D83DE49,
BDB799F4,
3DA9AF5C,
3D8E5A63,
3DFDB990,
3DA062AA,
BD8708ED,
3E6838BB,
BC598326,
3DA59E6E,
3D663F0D,
3E023C28,
B928AA96,
3DC0AA9E,
BE432443,
BE095BC4,
BCAB7F71,
BD74F289,
BD8B7E68,
3D3FF76C,
BD9B5745,
BD82AADC,
BE430479,
BE81D4CF,
BCAA03B0,
3E42C2F0,
3CCFC2ED,
3DA13D8C,
3D08C830,
3DBA39C0,
BDEB3E07,
3DD599C4,
BD686A0E,
3DD2B795,
BD8F5139,
BC15174F,
BDCF7E59,
BD1C4E26,
3E35D752,
3E6648B2,
3D97683D,
3D65E484,
BD388C73,
3D8F9DE4,
3DBDDADC,
BDFBD3CF,
BBAFE06E,
3C3A3D02,
BD0AD2BE,
3DD21E95,
BD3EE4B1,
3E467E32,
3D0B33DA,
3E11C987,
BDF6884C,
3EA8677A,
BC4A3554,
BBD18E47,
BD0E2646,
BCE9F2D4,
3E571DFB,
BE1AD704,
BEB462E2,
3E420AB6,
BE1E4FF9,
3DB4B03F,
BE0BB68B,
BD817753,
BCF29B72,
3DE8A3C2,
3DCA2862,
3BB64D85,
3E63F8BB,
3E2F2BB2,
BDBB5A9D,
BD35FA0F,
3DE53617,
BD9918D0,
BCE9F758,
BE42C26D,
3DC192E4,
BCCBCE94,
3E518630,
BE439213,
3DAC9746,
3E89900F,
BE46288D,
BDAE07E3,
BE0A4D3C,
BD7F1AAD,
BE4C8F6B,
BCBF027D,
3E0746C1,
BD11155E,
BD68201A,
BDBA0438,
BC74C0F9,
BC2EB2E0,
3E5E018E,
BC154A11,
BDD0178E,
3DA752AE,
BD0B99CF,
3E23A307,
BE3D0F23,
BD5E3412,
BC20726A,
BD417E2A,
3D7DEB33,
BE2D9A38,
BD8EBA04,
BB81EC0C,
3DD303B1,
BD1E4E8D,
3CA8E5D2,
BD823EC1,
3E225E43,
BCEBC69B,
3D92A193,
3C43E22D,
3D804E5D,
3E32E0B1,
3CC36DFD,
3E417919,
3CC2417C,
BD9CD415,
BD5769F2,
3D24DC56,
BCAF1AA8,
BD07EED3,
3D5735E7,
3D3E5D39,
BD8288DC,
BD38C4F2,
BD11D186,
3C528C41,
3D6A1C86,
3BC67DF7,
BE14FA20,
BE428C65,
3D51CC2A,
3A9E628D,
3C3FD15C,
3C7309CA,
BB71DFE7,
3D1D58AD,
3CCFD664,
3CE13FA2,
3D88997F,
BE17712D,
3DC7DFDB,
3C2499C0,
BB7E41C5,
BC6D127E,
BDA30957,
BA1085AD,
3D180606,
BD15A6EE,
BC898CB4,
3E167237,
BD50BECB,
BDF58DA1,
BDC5AF2E,
BD5A867A,
3DB32B87,
BE4DCFC0,
3E552C80,
3E2165E9,
BE1A2B75,
3E50DD2D,
BC89F25D,
3D6DAB40,
3CE63143,
3D1BDBFD,
3D79EC95,
3DBD48F4,
BD2A241F,
3DC6530E,
BC0EFA80,
3BEB630A,
3E2F0A33,
3DC5E333,
BD87CA3B,
3E07BBBB,
3DB22DAF,
BCC2B1AE,
3CAC0A66,
3DB627B8,
BD42F283,
3D5FBCE3,
3D75057C,
3E0DC29F,
3DA4AA84,
3D90695C,
3DC094C4,
3BB004F8,
BE31EB59,
BDAA46A7,
BD9618BB,
3D6BCC30,
3DA50A36,
3E2E778B,
3DF2E17B,
3D95930A,
BD13A9C3,
3CC2B78C,
3D99F5B0,
3E6ADB53,
BD306F89,
BCD428B2,
BCDA83AF,
BDEA3F8D,
3D8F8E2A,
3E09B66A,
3D2D0C32,
3D55CA42,
BE2C3509,
3D59DEF2,
BDCCB575,
3DEF234D,
BDB37719,
3E19A25E,
BD952680,
BC4D2A0C,
BDD41719,
3CADCACF,
BDC731DB,
3CB3B03B,
BDB5E1C1,
3CB694B2,
3D845FAF,
BE0251D4,
BD9D9822,
BE55D69C,
BD83AF2D,
3DAD6F61,
BD1930D5,
BDB93C63,
3BF01757,
BC958736,
3E10F24B,
3D1BC36F,
3A866509,
BC186E7E,
3CE1B2E2,
3D4C2435,
BD880119,
BE0D790E,
3C7539E2,
3DBA4B75,
BD8CEDC4,
3D1A1536,
3CE0A5E2,
3D5A4501,
3D6CA5DB,
3D78C268,
3DB0720D,
BD5559AD,
BCE11DE1,
BD371770,
BD72032F,
BD44957E,
3E19A24A,
3D6BC993,
BD96B8A2,
BD805D16,
BD9C6BF3,
3D19095C,
3D0C1024,
3D5BA5AA,
BE128665,
BDD37993,
BBD2CCEC,
3DE3CFFB,
BD49EF59,
3D8BAC00,
3D87F709,
BE096CA8,
3DA8A8F6,
3CF743CA,
BD5071D4,
BDBD377D,
3B200B79,
BC4A3E5D,
3DE23F28,
BDC626B1,
3CCE8576,
BCA5565F,
3D2BA03E,
3D55E23D,
3E02855B,
3D7C3AB8,
BC0B9547,
BE5CBDD2,
BC9C969C,
3E20D9F7,
3DCDF99C,
BD98D4C8,
BDFCA8C7,
BD5E9B28,
3DC54102,
3E3A5213,
BD801A91,
BD89835E,
BB120672,
3D3EAC17,
3D13338B,
BD051799,
BD2E0456,
BDAB0EF3,
3DC2A784,
3DA8797E,
3E1F6131,
3B235827,
BD8DA21D,
BD5263CC,
BD8B83E2,
BDEF34CE,
BDB5FB25,
3E08B2E0,
3D0E127F,
3E4AB3FC,
3E044B6A,
3DADC177,
BDE6EB1A,
BDB702E8,
39955736,
BD970028,
3C406514,
B996BB46,
BD7BBDCE,
3D1D283C,
3D36B5D7,
3D2FFF5A,
3E0B9E6E,
BD087356,
3C618FB5,
BDB5A044,
3DD498C1,
BD8F9DF9,
3CC93E7E,
BB9F59E1,
BCA74CE1,
BE17BE13,
3E15B2A7,
3C2D692B,
BB434D12,
BD4D97B6,
3D277963,
3E0354D3,
3D9EA0DF,
BD7D87E9,
BE36D1BB,
BD844234,
3DCECEE7,
BD893BCE,
3D2DE36E,
3E361270,
3D20B260,
3D5B6BEA,
BCDDE0D0,
BCF58D85,
BCC1B658,
BC641E6A,
3D711E2F,
BE281425,
3DBB960C,
3E43F886,
3E5F9A4D,
BC94E7B6,
3E155A20,
3CCA3097,
3D6146F8,
BD599941,
BDB707A3,
3D1B0773,
BB11291F,
3E1FB727,
3D899904,
BD13FA17,
BC2B0E4E,
BDA8044B,
BE0C2307,
BD3CB9A0,
BD730DF9,
3BC466D9,
BC156A5F,
3C3B99CF,
3DD9955A,
3D204B31,
BC014AFA,
3D974C2B,
BDFECBBB,
BC7567A6,
BE15961F,
BD58AD8C,
3E39D209,
3E160A85,
BDB9A53D,
BCDD2816,
BD088381,
BDCF6D92,
BE092910,
BD3F16E6,
BD9DFB09,
BD8D39F5,
BC2C0FC7,
BCA9C70B,
BCA712F3,
BC05F4B7,
BDBBB2C2,
BB821E98,
3E3BA48D,
BE0D4D58,
3C67C2B5,
BCF16D42,
BE310918,
3D8F67CF,
BCD86C89,
BC56EF0F,
3DB6907D,
BC1E4507,
3D8A27EA,
3DDCB163,
3DF96227,
3D30B26F,
BD95342E,
BDBF9E69,
BBFF6941,
BD7DCCD8,
BD673029,
3DA3A012,
BDB55FB6,
3D841FB4,
3D5FE27C,
BD8F0B38,
3D73193E,
3E16EAEB,
BDCDF99A,
3E2A002C,
3D105321,
BE072ED2,
3D65086B,
BD0E93A2,
BDDCF56D,
BE5DA347,
3CA97E74,
3E46023B,
BDE48455,
BD0FF9BF,
BC846070,
3E39ACA9,
BDE59059,
BDE1FD88,
3CE00671,
3D9BEAAD,
3DA291C8,
3BDAC5D1,
BD98B3AC,
3E4741FA,
BDC40196,
BE10F982,
3E45939D,
BDFFBA41,
BDB796B3,
3DA09080,
3DF8A3B7,
BDB0CD9B,
3D899C03,
3E1243DC,
BE5450B5,
3D4C5924,
BE3FE96A,
BDB469BD,
BC96720A,
3E028623,
3D4A5EAD,
3D98E579,
BDA4195F,
3D1B16A7,
3E50DFFC,
BCBEF49D,
BC2C5B74,
3C3AA5B9,
BDD1AF85,
BD8BC576,
BD989CA1,
BE9D3FE8,
BDB61306,
BC6924D1,
BE090386,
3CE8FEB7,
BE1C1D3E,
3DDBF45F,
3E078E2E,
BE2E6517,
3D85CF43,
BD8BE6E4,
BE7ABCE1,
BCB99708,
3E30C480,
BE3DF9BC,
BD920413,
BE043987,
3D3F1A6E,
BE886A1A,
BDA63B9D,
BD9AC252,
BDF5561F,
3C3DC776,
3E17F2E3,
BC7F9B75,
3D893CBD,
BBF6A5A7,
3C74A2E4,
BDEAC732,
3E297FBF,
3C3455DE,
3DBE559B,
3B2DF9CA,
BD82C09B,
3D8D4852,
BC9E986F,
3E33A25F,
BD91BA8F,
BDFDC127,
BE28B722,
3C54A84D,
3CB0F645,
3E86EC70,
BE1C49DD,
3BB8D083,
3E04D77F,
3E591985,
BC5656C7,
3E72A06A,
BD261FCC,
3D4B22BF,
3CFD5D86,
3DF172B5,
3AC1C9D2,
3DA6955F,
3DA46084,
BE267DA8,
3DCFF369,
3DE0B4C2,
3E434B07,
3E384795,
BA9DB9EB,
3CD4AAE4,
BD4A55F1,
BE1A1490,
3D253A3C,
BE30AABB,
3D1FB969,
BE8FCF00,
BD07398B,
3CCA2F3A,
3D981C67,
3E162030,
3CE660FA,
BCCCA1D1,
BD49AA5F,
BD403C59,
BE08E218,
3CB4F3F3,
BC2C7A8C,
BC46D1EE,
3E0704E3,
3E7B2831,
BE334EFD,
BDB5A125,
3D39038D,
BE2BA8A5,
BAEA7A10,
BE3373CC,
BDBF1AFE,
BD4CF84C,
3D7E7087,
3DD82021,
BDBBE174,
BE150499,
3D6AFA36,
BD98A265,
BE0F6D24,
3E51B69C,
3D45088B,
BC49F621,
3E083946,
3DC95AA2,
BE1FA8AE,
BE23A791,
BCE39718,
3D96D277,
BDCDF296,
3E5F9A51,
BD3428CA,
BD54110A,
3E029E41,
BDB6D2D5,
3DF31F7D,
BD179145,
BDC64159,
BE05F9E7,
BD01EFB8,
3DD891AF,
BD834094,
3E4DC09C,
BD84F9F4,
BDFA8ADA,
BDF18987,
3B3C05DE,
3D236EBD,
BD29DEDF,
3D652F0A,
3C87FB6B,
3D82892B,
BCF9D707,
BE0B4AF1,
BB59A5C6,
BE05E704,
3CBA5479,
BB9BA472,
3DAB9ED8,
BA6A850C,
3D11BC2B,
BD69B089,
3D7BC0B0,
3B0ADB9F,
BDA322AD,
BD73AF8C,
3B821EB0,
BDC09A1A,
BCBB614C,
BD6E53C5,
BDAB7A39,
BE190D1F,
3E33CE25,
3DE090BF,
3D5A635F,
3CB27E31,
3CD3E86D,
BCF41E0D,
3CC5E19A,
BBF71EFE,
3E5DDE1C,
3C69B804,
3E154742,
3CA00153,
BAD0F166,
BD4BA8AB,
BDB88D6D,
3E13233F,
3C61A93B,
3D886E0B,
3D20AA4C,
3D31936A,
3E3631AA,
BDABC079,
BCD8EC27,
3E3A2F1E,
3E37795F,
3DE5F489,
BC09B743,
BD7B2A61,
BE706785,
BD8AE87F,
BE12ED97,
3DD6E6C9,
3E029F5B,
3D592DBD,
3D36272D,
BDE08A5F,
3DAC32D1,
3CF4C43C,
BC19591A,
3DA0CF74,
BDC59724,
BD2D58FC,
3CB50E2D,
BDC82985,
BE0ED088,
3BD8F8D7,
BC406853,
BD95F5A8,
3E3A7759,
BD8FB4B4,
3DC87E30,
3D9FB154,
BDA59A88,
3CC723F1,
BD819243,
BD0BE3F5,
3D582947,
3DDA3FA4,
BE23127E,
3DE2D52B,
3DC676D2,
BDDDD806,
3D734035,
BC11CBAC,
3AA5D999,
BD4396D8,
BDEEA94F,
3E1F9D27,
BD6A584C,
BCE8D1EC,
3E32E9B9,
BE1BCFB9,
BC40C0F1,
3DAFB3E6,
3D961A74,
3DE8211F,
3D4F6DE8,
BE29E1F8,
3CAA323E,
3E1BF00B,
3D1EF913,
3C341231,
3D0495D3,
BE0C3825,
BDD2336B,
BDD5B031,
3D5D76A3,
3D5816EF,
BD804A3A,
BDFB8BD9,
3C0C2C01,
BD13A415,
BE270D9B,
3CCBE8A0,
3D9D20A6,
3E30E0D4,
3DCE3DEA,
3D4749DA,
3CA46D8B,
3D30783C,
3D774F2C,
BC66FFC7,
BDA9FEA7,
BD04B438,
BD24A4DD,
BD88312B,
3D971FA7,
3DDFFA23,
BE11495E,
3CEA1079,
BDA8B3C2,
BDC71133,
BE845BF4,
3E8D63CA,
3E0E9283,
3E812B5C,
BDC20FF3,
BEAC4068,
BDADD893,
3D6D0545,
3DEA3FBB,
3D8CDB06,
BDE9053C,
3B72D74F,
3DE2267D,
BDB13E65,
3E7120FC,
3D6A182B,
BE054C77,
BDCB8023,
3DA1F2E3,
BE1C93DE,
3D02E24B,
BDA97BE2,
BD1AB8D5,
3BE381F4,
BEC4025F,
BD9589DE,
3D8DB4BA,
BDDDB0A4,
BE10F271,
BDA8F1A7,
BE214BED,
BDD7CF36,
BDA3FFD0,
BD3A5E21,
3A137EF7,
BDA08A54,
BE6C7DDB,
BD00015E,
3CA24940,
BDC41994,
3E4933D5,
BE1B9C07,
BE6F7B27,
3D1EF7B9,
3E112248,
3D594C21,
BCB6CF30,
3CF7F33B,
3CDACCCA,
BDC9DDBF,
3DD370EA,
3E1068CA,
BDC20588,
3E8A2762,
3DDE6A4D,
3D396F55,
3E0D7361,
3E9C4295,
3D980B0E,
3D01DE60,
3E3B61E4,
3E1FD376,
3DFD7D4B,
3DA855CA,
BC8F1E69,
BD5A664F,
BCDF0AC2,
3DE43ECF,
BE1CE17D,
3D4318AA,
3E3FB394,
3E3E6CF8,
3DDDE58C,
3E0857F7,
3E0B4F70,
BD8F53A6,
3D59CF7E,
BDB08EF5,
3D5B5AC0,
3E81D6E1,
BE3FB4EC,
3C5818C9,
3D859D09,
BDF1CB66,
BDEDBF87,
BE3A9871,
BE8BEE70,
BE279D44,
3D794F21,
BDA9DD00,
BD8C4A5C,
BE831745,
3DC39073,
3C686C2F,
BE8EEA8B,
3D28D2C8,
3E70A66D,
BE3834A5,
3E00FFF6,
3D73D231,
BD400127,
BD4A404C,
BDEAC8FE,
3D12EEE7,
3E96FE18,
BD3C2908,
BD2F56AD,
3E1CCD39,
BDA44916,
BD23A608,
3D929EB5,
BD0DA6EC,
3DA1FDEB,
BD5E9FC7,
3D3BA62C,
BD19CD05,
3D8F25E6,
BDC19FA1,
3D9CA9D2,
3D55211F,
BE262353,
BD03BEA7,
BDE53BF4,
3E659764,
BE019EE5,
3E34F39C,
3C3DEBE6,
3DE99ECD,
3DB26B80,
BE0352FA,
3DBA613E,
BDAF5A2A,
BD7E6FB4,
3C132CB9,
BE31F78D,
BE366C53,
3D7BD00C,
3CC696C7,
BDC4985C,
3D873BB9,
3D943DC5,
BDCBE59D,
BDBFC90A,
3E21C38F,
BE2C7E0E,
3DECF41C,
3D59453C,
BDEC8A30,
3CAFE420,
3B8BD5C5,
3DBE87DF,
3CBD07FC,
3CEAE752,
3DF2399E,
BD0B411D,
3CE8DBB0,
3C98A995,
3E06A405,
BD2303EE,
3DBC9BD9,
3D7390E3,
BE9079A9,
3D927506,
BE699ACB,
3DE65854,
3E4A36D3,
BDF4A673,
3D93785B,
3D56C897,
3CDC8F6C,
3D2B169F,
3D13BAED,
BDC96B18,
BCCECB6D,
3DA6D6B3,
BE17F64D,
BE3131B8,
3C2DC839,
3CF3AE46,
3E1C09D9,
BD98C0CD,
BDF2361E,
3E86F1C6,
3D81891F,
BC1EE11F,
BD55D86C,
3E167DF4,
BD9827F8,
3DA3ED99,
BDDE3693,
3E1AA4E3,
BE21DCE7,
BCE6488F,
3DB75524,
BDA37149,
BE11A5F4,
3D81AFDE,
3E03748B,
BC6D5CA0,
3D75EEF9,
BDF744D0,
BD8D6B43,
BE086D6A,
3DE4DD9B,
BE17DF96,
3DB51099,
BDC52FE1,
3DB822D1,
3DEB0DAC,
3DC876A0,
BE826812,
3E22336D,
3DC66F96,
3DAF0585,
BDC4522A,
3DCAD4D8,
BD725924,
BDD98F17,
BE0B113F,
3C79AC66,
BE0787D0,
3E824F25,
3D4E2089,
3D1688B1,
BE1D8400,
3D0365EC,
BCA3B1F2,
3E0B7264,
BD089659,
BCC50F4F,
3CAF0B44,
3C57A8B1,
BD6BB8A3,
3C1014FF,
3DB1E589,
BDC2E4AC,
3C455EA5,
BE6C0DFC,
3DBD393E,
BBEC04B8,
3D6BC936,
3C878819,
BD837BFA,
BDA3915A,
BD4A60C1,
BE68D7A7,
BC982969,
BD99B50E,
BE33F296,
3C9C1BF1,
3DF1CBEE,
3D5A7702,
3D82FDC5,
BE1898A2,
BDD214FD,
3D64FB97,
BD227661,
3E43527D,
3D176D73,
3D481BEE,
3E02247F,
BE78F775,
3DB3DCA7,
BE39593D,
BC7200B5,
BDB46B47,
3DCB387B,
3CA05C3D,
BE571E77,
BDB72831,
3CAB4FEB,
3B46122E,
3DD12C2E,
3DA9E303,
3D18740F,
BDF5DF40,
3DC4853B,
BDE3F203,
BBDD88C4,
3D46D371,
3D44CD94,
BD8E9AA7,
3DF6FF01,
3DCF3079,
3B495251,
BCAD3520,
3D249C23,
3CE2A1A3,
BD796D5C,
3E2C2C43,
BD61B024,
3D732A3A,
3BD6C943,
3CCA8E6D,
3D598B0B,
BD61E626,
3E545886,
3E0496CC,
BCBB6044,
3C969DD6,
3E127368,
3CB6BFB8,
BE0D3E8B,
BB1A8C12,
3CB3EC6E,
BD76C8CB,
BD899890,
BD06168A,
BDA71903,
3E65E66B,
3E01FC62,
3DC70E22,
3E34ED8B,
3C4C3F03,
3DAA1D64,
BC0E8FF0,
3DD62DCF,
BD50BF9A,
3BB7B171,
BE099C14,
BE031B3C,
BDE9B598,
BDF7ECC7,
3DD54D89,
BE1CAFC5,
3D37FFAA,
BD820527,
BCB718AC,
BCCFF24D,
3B9C77CF,
3D8DAC00,
BDAD0B67,
3DDD791B,
BE2BDA77,
3DE0597A,
BDB61762,
3BEDBB8F,
3E5E53B4,
BD8BDBDE,
3DA2880F,
3E02F343,
BDDDF3F1,
BDB60CE4,
BE62FA1C,
3E46B166,
BDE5742D,
BD82B922,
BE8734E7,
3E2ABB39,
3E14A0DE,
BE8DDC09,
BCEE51B2,
3E71DCF6,
BD754811,
3E232480,
BD8DD7FB,
3C03C9C5,
BB7E7E98,
3DC9702D,
3BEB89D6,
BC9F9AD3,
3D06CE30,
3D6D3BF6,
3DECEC90,
BDD4F062,
3DC6C169,
3D4F2138,
3D82B643,
3D450F1F,
BD87DC42,
BBDF2808,
3E860E00,
3CC5714C,
BDDE5E72,
BDCFE5AC,
BDB53555,
BE8EFCB0,
3E299D67,
BE29B6BE,
3E0BC7EC,
3E172B7C,
BE4AF368,
3DAAB5F1,
3DC7CB6C,
3EAE4728,
3E13DF3F,
BE744438,
BE62B639,
3CF3B589,
BE19AD31,
3D7AA570,
BE3BBFD3,
3D442A30,
BDCC5497,
3E8F8A86,
3D9917E0,
BF3FAE3A,
BE8714BF,
BE5AE920,
BE88A62C,
BE0A4066,
3EA587F5,
BCE4AA08,
3DD3A157,
3D8574F8,
3D91211D,
3C7C293B,
3E3784AA,
3E07C8B4,
3E55F5D2,
BECC61C4,
3C9E9FBF,
3DEAB6D6,
3DEB24C6,
3E4B1106,
BE83EB31,
BE9646C7,
3DC88250,
3C8C1C85,
3E099C63,
3E530726,
3DE1D449,
BC967373,
BD29CBAF,
3E2C6F16,
3E06C52C,
3E952416,
3C53BE57,
3EF31111,
3D19DF30,
BDD6AB49,
3E41547D,
3D9441C7,
BE3E6961,
BDF01E06,
3E469918,
3DF89812,
3D932166,
3DCC513F,
3DA9BC01,
3E541666,
BECB876C,
BE88FCFA,
3DC0B8E7,
BDC4C3A1,
3DCCA210,
BDD103BA,
3CB06533,
3DDF7742,
3E29FF58,
BC2C320A,
3CA19926,
BD686490,
3E64EF47,
BCEAE1FD,
BEB365E2,
BC637B33,
3CCED3CA,
3D40E5AC,
3D385696,
3D9EF8CC,
BDBAEBF8,
BE8FD590,
3A3A0193,
3E24BD49,
3E0A5DAF,
BE861C74,
BDBFB13A,
BC9B7C2D,
BD2FD401,
3D15A8A6,
BD4AF0F1,
3DF2D3A3,
3D497ED6,
3C9BFA1F,
BE74EA9C,
3DB8F9C6,
3E19E250,
BEE31D5A,
BDF088D2,
3E34853B,
BE608C91,
BC22CA7B,
3CE9B992,
3DBB9945,
BDE3AD90,
3E3E6F4E,
3E0B9219,
BE3EC87A,
3EB89051,
3E98705F,
3EB63A9D,
BDCB2D2B,
BDB3AD21,
BDBBC7A1,
BE4CA83B,
BE11DB8F,
BD92F6EF,
BD912A58,
BDB8532E,
BDCAF951,
3C0B3FD2,
BDF9C7D3,
BDE30FA2,
398C4969,
3E058784,
3D24217B,
3D162169,
BE1B5FB9,
BC07CF76,
3D9F3E1C,
BC944B3B,
3DC28BD8,
3D5F5C1A,
3CD92310,
BD2C504C,
BD9442B4,
3E218CC5,
BCC004E5,
BD389902,
BE21ABB3,
3DAFE095,
BC09EA02,
BCC13596,
3DF09FE1,
3D879916,
BD7DE78D,
3D8FF675,
3D83E0A0,
BDEA373C,
3D5DB6B9,
BD78A526,
BDB433F1,
3D049EDF,
3D9450D4,
3DFAEA75,
3DADAE07,
BD00B126,
BD7EA012,
BD1E4120,
3D12332A,
3DF1A1B7,
3D0E1209,
BD3F72F7,
3DF06B94,
BE498BBB,
BB8D32F7,
3D5FA0A2,
3E6FFB72,
3DB5A630,
3BDAD66C,
3D8C6A7F,
BD116461,
3D21F6D7,
BCBA8849,
3D747509,
BC73CD77,
BD9BD683,
3DAB1E7C,
BC1EDC8E,
BE3D9492,
BDB10A25,
3E1769A8,
BC736AB0,
BE14DAFC,
BDBF6369,
3C1809E3,
BDA2A89E,
3C7032B9,
BDF24277,
BC7736AB,
BE0C7A1E,
3DF9C52B,
BD94E211,
BD40431E,
3D744080,
BC97659C,
BC26010B,
BD13CF6D,
3D3DC95A,
3DC1B212,
BC302FC8,
BD9A4B0B,
BCFA333A,
3CA0ED99,
3DA4B1EA,
BC597626,
BDD0AD75,
3AEFE62C,
3D161550,
3C99CFF5,
BD5074A0,
3D55D969,
BDE91E09,
BD98770F,
BCE3B7E1,
3D0AD96D,
3E5D2CFA,
3C552971,
BDE6F3F0,
BD816F2F,
BD43DFCA,
3D16D203,
3CCE6A74,
3D492826,
BDED2EC0,
3D9DFE64,
3CFE4DE9,
BE4B1DF1,
BCAD563D,
BD87DF0C,
3D900EC2,
BD5CF1AA,
3D587D65,
3C76B694,
BD17CA59,
3D5E4C6C,
3C3A2E2A,
3D87ED88,
3D12335C,
BD063640,
BD58DCCD,
3D47D3BC,
BDCAF306,
3D6B5B6A,
BD95B16C,
3DCB9597,
3D37F9EE,
BC9556D4,
BE5F4111,
BE03C98F,
3D854C2C,
BE6FA0E5,
BDA285DD,
3BC4D650,
BBFDB1C8,
3E9F96BD,
BCA2132E,
3D0D8B62,
BD7319B2,
3DC36FAD,
BBD27D51,
BDDA3C01,
BC459EEA,
3DA953D4,
BE1F6A1A,
3DCE1F01,
BBF9422E,
BD82C931,
3D843E06,
BDCE1868,
BCF33A85,
BEF7E92E,
BE0FEDD5,
BE50EA15,
BE03CBD6,
3DC843AC,
3DC42D3F,
BD64C5F5,
3CD49AE3,
3D9E183A,
BDC2D45E,
BDAE286C,
3DA05EDA,
3E035A32,
3CDE18ED,
BE1BF921,
BD0D00A4,
3E2E8082,
3D18193C,
3DBD76E8,
BD48A20B,
3D36F2D7,
3DFD8CF3,
3DE784EC,
3CA1BAC9,
3E751F89,
BD82C9B6,
3D22ED63,
3E6288A6,
3E664C0F,
3E4D5A9B,
BCBFFBAA,
BDAC94FC,
BCBCC5B1,
BD862FA5,
3D94C90F,
3D6D43D4,
3E91B398,
BD1C4FD2,
BD5EB778,
3D5CD60F,
BCB6AA1B,
3DDA0CCE,
3D9E7F91,
BDD590EF,
3BAC8E90,
BE052E10,
BD9A6F7B,
3D4D7620,
BDAFE7F1,
3E85BB5E,
BE6C0384,
3C6915D8,
3DB06F0D,
BE85062A,
3DC13AEF,
3E34EDDE,
BE3F3BB2,
BDA8C257,
BE3E05E2,
BE8AC894,
BE26CE22,
3DF7D9F3,
BDE7CCFB,
3C762E23,
3DFE4AA4,
BE676CF6,
3D5AC010,
3E2E1FFA,
BE51E27E,
3D24AB90,
BE718A70,
3DCA068D,
3DBA0C00,
3CBD8C2B,
3DDB7E75,
BD5A57ED,
3EAE90A1,
3B6DE487,
BDC83F2F,
BE8EED69,
BB92E8EF,
BCD4EE2D,
BDC467A4,
3DA86FAF,
3CB4C6C9,
BDC1BA01,
3E0D2B77,
BE0E4ACC,
3CAB4087,
BDEA790B,
3E07FFF4,
3DFB1B11,
3D0180AB,
3DBD79C3,
BDD4F44B,
BCCE269B,
BAAB8538,
3CAC2894,
BD2DFA85,
3E23D9A8,
BD6E1787,
BDB72232,
3DB94CD4,
3D734ADE,
BD7487F8,
3CA3F34F,
399D7F25,
BD1C129D,
BC6378F4,
3DF0BD14,
3D26516A,
BBABE9C7,
3D3A957B,
3D951289,
BCB15491,
BE4FFFD8,
3D3B2732,
BD5FF1AF,
BE62B052,
BDF5E557,
BDF7A7C6,
3CBDC409,
3C98F843,
BBF9FB73,
BE29B62E,
BDC9340A,
BD0BF35F,
BD453AF3,
BE2D1350,
BE0C2065,
3D275DC9,
BD034961,
3DF11C9C,
3E433F68,
BD34AD7E,
BD986E25,
3E5CE30C,
3D5CEF9F,
3D1F9F54,
3D8C7EE3,
3E239043,
BBEE7F5D,
3D198449,
BDE436CB,
3D817504,
BC89472B,
3A842A44,
3D9B0890,
3D2B5EF0,
3E17548E,
3E50EABC,
BD90F310,
3DC8565A,
3D4689D6,
BDB96E0F,
BDA7B272,
3E1E4C60,
3D5CB779,
3D904FDD,
BD9AF548,
3CB8959A,
3D2032DD,
BD77460D,
BD7F4976,
BDA581E4,
BDEFE641,
BD149039,
BE1B2FE0,
BE1E0D3A,
BE294CF7,
3DB38D6F,
BC8E1BA9,
BDB39C2E,
BC69E4B6,
BE099704,
BE006E65,
BDD39602,
3E0B7F45,
3D3802C8,
BB1F4EB1,
BC81E53D,
3CB8DF38,
3D235F4C,
3E01FBCD,
3D3675C2,
BDD0919E,
BE9393BE,
BDDDC626,
BDB4FFB0,
3DC009BE,
BE1EED0D,
BD27B498,
3DA212DB,
3D3376D3,
3D72E407,
3D179FB8,
3DEF59AC,
3D50C19A,
BDE80E82,
3D4829C0,
3DDD77D2,
3C9478A0,
BD231986,
BDD15BEC,
BD94ED9B,
BC704504,
3CE0C40F,
3D3624B6,
3D39F55F,
BBA56B29,
3D034554,
3D416FAC,
3CB5319F,
BC108568,
BD2B417D,
3CE7A4C1,
BD7EF261,
BE211611,
39E86186,
3DA6C3BA,
BE068B75,
BD836B3E,
BD8FBCE7,
BDF29A0C,
3CD6C7D6,
3D0BA34A,
3DDEF2AB,
BD36E3F8,
BD2A14B1,
BDAB82BA,
BDF90458,
3D9F6377,
3DA9F58A,
3D7AC375,
BD1FC680,
BC2CFC1C,
3DFD081B,
3D5911BB,
3DEF6ED2,
BE8A925C,
3C64CD40,
3DF3F732,
3D951A19,
BE076401,
3C150B57,
3DD8D03B,
BC5E0328,
3E6A18BA,
BC224AD3,
BC8D0B68,
3E2A7296,
BC5422A7,
3D884438,
BD8B58CA,
BE689DC7,
BDE40809,
3D26E1C3,
3DF9ECE7,
BBC5B50C,
3DFEEB3C,
3D48A70D,
BE3AE8C0,
BD0E2487,
3C1CAD9F,
3D5F82B4,
BDAE4056,
3DA9FD78,
BDAB83E8,
BD170423,
3D1260A8,
3E37EB7D,
3D790BE0,
BE305C91,
3D13047A,
BCFED342,
3CA2DA0A,
3DB4AFE0,
BD211334,
3E28B6E8,
3E1E8279,
BDB5CA28,
3DA2E06C,
BD364C2D,
BD90C4D5,
BD2A6F6C,
3CA2523C,
BE3BD3DF,
BDA10D1E,
BDE6D866,
BCBEDC8D,
3E1A98AA,
BE20FACF,
3E7B041F,
BE318C98,
3DC36CCD,
BD5B5A84,
BC68BB54,
3D96E304,
3D9EACE8,
BDA31C40,
BD4D9955,
3E7893CF,
3DB01DFB,
BC6242C2,
3EB33EA6,
BCEAF4DA,
BC11C76D,
3DA5168D,
BDFCFBAA,
BD7DD5A9,
3D83BC4F,
3D49561A,
BB9105DD,
BB970EF6,
3E0843C6,
3CD1F9D7,
BD2D898C,
3C92EB94,
3E02E317,
BBAA8A27,
BD60D2F5,
BD7DB89E,
3C9B5E41,
3E5A1816,
BDAA37C3,
BE9E8D9F,
3CE0E260,
3D24B36D,
3BC6B194,
BCADCDC8,
BE0C4B09,
BE507514,
3DBE589C,
BC9F76F8,
BDBE31EB,
3E308EE8,
BD9A143F,
3E28ED02,
BDA149EF,
3DC70846,
3E50A652,
3C09A558,
BD88B6D2,
3DCD4A54,
BDDEE1D5,
3E473500,
BE383C32,
3DDEA191,
3E2D0C92,
BE44AC7D,
BE003A9A,
BD990CAD,
BD8C0089,
3D1164A3,
3DC5AE70,
BC6EEC50,
BDB89CCE,
BDB1375B,
BCBC4F0E,
BDA0854B,
BDBBC1DD,
3E278478,
3D7B736C,
BC88D58B,
3DE71F2D,
BE13B250,
3EACDF86,
3DBF3A0A,
BB85D8D8,
3E171478,
3D88EF88,
3C7A8AEE,
3D46D48C,
BD179795,
3CF6EE51,
3D3341D0,
BD9C5790,
3DBDBD6D,
BD5700B6,
3D8E3025,
3E28EC13,
3D36D3C1,
BC63F27D,
3D953DC5,
3DC10835,
BCE2E40E,
3E2D14F7,
BCCFD982,
BE8036FB,
BE4998C1,
BD1F8BE6,
BD17139E,
BDCED5C2,
BD35EBAD,
3DDFD110,
BDB57D54,
3E3961E9,
BD974629,
BCE7D18E,
BD94C410,
BE56EF2D,
3C5EF360,
3DF1D3CA,
3EB345DA,
BCE1633B,
BD045730,
BDE34A08,
BE2E64A1,
BE9FB57B,
BDCE7F3E,
BC750168,
BDBD07C0,
BD8468C1,
3E091C5D,
BDC48889,
BDB57C88,
3D722519,
BDD50092,
3C9B1596,
3DFABF31,
BD39B7C3,
BDD8EE7B,
3E808A62,
3B8DC091,
BE911CF8,
3D86CF1E,
3CE4D0FB,
3D5EFF45,
BDEAA312,
3D8991DA,
BD8E7A9D,
BE546146,
3E84901A,
3DDDC6A5,
3E4D51B7,
3D6C51FE,
3D3AD8BF,
3E11E80F,
BE384B5C,
3D1B83B2,
3CE8AB6C,
BCE6E630,
BE01D9FB,
3E4B6EFA,
3DFE6B66,
BC8CBFFD,
BDA8C659,
3C92B7D5,
3D399D10,
3E12C151,
BE46E632,
3D7EA219,
3E473C77,
BB7134B1,
3DE3E2CF,
3DE7F717,
BD97C24B,
BDC8F640,
3D00B048,
BE1BF50A,
BD89A9C8,
3D30355A,
3E27969D,
BD6C5EA3,
BE4DAA91,
3C832076,
3E47DEFF,
BE089DD3,
BD19F5DA,
BE24204B,
3E2A2642,
3DCEBE7D,
3D0C383D,
3DB3E73D,
BE49E469,
BD72EE3E,
3E147EEE,
BD88FF53,
3E0F1D95,
BE9138AC,
3E887269,
BE26331A,
3E201B45,
BDAB93AB,
BD0FF371,
3D2884C6,
3D76F4A6,
3D0ABF3D,
3D2D7592,
BDC28F46,
BDAA556F,
BD640A86,
3BEBF410,
3E451780,
BD092693,
3D07089D,
3B6CEFA2,
BE5DDFAE,
BD433856,
BE11F213,
3D4B558B,
3BDBD2DF,
3E00C7E9,
BDFFB695,
BD52A4D4,
3C7EAE66,
BB26E2E4,
BE3BCA40,
BE43BB1A,
BD1328E8,
BDD87CB2,
BDD5B1CC,
BDF0438D,
BD2412C7,
BDD6A8AD,
BD7E7A04,
3DC6B0C8,
3E6234B8,
3CA55C72,
3CF1ECEA,
3E453CC3,
BDA41322,
BCF28692,
3D8B5AFA,
3D5C29E8,
3E10D860,
BDD818AB,
BD091364,
3C357EFC,
BDEDA7CC,
BD8F0A1E,
3CCAA981,
BD57263E,
3D6D160F,
3CF90AE9,
BDADE198,
3CE65299,
3CB68C31,
3DA4C7B5,
3CE29DD3,
3D422ADB,
BAE1DC92,
3D96CEAB,
3D2CB5BB,
BE796667,
3DA19780,
3C7807AB,
3D7D8F09,
3D9C03BE,
3D0EA3AC,
BD89ED1E,
BD2402A2,
3D64BA56,
3DA03A84,
3E2AE161,
BD24C164,
BBB5C702,
3BAD9F98,
BE681C62,
BD091367,
BE1E73D1,
3E2CC0FD,
BE14173F,
BDCED8CA,
3D5A437D,
3D67929A,
BD9CD0D1,
3B9A8257,
3D949CD0,
3CFDE62F,
BE4AAE82,
BE08C055,
BDACCD85,
BD2C61CA,
BDE5EB9B,
3DD896C4,
3D5CB042,
BE05679C,
3B27A864,
BE02F08F,
BE329A5F,
BCBBF158,
BD98C12F,
3C6EA30F,
3DA9CEEA,
BBA55343,
3E2D2B3D,
BD923CEF,
3D9003A7,
BDB0C46B,
3AA190D9,
3DC23645,
BD32F3B0,
BDC4A02D,
3E29781D,
3D79C3A7,
3D8F951F,
BDA6E08A,
BE1437CD,
3DB2712A,
BCA3F069,
BD4B92FD,
3D2A5EED,
BB7D08CA,
BC75FA13,
BDC2704E,
3D3BA848,
3E243DDF,
BD92E5A0,
BB41F364,
3B6063DB,
3C8ED9EF,
3CBBE424,
BD309156,
3D433B4E,
BC9C4655,
3AB912B4,
3E3678EF,
3BD85CEF,
3CEADECB,
3D8F6FD6,
BCB03B7F,
3DC352C7,
BDE2A022,
3D690F46,
BD1B1844,
3C1DA7BF,
BD873B00,
BDB6F874,
3D50A1A6,
3DF29E18,
BD4A976F,
BDBBD0DA,
3B1C064D,
3DF23F1F,
3DFE2DE1,
BD1E0E5C,
3C1BE866,
BD544F4A,
3D9CA1AE,
3DB40E68,
BE3C0CC6,
BC44000D,
BB3D7B16,
3B9B8E00,
BE8A2942,
BE109E30,
3D753691,
3B9C5EAC,
3C8E8A5B,
BC8CDC23,
BDE0D943,
3E6149E9,
3D1ED3C3,
BDBF1489,
3CE2CA9C,
3C9A9944,
3CACE8FF,
3BD96C83,
3C41AE04,
3DF398E8,
BD4AC987,
BDE90439,
BE1ACE28,
3DCDDCF1,
3E020126,
BD77CA2A,
BE1B3AB0,
BE51F072,
3CA4379E,
BE42B520,
3D42909C,
3E0A994A,
3D8668C2,
3D91FE1B,
BD8F4808,
BE04A985,
3E29CF8E,
3D1C1468,
3E07D830,
3D5D3476,
BDAC730F,
3C480B34,
BD794C39,
BCDFC23B,
3D487212,
3DE2F7FB,
3D95EFEF,
3D71FE9D,
BD87F4D0,
3E62F01B,
BCCF2B23,
BE3E253A,
BDCFD29C,
BE302629,
BD24589F,
BCFBD185,
BD860AF8,
3CFE24A7,
BDE8E033,
3DB409B2,
3C8F5E98,
3E8A7D44,
BD852845,
3CA77482,
BAC16465,
3C3C27E5,
3DA46EC0,
3DBF261D,
BDF9FA01,
BCEB7271,
BC75782A,
3D3CEF65,
3DC01FE8,
BE00E689,
BDCFF4AB,
BDA01D8B,
BD77D9B8,
BE408B45,
3CAB8D5D,
3D966580,
BE519819,
BC7009BF,
BDBB5C1B,
BE42CDA4,
BD8A45F1,
BEBFC9AF,
3C139464,
BDA85D0A,
3DBCD4F6,
BE6754D7,
3C795E1D,
3E34B3C2,
BDD6BB8A,
BD7204A8,
BEB0452C,
3DD926A9,
BD76B775,
BDF58026,
3E188AA9,
3D75849E,
BDCFD964,
BD2652EF,
BD47DCE1,
BCAAB04F,
3C0FF6E3,
BD7E413C,
BDC22CFD,
BB7E860B,
BD9AF63B,
BCFEDC20,
3E275CDF,
3D473143,
BE08B876,
BB3D0C90,
3E00DD21,
BD319087,
BDDA4671,
3E321DC6,
BD4041D6,
BDAE4596,
BE0728B6,
BDCF134B,
BE11304A,
3D82ADD0,
BCED2588,
3CDEDA4D,
3D9D22F0,
3E1AB319,
3DA7B70E,
3DCE23B2,
BD9EC1B7,
BD577BE8,
3DE0BFA4,
3DDB895F,
BD4A0756,
BE185150,
BD9EF152,
BDEB67B7,
BDF49853,
BEA88672,
BDECF882,
BBEF75FD,
BD8B135F,
BD814D54,
BD6A706F,
3D1B8235,
BD426C64,
3CE1AEED,
BD2F9A95,
BDC3CD18,
BE57976C,
BE67A41A,
BE474845,
BDB6CCA1,
3E43CC03,
3B14C824,
3D07CB1B,
BE1D2DBA,
BDA8BEFA,
BCDAE444,
3D9BF034,
3D94DCF1,
BDE5D1E6,
3CB38F36,
BC8A3EAC,
BCE78D7D,
BD85C2E9,
BE0C9395,
3CC36F1C,
3DF51683,
BDCCCFF9,
3DF11204,
3D0D5FA0,
3DBF9516,
3CBC2689,
3B7724E4,
BDF7DEAE,
3B0C76C6,
3CEB10EC,
3DAE2E10,
3E506184,
BC80064F,
BD63AC48,
BD1E7690,
BCEF0164,
BCE9D581,
3E2105B3,
3DA0BA95,
BCFB0343,
3D5EF77A,
BD255DE0,
BD9D77D0,
3D73A37A,
BC883330,
3C68BB05,
BC2F81B8,
3D93B6CE,
3C9640DE,
3D1F882D,
3E4CBAB8,
BD088F00,
BDA69BEE,
3D461F64,
BDD7722F,
BD95864A,
BAA983D9,
BE0C5202,
3E1355C8,
3E1908F4,
BE20A51C,
3C831ED7,
3DF206AD,
3E173B9E,
3D1D7D3D,
3AB1391A,
3D067527,
3DE0A7BB,
BDB107FF,
3C3AD720,
3E28899F,
3DDC6A65,
3DE33615,
BA2BA877,
3D6D4E7D,
BD017CB0,
3D53D46D,
3E09CC7F,
3C7EF9DF,
BCC070A2,
BA477BD2,
BDA98B6A,
3D34E812,
3C35EAA5,
3D91AFB2,
BCA4D0B1,
BD40BF58,
3DE9ABB8,
BD92CDD6,
BD6B5918,
BE002056,
3D835762,
3D8AED2C,
B999DBD4,
BC932981,
3C170D6A,
3DBE6102,
3CBA17B9,
BDC2C6E3,
3D62E0B8,
BC9618F6,
3DE2BC83,
3DE2BADE,
3D8DE579,
BD5B2831,
3BC9FD8D,
BC8DFECE,
3C6D897B,
3D7A4997,
3C05BA4C,
BDB6B008,
BD88B5E2,
BD511F87,
BDF40A79,
BCF6109E,
3C99EED0,
B910AF90,
BDE9CA30,
3CC34223,
3DCAFB15,
BD1C82F8,
BBF1CA02,
BD2ADAE0,
BC0C23B2,
BDDE2111,
3C37BDD4,
BCF8CA74,
BE264148,
3C84E65C,
BDA42172,
3DA0BF71,
BD7CBB3C,
BDCB29AF,
BDEB3762,
BE01BD43,
3C8411B7,
BD323D32,
BB719ED3,
3E203D80,
BD8E0C4D,
BDC75F2F,
BC802ACC,
3D2188CB,
3DF0303E,
3D86AD5A,
BD8BABE2,
3D9E6BF8,
BC571E66,
3DCCE5A3,
BD44D511,
BDC659F8,
3DDA2A94,
BAB6CA6F,
BDA8FD32,
BCCFBADC,
BDF3BF08,
3CBD9350,
3CB5B425,
BCA2B9BC,
3E30A362,
BD933F30,
BCED2AA3,
3E2C83FE,
BCFE783B,
3E934455,
BDA9751B,
3DE49A95,
3C6B9356,
3DD7D005,
3DB67104,
BD064741,
BCF5F62B,
3C61ABE5,
3D6EE12F,
3D9DA1AA,
3D8DF5F6,
BD5DA3BC,
BD8449EE,
3D6A8322,
BBDC4B59,
BC0D552E,
BDB82134,
3D3E42CB,
3D202666,
3D1DCA8D,
3D92F0B3,
BD4939C1,
BD62D8C3,
3C4FC799,
3D37B7E8,
BD86EEEC,
3DD78179,
3D349145,
3D8CB8EE,
BD95A81B,
3E1CD2E1,
BDC6F89F,
3DBF7FBB,
3D9150AA,
BD768143,
BD726CCE,
3C5F9124,
3DC160D8,
BDD5FE94,
BD06C83B,
3DE4AA81,
3D12B322,
3D899171,
3C77ACAD,
3D5EB0C9,
BD870B5B,
3E86FF57,
BDDABBE8,
BD624E77,
3E3F45C3,
3DD3CEF2,
BCEC2B03,
BDCAE6FE,
BD67992F,
BE0868C3,
3DB4F14C,
BD873AA9,
BE6ADB2D,
3D1EB05D,
3E25DAE1,
3D8F286D,
3D0D69FD,
3C89B185,
BDA0CA7C,
3DC5C6AD,
BE1217F6,
BB468A4E,
BDC76DD2,
BD99433B,
3E44AB64,
3E426AA9,
3D944F8A,
3E60E13A,
3DC0A550,
BE318587,
BDCA804B,
BD306705,
3DCEEAE7,
3C00E6F1,
3BCA311A,
BDE7590C,
BD0396AF,
BDD959CB,
BCD06DF2,
BD2F926F,
BDB410EF,
BD98DBD1,
BCBDF906,
BD926C71,
3D605A51,
3DD996A6,
BD17CEEE,
3D8B293C,
BD9F6E4D,
3DABA8E0,
3DAB4449,
BDE769BC,
BDF931A6,
BDED7546,
BD9185C5,
3D957837,
3C9AEC02,
BC9BB02D,
BC85E411,
3D299A50,
3CE1F47F,
BC8E955E,
3D8DD6AE,
BCA7005A,
BD8F6574,
BD8B2547,
3D63F7F5,
3DAD6966,
3DBC64B8,
3DDC74DD,
3DEAE9CE,
BDC1D804,
3D8FAF7C,
BD9426D2,
3DAECC4B,
3D6D7F5E,
BCF02CBC,
BC716CB0,
3D6C451B,
3DE3F141,
3E18AA86,
BD2093F4,
3CB9C02B,
3C5B0AFC,
BC38D488,
BE066BE3,
BD1225CA,
3D9B7048,
BE118081,
3D90D0A7,
3D33D8F5,
BD4AF803,
3DED52A8,
BDDC67F5,
3DC867EA,
BC5AB8C7,
3D0A108F,
3DC8CCB8,
3DD5C636,
BE29BCA7,
BE1B9DC6,
3D1E8DCF,
3D993E6B,
3C79CBD0,
3D7D988D,
BDCBA388,
BC2DB52D,
BD4C455C,
3DAA6204,
3E43910B,
BCDAA5DB,
3C908A9B,
3CE89E71,
BB50FD81,
BD9EB28C,
3D3C067C,
3E13FE9A,
BE342957,
3E3667F5,
BE2F4C29,
3DC3FFBA,
BC4DDFE9,
3DBE266C,
3DC6FC15,
BD4D3E70,
3D7DCFDA,
BBBDD005,
3E432023,
BC64A628,
3D44DFF0,
BD7F7476,
3C30319D,
BD7A484E,
3DE6E234,
BE30AF55,
BC781E75,
BC6261C3,
BD5266C0,
3D534C6B,
3D81013B,
3CF72204,
BD9B3553,
BE13EB70,
3DA276BA,
BD9D2CE2,
3DBE0747,
BD1801E9,
BDC2C1FA,
BE0033E2,
BCC0089D,
BDBDD211,
3BA82400,
BE96F876,
3D167074,
BD8CC35A,
BC415D05,
3D07E616,
3D889247,
3E1838CF,
BD773FB0,
3D49FE47,
BAF2EFA6,
B99A2EC2,
BD21F6E4,
BD56C85B,
3EB3F912,
BD72E88B,
BDE917E7,
BC89E7DE,
3DC422A8,
BD5567ED,
BE97F716,
BE26F579,
3CE21D80,
3DCA73AC,
BD79BB34,
3D5DB79D,
3DEE5E7C,
BDD1A768,
BE7890E6,
3DD3BA73,
BD1BFA60,
3CDEC8C3,
BC447654,
BE12C7EB,
BBCA99EA,
3D91BBD7,
BDB614CC,
BE5212DA,
BD8E7A65,
3E0178F3,
3DD86C07,
3E644638,
3E1C8E5E,
3CD6C193,
3D1843A6,
BE26651F,
3D7361B0,
3D46789D,
3CEB5F6F,
BC932FE4,
3DE18A95,
BE79BA3A,
3D7BAEB2,
BEBA7B4B,
BD633F39,
3E0C5799,
3D8034BB,
3DDC9CDC,
BDA32E3E,
BE42DC6F,
BDC22F27,
BE15812A,
3E384AA2,
BE5E069C,
BE0860BC,
3D50812B,
BDDB3900,
3E27A147,
3DBE6C8A,
BE20A001,
BC247721,
BDD1A80E,
3BA52F84,
3DA6C408,
BD1A52FB,
BB404763,
BDF15152,
BD5CE8ED,
BDAF6D1E,
BE26D193,
3D21BBEB,
3E41BE68,
3D6B5F93,
3E448253,
3E4D1150,
BD28D813,
3D5ED530,
BE772C59,
3C818D98,
BDE3030E,
3D8903ED,
3E493B16,
3DCB5AB4,
BE23ABBC,
3CD9FDA8,
BBEA8D1D,
3E100EBA,
B73EB900,
BE34185B,
BD083B46,
BCA13078,
3DD26525,
BDF0F274,
3D2B7665,
3CCF7BC8,
BDFDF06C,
3B8E9A97,
BD86E8F4,
BDBE3768,
BD60B1C3,
3A4CC754,
3DB47C09,
BD24C88A,
3E454CEE,
BD0274D6,
3BE49CEB,
3D0FF3BC,
BE8B0C6F,
3DA7C7CD,
BD7E8F96,
3D040513,
3CCF9248,
BE1FF165,
3E05E898,
3DE8D589,
BDA9E431,
BC856BD7,
3E1A3474,
BD9F9EFB,
3ACA2BD7,
3DB23E06,
BC7749DD,
BE06F6B9,
3E0D67A0,
3DF26D40,
3CD9F977,
BE08261F,
3D69DED2,
BD52FACB,
BE4397C2,
3DBCDB2E,
3E753B5C,
BDD30B81,
BCEC6508,
BD267944,
BE5AEE28,
BD34CFA8,
3CA8D5F1,
3D81A0B4,
BC2DE154,
3DCC6BCE,
3D63CD5A,
3D97B3A2,
3E22D4C9,
3C1CB14F,
BD20C450,
3CEFA3AF,
BC689316,
3CF824AB,
3C2E2952,
BC198B20,
BDF709E1,
BDDA1D84,
BD9B6F3F,
3E26BB0E,
3D5D8FB0,
BDEC30B8,
BD02CBA0,
BDD236B9,
3D240768,
BD34EDBA,
BC3D092F,
BDBB2C7D,
3CE41CA5,
3D1543AC,
BB380E84,
3CFBA53C,
BE321FB9,
3BD095CB,
BD1E2C3F,
BD597259,
3DD68090,
BCC6C000,
3A0CBECE,
BC5DD96D,
BD22B1E5,
BC025FDD,
BE039103,
BD894983,
BD020054,
BD1A4480,
3CE1774B,
3BD0B704,
3D88ABDB,
BD2F166E,
BDBD2C08,
BE15D403,
BE48CDDB,
BE1C99B6,
BCAED96E,
BD0E94F9,
BD991A2A,
BDF28B8A,
3C8828FF,
BDD85EA2,
BB265747,
BD4C03ED,
3E1BCAA8,
BD12F4A9,
3D682224,
BD9C7104,
BD839393,
BBECA966,
3D974184,
BD333922,
3E5CE0B3,
3D903937,
3DB890EE,
BD8310E4,
3E184E4D,
BDBA572C,
3E1704E1,
BD8E443E,
3C5A093C,
BE0227A8,
BD8C4052,
3E132160,
BD3087CD,
3DC1DA28,
3E27FD0E,
3D95C50B,
3E661BBF,
BDE058AB,
3D7A6441,
BE478870,
3D4CA001,
3D0E9CE7,
BE448465,
BD8C51FA,
3E3A708F,
3DA02233,
BB4B18EE,
3CB34683,
BCC3941D,
BC70C1BE,
BBD55211,
3DFE94BD,
3E08B32C,
BD9336BF,
3D6F23AD,
BE34ACE9,
3E288C60,
BE088897,
3E2D2681,
3DA74813,
3D88D51F,
3DA5B513,
BD9FAD2B,
BE4EA598,
BE2C0E08,
BDB171CD,
3E1FBEA1,
BD2D4A69,
3DA4336E,
3B9EAD9C,
BD939186,
3D04B659,
BC377B72,
3ABB6609,
BDBB4BC7,
BD27F8F6,
BDC37D18,
BDA19C8B,
3E1BF51F,
3D720892,
BC979F43,
BCF2B010,
3DBDCA3B,
BD91CDD1,
3CDBF4BC,
3DD50572,
BD53D673,
3AF93834,
3DC5BB6A,
3DF20F09,
3D6FB4C6,
3DD632F5,
3CF64E91,
BD64CDAB,
3DB6A601,
BCE6AEA8,
BD8984DD,
3DC69F86,
3DDE38D9,
3E41F40F,
BE1188C7,
3E37AE69,
3D8C0213,
3DB33FED,
3D2EDC4F,
BDCC83FC,
3DAA4CA3,
BE0DBAEA,
BD96E4BF,
3E3E3B22,
BE2EC6BD,
BE14C81C,
3DBFEF97,
3C209572,
BE13077E,
BD151D22,
3D840CC9,
BDCFC584,
BE136614,
BDD950E9,
3C195EB6,
3DDF4BD6,
BDCEFF17,
BE2C1DC0,
3E25709A,
3D697BC2,
3E01F7FF,
BE094C10,
3BB4FCF5,
3D2295AA,
3E3F910D,
3E4F5C3C,
BDCF43E4,
BD5B927E,
BCE3DC5C,
3C509254,
3D82C876,
3B9059A2,
3E6F9D2C,
3C7BE119,
BE397A03,
BD93F2A2,
BDB72832,
BB88F89B,
BE56585C,
BE041BCA,
3E057BE4,
3D458DA0,
BE51A871,
3C4AE2C5,
BDB65AC2,
3D3E1755,
3E100531,
3BE32388,
3DAEE822,
BDC25637,
BBA5DBDF,
3DA43A06,
3BC1A2B4,
3DC3EF78,
BC2C8C57,
3E76F861,
BDC92C34,
BDADCFE1,
BE499A1F,
BE452F15,
BDB25ED8,
BD840B65,
BC93E068,
BCBB4ABD,
3E8C8168,
3DC70F47,
BB98914A,
3C5E0429,
BEE0D523,
3E032D27,
BD8D6EC9,
BD268309,
3D2A5E6D,
3D63B72C,
3CB4FF84,
3DF89C6D,
3D0657E0,
3E42FC72,
BE0346AB,
3DE69C22,
BDC65B02,
BCD9BCDA,
BCDCE02D,
3CC7485A,
BC9F2F4E,
BC506A90,
3C9B116C,
3E59A0E9,
3CD937FB,
BB4A576B,
3D33FB9A,
3D2BA2F8,
3E091812,
BDB1F5D8,
3E53CCA3,
BC2EAD6C,
3DF5BBB1,
3E001AF8,
BD1EB1B0,
BD1DD485,
3D1908B7,
3DD712ED,
BE8E40AC,
3DC6BC76,
BAEE262F,
BE79A093,
BE2E7ED7,
BDA9DD70,
BC67DDA4,
3D9A819D,
BE02402C,
BE44FA7A,
BE02057A,
3D55837F,
3D46DBE9,
BD754EA9,
3DA0B35B,
BD6FEA9E,
3CC09EC6,
BC1BDBDF,
BEA6656F,
BB70342A,
3E848927,
BDA3150B,
3DB63511,
BE0D9160,
BE2591C5,
3D001607,
BE61FA0F,
BBBBD6E5,
3E041167,
3B38BE60,
3CB63BE7,
BDD8ECF7,
3BB965DF,
BDABC48E,
3D851AA8,
3B4FCA6D,
BD52F5F7,
3E1E71DC,
BB8D03D6,
BD26845F,
BDF81960,
BD6FDEEE,
BD2D3D0D,
BBA86FBA,
3E0DBB89,
BC227B4C,
BE2A93BE,
3D33250C,
3DFD7015,
BCF451F5,
3C9B2406,
3E0B7F8E,
BDAF2894,
BDA2BFE1,
BD431505,
BD1E3496,
3E118345,
BE2CD2B0,
BE623EE5,
BBC702BB,
3D4B7148,
3DBD1F0E,
3BF4DD66,
BCFFF988,
3E9BC9E7,
BDA1A414,
BDCF41B0,
BCCBA903,
BE07B45B,
3DD79CDC,
BD124801,
3D1B9967,
BDFA42C3,
BC754F15,
BC911A2F,
BC90368C,
BDD3D00D,
3D3E06D9,
BE23C03D,
BE0F3829,
BC4F5DE5,
BE635FC5,
3E58B266,
3B2D3A7A,
3DF949FD,
3DB49BA6,
3CFEAAD2,
BD81EB0A,
BD5FD610,
BDFEE978,
BE9A77CF,
BDD34D42,
3C3A2798,
BDAA62B3,
3E86C83F,
BE003AFE,
BD56236A,
3B3A1413,
BD85E39F,
3C9F48AA,
BD97623C,
BD51CF7B,
BB45E98A,
BE95CF50,
3E896154,
BDA95008,
BE887329,
3D8884D7,
BD2E41F5,
3D6ADED1,
BD84C512,
3DB61195,
BCEF8762,
BE12C123,
3E28DB4B,
3E0EA698,
3CF92A33,
BD50371F,
3DD69CB8,
3C9476F2,
BE8E694B,
3DD4B815,
3D90D135,
BE2AEA43,
3CA8086F,
BD9E59E5,
3D455746,
BDBF103B,
3CFBABDF,
BB8493E0,
BD6B6BE7,
3E176208,
3C0E67EC,
3DDC75F0,
3E3F0001,
BE5E3681,
3DE7D56D,
3CA1998B,
3E1A9C61,
BD9B968A,
3E5706DB,
BDD4AEA7,
BD489846,
BA264640,
BD3CC015,
3D0B6F90,
3E399E40,
3D2D36C3,
BE161337,
3D2A3A3F,
BA31C906,
3D2F3F59,
BB262864,
BCD398BD,
3D9E7C8C,
3DB539AD,
BC677F2E,
3E6E5F06,
BD2DFDC9,
BDB79140,
BE53E268,
3D1F0050,
3B76894D,
BE165DC4,
3E13674E,
BD7AC7B4,
3BAA7363,
3E57EB3F,
BE3FD31D,
BC7DC807,
3D25946E,
BC4AC73E,
BD5C3D88,
BC8059D4,
3E196255,
3E044BC2,
3CD7D0CB,
BE4EDEF6,
BE064A12,
3E0419D2,
3C404755,
3D07B5D9,
3E07615F,
BDB96E7F,
3D82EF4A,
BDC2EF1C,
3DA440B5,
3C8C8143,
3D380E88,
3D447E48,
BC81BA04,
BCD99579,
BE4322A9,
3E2677E2,
3DA84E95,
BD40A9A3,
BC5E22C5,
BD02BEA6,
3D1D3C9F,
BE1CA023,
3E524110,
3DAE6F78,
BD22FC11,
BD38CA02,
3E4262FA,
3C5EF03B,
3D3DC6DC,
3CB435C3,
BAB75BDB,
3DABA8DB,
BDBFA640,
BD89F84C,
BAD9BD38,
3DD19152,
BC7F3AFF,
BE5EFEBB,
3C47ADD2,
BD9C42E1,
BD5442C7,
3E690758,
BDFD9418,
3DE3CE9B,
BE307046,
3E34CEC6,
BE0846C3,
BD95D441,
3CFFA976,
3DAF1045,
3CDDDD89,
3DA7FBAA,
BD09E68B,
3D253832,
3C01F676,
BCD9B7A5,
3D9813E4,
3DA6D3EE,
BCE66823,
3D1834C9,
BEDAC709,
3D0118A2,
BDC12CC6,
BD712FEF,
BE207AE7,
3E00D2D2,
3D2F2A89,
3DF1D5C2,
3D8DA067,
BDEC0177,
3C0EBAAB,
3D01C160,
3E535653,
3D992DC9,
BE87C92E,
3C9D3FC0,
3D6E3E30,
3E64EE32,
BCE9FB18,
BE830CE4,
BE059E14,
3D39CC50,
BDD00936,
3C895931,
3E22638F,
3D3132A0,
3D47690B,
BEA6DED9,
3C97E393,
3DB3204C,
3D124C5C,
3D82F962,
3E5CE02D,
BDB75059,
BC7031A9,
BDB25348,
3C48E16E,
BDD4B6BE,
3CE1EE46,
BD696A2E,
3E98660D,
3D598EC4,
BDFBB8E5,
3D0786A7,
3DAA01A2,
BE1D13B7,
3CE10B47,
3CEBD6C2,
3D7FF15D,
3E0727FE,
BE9681C6,
3C02CB1D,
BE3F0D4B,
BDCF072D,
3CC6BD96,
3E2499FE,
3E58D53F,
BDBC92DA,
3E109C53,
BEA8B3CC,
3D795142,
3E44D62B,
3DB5C712,
B9BD802D,
BD218E43,
BE87960B,
3DF09F19,
3B014FEF,
BE093242,
3C823686,
BD92456C,
BD210217,
BBE7A37F,
BDC1181C,
3DCAA1D3,
BE1C730C,
3E2250C8,
BD09D30D,
BD9D11A4,
3CE7074F,
BC922BFE,
BE035A7F,
BE042F0A,
BD880FB8,
3D56D0B3,
3D8084D2,
BE864500,
3D2E0789,
BDABF8B0,
3DDE91B1,
BC7B2BCE,
BB307EC6,
BD1E24A8,
3E08773D,
3D9955B6,
3ECA02B8,
BDA65BB8,
BD189A66,
BD56AAEC,
BD569B4D,
3DAECE6E,
BDC01E66,
BE265539,
BDA88AAA,
BD21FD64,
3DC56570,
3D50E2F3,
3BED0084,
3CF6247E,
3DB53B93,
BE43B968,
BE3B51BD,
3E112B6A,
BE1A1A6C,
3DA7B552,
3E12C63F,
3C235D42,
BE79657A,
3D2F392F,
BBC22F0D,
3CECB985,
3E5B5336,
BDF59DC2,
3C9A50AD,
BD9BA8DC,
BDCE2759,
3E2B20EC,
BCB30DA3,
3DB3C226,
3D9F2F16,
3E62A0AD,
BDC4C714,
3D8A24C6,
3D28DE4B,
BE1059DE,
BD04143D,
BD939E9F,
3D2999F6,
BE2A4364,
BE8D39C4,
BDD2491A,
3D7B2263,
BD113113,
BD5DFBB0,
BD2F454B,
BDD4F393,
BD182D65,
BCE39BC6,
3DC53662,
3E132DCD,
BD2288A2,
3E082EFC,
BE00C149,
BDD012AC,
BC58FD41,
3D686FAA,
BD80F6C7,
BD819FE9,
3E29EBBE,
BDA9AD1E,
3D6D4D76,
BDC5E5EF,
BDD84186,
BD0239E0,
BC28A305,
BDE559EC,
3D19EF32,
BD365EE1,
BD8C0CC6,
3D59A587,
BD7889E2,
3CB9FB29,
3D95814C,
BD2BDAF3,
BA7FBFBB,
BE4A7D5B,
3E2D1525,
3DF29ADB,
3D0F7DF6,
3DADCCB8,
3C9E06E4,
3CE06F47,
3B7835C3,
3CE61556,
3C805E1D,
3CE4E070,
BE363454,
3E1C6312,
3DA395B9,
3C2B0AEF,
BD3FA3DB,
3D851FD7,
BE0737BD,
3DF7C3B4,
3D373A3C,
BE56ACD0,
3B8FBC2B,
3E5D81FA,
3C4666B3,
3DA06AD1,
3E75A85B,
3E411717,
BCFDE554,
BE18F425,
BE145679,
3C5484F4,
3E427505,
BDA84938,
BC82767F,
3E8F35A1,
3DFE7085,
BD88A06B,
BD97C4A4,
BCCEC2C1,
3DAB2C1B,
BD202705,
BD8B097C,
BDC18508,
BD013F57,
3D322A7F,
3D795E25,
3E82BEB3,
3E2142BF,
3E0F568A,
3E5817C3,
3B199FBB,
3D244086,
BE101FCF,
3DEB0014,
3D8E605A,
3E5FC51F,
3C8955CE,
BC7BA02D,
BD5922F8,
BDFAF205,
3D0FCA69,
3C50BE75,
3A97758B,
BDE147BF,
3DB5CE76,
3D2FEDC2,
3DDCBB5E,
3E851D07,
BBFA42AC,
BCE0717B,
3D11ACF4,
3CC79E65,
BE1C587E,
BDC13BDE,
BE95B866,
3D55351F,
BE4849EB,
BE217EFB,
BDB94BE1,
BE363072,
BD40752B,
BEC87F08,
3E1E1D5D,
BE05E6FC,
BE19CD55,
3D989E6E,
3DA9552C,
3D5FF1D5,
BCC756FA,
3E114550,
BC4711A9,
BE6581F7,
BC12B7F8,
3D01F4A4,
3D42F90F,
395C54A2,
3DA5B464,
3C66CBAD,
BC555711,
3DC6D60B,
BE72F13E,
BE6A79A2,
3DF32DC5,
3D1BD10D,
3D2301B6,
3EC31604,
BCF274BE,
3DE5B7C9,
3DB41F89,
3D00B058,
3D84198B,
3E2C132C,
BD273F60,
BE811550,
BD646BB7,
BE1FBE8B,
3E6DCEF3,
3E0E47A5,
3E69B67D,
BDD3CE14,
BDF58C3E,
3D6EDB8D,
3DF7CF2A,
3D4F3B09,
BD38CD7F,
3DFAA043,
BE5167FD,
BE2314A1,
3E79E616,
BE8776D9,
3E41E5CE,
BC1BB8AF,
BD1105CA,
BE9897F5,
BE7E8BC8,
3E30C14A,
BD3F2BA8,
3C8CFFD5,
3DD8F486,
BE2684C9,
BE8C79D8,
3CE5F155,
3E268BDD,
BEAA20A0,
BE09BA5D,
3E81AD50,
BBB12D04,
3E510195,
BE86D0A3,
BE526E5E,
BEC4CBB1,
BDDAFC50,
3CA369A6,
BBFB8177,
3DE1B423,
3EAE843B,
BDCDD7C5,
3CFB5288,
3D110482,
BE06D02C,
3CFFA470,
3CCAF92D,
3C9BFA33,
3DF8B682,
3DD3E681,
3D27F8DF,
3DD23EC7,
BE3B63F7,
3D975341,
3D15F9CF,
BE476C35,
3DC65AF3,
BD60A337,
BE62730C,
BD3E79AB,
3DFFF8A3,
3D46EB03,
BDCC7E3E,
3D835929,
BE532613,
3C7A030A,
3D9529BC,
3C49915F,
BD66A300,
3E07246D,
BDAFB01E,
3E252716,
BBF13B44,
BD275845,
BE05463F,
BE3A3F4E,
3DAA3CED,
3D2F268E,
3E5FF1FB,
BDD9706F,
3DFC5618,
3E87C8E7,
3CEC562D,
BB2296D5,
BD8D7EF3,
BD0EA14C,
BD916D24,
BE099DE0,
3E1ECE23,
BEAE8FA7,
BE1076A0,
BCCB5606,
3CA37E75,
BBCB806E,
BE4DA674,
3E0B6530,
BD832566,
BE080110,
BC866105,
3E613876,
3D602668,
BDDA09E1,
BC6BC02E,
BCC24E45,
BDA5802C,
3CBBF483,
3D9F1DD1,
BDE5257A,
BDD79F5E,
3C2DAD32,
BCBA6F47,
3D0E4A0A,
3D2ABC6A,
BE093932,
BDC393F8,
3DDDDFB6,
3DE317A0,
3C710DA0,
BCA15B7A,
BDB16717,
BC3F9DD7,
BDB528FB,
3E0C019E,
BDD2D4F5,
3D46AFB1,
3D98C703,
BDD74158,
BCD98B48,
3D45ACAE,
3D339A8D,
BDAB205E,
BE2C8C51,
3C72F57C,
BDC8B74C,
3DCA415C,
3E0D03D8,
BE133404,
3D23427C,
3DF1CCC8,
3DD2196E,
BE0D4F5D,
BD31942C,
3E358DC6,
3E8473F0,
BDEB4CFB,
3D728976,
BE0FF640,
3E569611,
3E9DC646,
BD6576C3,
BD9E6071,
3E3FD628,
BE80F2BA,
3C01E1FF,
3C5990C8,
BD0E71DB,
BE174A9C,
BDF80BAF,
3DB4BD44,
3D3CA0F0,
BBD87A9B,
BC4C81D8,
BE146A62,
3DC66C41,
BD1D58D2,
3D090EB8,
3CA0E594,
BDE8BF97,
BCC9DA13,
BD080114,
BDB7EF98,
BD8C6EEF,
3D6C8B9A,
BD31544F,
BD8D04D6,
3E9EA398,
BE8CF5B9,
3DAAF43B,
3D9E5097,
BDA5C0ED,
BD0EF9CF,
3DC5B1E4,
BE0CA48A,
BE3A518D,
3E28271F,
3E51132D,
3E4D3E04,
3D91022A,
3E203CB8,
BC8FDFAC,
3D4DF989,
3E1E2D53,
BDF2D203,
BE63EA96,
3D78B1BA,
3DA494EE,
3C8FC218,
BDD8B164,
BDB35627,
BD04B0AD,
BD625DE8,
3C9C7ABF,
BCA22B44,
BE2113BF,
3D5F3D9B,
BE80A588,
3CCCA8D2,
3DB8FC7D,
3E22E9E6,
BE1429B1,
BD2899BA,
B9F0CD8C,
BD8F6B2F,
3E464338,
3CE6B308,
BEA308D5,
3DBB3574,
3D8CFB03,
BDAC6070,
BD057065,
BE83BEE7,
BCD93657,
BD8DF453,
BE332FDC,
3D514CAF,
3BF3112C,
3DE4A84C,
BD112C14,
BE5FED7F,
BE119A9B,
3D8D107F,
3D48FBC1,
BCBEFFBA,
BDB89A8C,
3DE8D3E9,
BD849986,
3E63F62D,
BDFD227A,
3E86C3B3,
BCE5D1FA,
BD01C72E,
3D6E4203,
3E415818,
BD8682B2,
BC57BDA8,
3E738289,
BD0ABED7,
39A4170E,
BDE65284,
3E513F6A,
3D5D8317,
3E3765EB,
3CB4688D,
BD712C67,
BE0856B2,
3D7CF109,
3CD1D826,
BD689E58,
3E10EE00,
BC883BC2,
BD83D144,
BE181D74,
3E17AE58,
3E25788F,
BD33810A,
3D362DEB,
3C4F91B3,
3D3BA2D4,
3E199C8D,
3E80A55C,
BDAC395F,
BDE46E06,
BD4E4578,
3CD2EF34,
BE0013F4,
BD1AF3B9,
BCF2C0F6,
BE19660B,
3CF15A6A,
BE19A372,
BD1433B8,
3E30310B,
BDE32E0D,
3C49B606,
BE50CE86,
3EA5F28E,
3E29F02D,
3DAB5DCD,
3D86A138,
3DD6B23E,
BDC23267,
BD9ED367,
3CD898C9,
3DDF3D46,
3E0ACD79,
3E3FA7FA,
3E33EDCF,
BE446912,
3E22A55A,
3D66C106,
BD82AED9,
3CADF88D,
3CE2C7E0,
BE5DB50B,
3E1FCE53,
3D3B2937,
3D24D1D0,
BB2C8014,
BD0A3BA9,
BD7CFEE7,
BDF3A4D8,
3DF67D01,
3D60BF79,
3CB9D43C,
BD8BD3C1,
BE104C8F,
3E0C0DCF,
BCDCAF44,
BD185B6A,
3DEBC6B4,
3D9328B9,
3E2881EF,
3DC3DA00,
BDF44C88,
3E13DB65,
BEB937A0,
BD87BEBE,
BEA9CA98,
BD0ED82D,
3D8CFC5D,
3DB3B4E6,
3E9E35CF,
3EA310BA,
3E0C24AA,
BE3E6E05,
BE28B7F2,
BE8E9A68,
3D47B8B7,
3E8EA69E,
3D2E83D6,
BC87A69B,
BC93EFFB,
3D85A04D,
3E33EB45,
BC1856CF,
3D97AC66,
3E3E03A8,
3DAA9E20,
3E5A3BE2,
BDE1DB42,
3D7776B9,
BE9F8975,
3D47B39E,
3E626A3F,
BDC5D1E9,
3ABAF6F3,
3E80ADA1,
BCB7FF0D,
BAE6E589,
3D206D74,
3DEE62A0,
3B819769,
BD2A80EC,
BD968246,
3CC239FA,
3DA30FE7,
BD159391,
BBDB0F19,
BD619EB9,
3ECBFF63,
3D9359B2,
BD4CCE7A,
BC6D990A,
3CBE726E,
BE6C504A,
3D2F998E,
3DC427BF,
BBB3922A,
3E062F53,
3D8B95EB,
3E752B87,
BD1EF0FF,
3D6580DA,
BCB3201A,
3C6D1FA9,
3D77DDB5,
3D368E87,
BDF32E91,
3DDC44DA,
BD63750E,
BE64ECB8,
BDB3F1BB,
BD83DE24,
3C73BD44,
BDAEAB7C,
BD8A65C8,
BD5A01C9,
BD9AAEC6,
3A2DA48F,
BDFD23ED,
3E4A7A1D,
BCC4E0B7,
3E63F866,
BE0C31EC,
BEECA890,
3E562836,
BDFE8AF2,
BC8BFBAD,
BBA5E121,
3E7EC03B,
3CAAFCE2,
BE463E28,
3E830A26,
3E49D919,
BE8E0D00,
BDF107B7,
BDADDA94,
3DAB897C,
3E9A5ABB,
3E02EA59,
3DC34501,
BC91753E,
BAC4731B,
BE1F2DFA,
BD82E7C5,
BDEF3D45,
3D6697D9,
BE0392BE,
3C1CACFC,
3E6FB2C5,
BEBD2E1E,
BD240B82,
BE8359AC,
3C909194,
3E32CB58,
BD3F8768,
BD534A17,
BD29317F,
3CE5E172,
3C7AE816,
BE0B2116,
BE5932E8,
BDF89911,
BE31F4B2,
BE8CB046,
BCED9CE8,
BDBE6FC4,
3D026D60,
3D8DA74F,
3DEC5EFE,
BD7C7AFC,
3D57DB62,
3CB194F2,
3D8CF96E,
3DA1D023,
3D85CA07,
BD57F5C6,
3D4351AC,
3D59892C,
3D4F6CC3,
3CA25BFB,
BC80A764,
3E04B5E2,
3B036F28,
3DE44B5B,
3DE9C22B,
BE1DAB33,
3E3AB66C,
3D86C11D,
BDBAD780,
3D0CBBE8,
3C0FC684,
3D76DF7B,
BEAC0790,
BE08143F,
3D98D763,
BE2E8562,
3D269423,
3DC98ECF,
3DF440F6,
3D1B691B,
3DA5B980,
3D634204,
3D8B1B65,
3E07EFEF,
BE6F4476,
3E1696D2,
BB8F38BE,
3D16C4A0,
BD2C1E76,
3C3EFA51,
BDE3E874,
3D3A21E5,
3B8C8CF4,
BD80F07E,
3D72A16D,
3E295831,
BEA65A92,
BD81CD31,
BE40D7B4,
3B8CF6AF,
3CDDE7CE,
3D72ACE8,
3E19AF41,
3CB0D78B,
BDE48A99,
BD2347C8,
3D7619D3,
BE2FA381,
3CA0D1A4,
BE8A1A67,
BD913B56,
BD014E7D,
3E470BEB,
BB5C25A8,
3BCCF4DB,
BD6FCCC8,
BD9A2687,
3D6E1A72,
BE213C18,
3E67AE5A,
3DB8CB97,
3B6A3AE1,
BC97B065,
BBD683C6,
BDB48FEB,
BEA3CB72,
BB3C3EBA,
BDD696C1,
BD70C12F,
BDF8F24E,
BE24A559,
3D33530B,
3CB902C6,
3E2E2F5C,
3CFACAA9,
BD94368E,
BE5C96BF,
3D0EE5D4,
BE1D07EA,
3D0B7597,
3DE5A415,
BBDD470F,
3D18095C,
BDBF9087,
BD105523,
BD6E26DE,
BE58FD0E,
BCB9C333,
BD7BCA36,
3C2BCD0D,
3B5D06EF,
3E1F9A9B,
BDB7326E,
BDF8B4B0,
BD7A5B54,
BD7944F1,
3DD5BDCC,
BD9E94EE,
BD8A2E05,
3D1BD07B,
3E2EE462,
BE0B0764,
3D9E5941,
BD83529D,
3E055CE1,
3D2800B5,
BB62363A,
BD3296EA,
3E2F116E,
3DD448AC,
BDEF802D,
BC898671,
BE45FC83,
BDC55793,
BDD91CFE,
BC79E6F7,
3C295CC1,
3E154FE1,
3CAB4D0D,
3DA386AE,
BE8323AC,
3DCF9FA8,
3CC17923,
BDCCF2FF,
3D61ECF8,
3DD77DBA,
BC62B2F0,
3E8420FF,
BD72225E,
BC3D6151,
3E2CD1D4,
BE48805F,
BDFDF45B,
3D007481,
BCD80E01,
3E29A9BB,
BCAE7600,
BD6B0B89,
3D9D423C,
BE1A8627,
BD910178,
3E1F6F64,
3D8029F6,
BD65FB76,
BDF2B9C1,
3DCEB63A,
BD8025FA,
BE02B8D9,
3D8FBD71,
3C823D9C,
BE82F268,
BDBDEAD3,
BCDC805E,
BDF72EF0,
3C458A88,
BBEAF30B,
3E17268E,
3DCDF150,
BDB4A69D,
3D80CC2E,
BDB1960D,
3E5A16BC,
3D609373,
BDAA5FF1,
3DA9CDAE,
3E2DAB6A,
BE40881C,
BD9953D8,
BDB40D02,
3D7BCD99,
BE2DBA73,
BE1002DD,
BE0C8C99,
BDC7AC44,
3DEC7559,
3B0EBB5E,
BDD79C6F,
3D8D9BCA,
3D4C3FC1,
3CAFE6CD,
3DB0563F,
3C8444B8,
3DDFBB7A,
3DA386FF,
BD8E7979,
BBECE031,
BE426F66,
3E07EADE,
3DB045A2,
BD9DB446,
BD8AAFA9,
3D9D01AF,
3E08DF9D,
BD9537EB,
BE502D6F,
3CE13494,
BCD7AB55,
BE05B9E3,
BDE0B3C9,
BD89DF8D,
BDC6299F,
BD56F47E,
BCD60AE5,
BDE08E96,
3CFCCD5B,
3E76C750,
BDB799F4,
3E51727D,
3DDD6954,
3DCAA073,
3DA0CD9D,
3D9FEA87,
BE755AA3,
BD89E755,
BCEABDEA,
3CC81458,
3E0A4FBE,
BC5BE1E9,
BC58E353,
3C4B9941,
BDA7F44D,
3E154715,
3D7D8BBE,
3DE00C11,
3CCB59FD,
3DDFAAA4,
BE80F539,
3C9F2638,
BE4D49B0,
BE94ECD2,
3DBEAB6D,
BE61BD6A,
BCB4F68A,
BD136AA6,
3D91EEC9,
BE4F733F,
BE291FA6,
3BE07B82,
BEB3A76C,
BDFDBF2B,
BE0EB690,
BE68754F,
BE308AFD,
3D95574C,
3D970A13,
3E19D861,
BDED83DF,
3E716E40,
BD959556,
BD96E602,
BD82FAAD,
BDB29D9A,
BD8A7AE5,
3D389A56,
3E3EC3C5,
3DDF858C,
3E3375CF,
BE72700B,
3E5BFEB1,
BE2DFAC6,
3D5669BE,
3DD5A7CE,
BD1EBC19,
BD106864,
BD95F349,
BD3C8067,
3D9A36D5,
BDEDFA7A,
3C6A14AD,
BD6391F8,
BD0F39A7,
BD34CAC5,
BD6446EC,
BD3B7527,
BE984EF6,
BE84DA15,
BBA1DAC7,
BDCE02FC,
BE096F8A,
BDB83AEE,
BB7968E0,
3D6D59FF,
BB5B7085,
3CD5401E,
3E159E09,
BE548B07,
BAA8E067,
BD816259,
BDEEBF61,
BCB15C40,
BC0F7717,
BCE04002,
BD10A9F4,
BE1128D6,
BDC5DCE2,
3CFCBF52,
3CDEF3B2,
BDCECE00,
3CAC634F,
BDABD3CE,
BE5514B8,
3C4DF1F7,
BD9F1E03,
3DBA22BD,
BD35D6F9,
3DA56A54,
3D69B2C4,
BD657838,
BD9ED24F,
BD312877,
3DEEC5B5,
BD09D27D,
3D650AE6,
BE11E097,
BDD173D6,
BD37A5F6,
BDBEBD56,
BD3F0469,
BE23B8F2,
3D46B69D,
3E1E75CA,
3D656EE6,
BD1D3E98,
3E27FAD1,
BD5CCC0B,
BE2FF35E,
BE2AF6E4,
BE12EC2F,
BD18B2F2,
3D9C22A4,
BE1ABFC5,
3D0CA5B5,
3E9FBC93,
39C2F784,
3C047748,
BD55A2B4,
BD7122FC,
3D046354,
BB0F3A1A,
3D3BF9E5,
BCF79AE6,
BCF619E2,
BE087E15,
BE02AAAB,
3D20C593,
3D83E58F,
3BB97B86,
BE0D959F,
3DDA96FA,
3D7E9717,
BD5B205B,
BDF2C9A2,
BD0AFE61,
BD7DE3A9,
3C184CBF,
3D1C766D,
3D2EE6BA,
BD8DE0CD,
BE0735AC,
BE87CEDD,
BD990F96,
3DC19408,
3DDD44B4,
3E5BBB79,
BE185D54,
BDEB6E54,
3D209897,
3C1D1E76,
BD8CF97D,
BE3ACE14,
BDB28A90,
BD52C871,
BC0F52E2,
BC80CFC0,
BDEF3B30,
3C9B3C21,
BDF1BFE6,
BC824598,
3D58F52D,
BDE89F11,
BE07370D,
BD2653A6,
BD543BD7,
3D2772D6,
3E1AB36F,
BDB087B5,
BDE07BCA,
BCDFD31E,
BDFAADBB,
BD36BBBD,
3D0AEE41,
BCB8C3AF,
3DD92EFD,
3C0608A1,
3E40F660,
3C78F3F6,
BD197F1E,
3DB9DFED,
3D90FC41,
3CE8C7F1,
3D843E5B,
BDDC1387,
BDCE4217,
BDE8E15E,
BDBA5B5E,
BD802A82,
3DD7E994,
3DA25053,
BD30A9F5,
3DB315B6,
BD8CB524,
3E0F698A,
3C392C9A,
3DA37950,
3C7235D5,
BCDEB08E,
BC7E906A,
3D99ABF9,
BC400ACB,
BE246E9A,
BDB54F9B,
BD82DCED,
BD6C23F9,
BD5D058B,
3CFF96DA,
BDF762AD,
BD31F171,
BDD1B517,
BDAB0DF4,
3CE8EE7A,
3D5148B9,
BB0CB258,
BD4EA162,
3D316F9B,
BD3EFC18,
BD5717AF,
3DB825A7,
3B9350A1,
BD5F4B0B,
3DF2376F,
3DCD14E7,
BD3501D8,
BDCF8E57,
BC4427F1,
3D66B667,
BE0A60BD,
BC2FF7A3,
B92F1303,
BCEDA9CD,
3D22E8AB,
BD9C128F,
3DEFDA3E,
BE05070F,
BE4306C3,
BDFF3C05,
BD824ADB,
3D72BBDE,
BD2ACBF1,
3D4A9F2E,
BD1A2329,
3CDCE664,
3DE67D02,
BD2A930B,
BD1A95E2,
BD02C461,
BE0D916A,
BD52A260,
3D39904B,
BD894414,
3D423311,
BDC6BA12,
BD540CD2,
3D34DAB8,
3DF674CE,
BCB76FBE,
3D558874,
BE359747,
BDB74890,
BD18EA98,
3DAC9A5F,
BD61180F,
BD547D6D,
3C676B23,
3D77429F,
BD9A111C,
BDC67E6F,
3D976F79,
3CE1F181,
3C9E5AA8,
BDBB92B3,
3DEED9DD,
BE0A8F1A,
3DA1AC02,
BDF2F7EA,
BDEDE203,
BDED541C,
BC53337B,
BDC2B332,
BDC37986,
BDD7FE30,
3BA23DBB,
BE0C0679,
BCB205F1,
BD90015C,
3DEC3AC1,
BD0D15A0,
3E391FA6,
BD85BF20,
BCE5F26D,
3E149058,
3CEC6BA1,
3E4362E2,
3DA6D1E2,
BD8E79E1,
3D9E6283,
3DF94E70,
3A3EC39A,
BC684DF3,
3D42EA05,
BE1F99F9,
3D6B1A97,
BE1F00A1,
3E0C3C81,
BD166A7E,
BAD757B7,
BD8F14CC,
BDD64084,
BE1752DA,
3D759437,
3D0343AD,
3D8AD932,
BD0BEF5A,
3E02D494,
3DCC65F4,
3C73F0AA,
3CBEC346,
BDCBA82A,
3DC795E7,
3C46E6A7,
3D88773E,
BDE15A90,
BD0A2002,
3CC502D1,
3C827D7B,
3C3A5B80,
BDCBFA17,
BD9230AC,
BD833714,
BDABE97D,
BD987D0D,
3D3C7E36,
BDB7F35A,
BD808711,
BD0DC92E,
3DF0C31E,
BD8B815D,
3D1AB8E6,
3CD564E4,
3BB30DD4,
BD9FD66B,
3D882446,
3D58C308,
3CD3D185,
BD02BF6A,
BD609F8F,
BE3226E3,
3D9F2A63,
BBC6F626,
3DDEEEAD,
3E22AA93,
BDE93E66,
3E0F1347,
BDBE34E5,
3C064B81,
3E154ABF,
3DFE0EAC,
3DA4ABA4,
3C70C6DF,
BD2E6595,
BC3B083D,
3D16AF1D,
BD762A74,
BBD2AD4A,
BC23DB9E,
BD259A79,
3DF20964,
3C667429,
3DB1780C,
BAA1D4E0,
BD9D34DB,
3D09E742,
3D30B046,
BE27B1A9,
BAD47CD8,
3C847C4F,
3AE53D12,
3D007CDA,
3DDA9B86,
BE3BAC91,
3DC94048,
BDB12DFD,
BCF38B77,
BCA5F52E,
3DC929E7,
BDA46021,
BD2B7F27,
BDC3AE46,
BDB5A8FF,
3D96B4D8,
3E3462AE,
BD745275,
3E1D308B,
3DEF36C1,
BE01AA2D,
3D2DC8FB,
BE2A3E7C,
3D11DEB4,
BDE14C22,
3D911648,
BC287348,
3D355BA6,
39752A82,
BDD0D3F9,
3DE473AD,
3BE9F161,
BD7329C6,
BDD06F56,
3D513F16,
3CD4F4B2,
BD8C51A9,
BDEEB864,
3C103958,
3DC2BDCE,
BD26F8B3,
3B09B91E,
BDE2CA0F,
BD291F35,
3C9E7A68,
3CC2BF71,
BE183593,
3DA9DD82,
3D20B982,
BE389278,
BC6AAF35,
3E3C50B8,
3D4EC738,
3C7CDA90,
3E383F9F,
BD446822,
BD20569B,
3E00AADB,
BD3C4FE4,
BEB7AC7B,
BDA32053,
3CE56FF9,
BDECC9BA,
3D0B8B1F,
3D01194F,
3E3ECD39,
3E3D260A,
3D1D230B,
BD485FA2,
3D393627,
3D3F9A33,
BCD4BE38,
3D06ACC9,
BD2AA845,
3D9D1FD1,
BCCF7821,
BDC147CE,
BAC84065,
3D87EC9A,
BDEA28A1,
BE647125,
BC74B6DB,
BD5C0DE1,
BE7BE5FD,
BCDC47BA,
BD7C1973,
BDA82FB1,
3C20F90E,
3B0D9816,
3E055D4C,
BDBEAF01,
BDFC95A1,
BCCEA2A3,
BDEA9CED,
BC414F9E,
BD6A86C6,
BE35D17C,
3D80DD9E,
BD88B1AF,
3E19D2B1,
BE0CC4AA,
BDE7E3DE,
3DC63167,
3DC291EB,
3E2AD29D,
BD89A18A,
3CB9539A,
3D60AD5A,
3D440155,
3E0FDF2C,
3D4DB574,
3D3C677C,
BD59F8C3,
3E05F155,
BDD0DA03,
3CD5A4B7,
BE17C86E,
3D2A6897,
3D9A315B,
3D3C9109,
BC8943A8,
BC728926,
BD83BFD9,
BC9B6EED,
3E310AE7,
3D2C7B55,
BDCDB0B2,
BE0DB806,
BD979D34,
BD27612C,
3E047E11,
BD02E4BE,
BBCDD669,
BE1D2B9A,
3E26D5DC,
BC18008F,
BCC6AFBE,
3D3BE3D9,
BD3647BF,
3953D450,
BE545F19,
BDEE6292,
3D8A6083,
3E04EDAF,
BCD934FC,
3DF05219,
3BD220FE,
3D8BFA02,
3E132647,
3D75D4FF,
BD48C9A7,
3DA8EEDF,
3D1A47C7,
3CB06C6A,
3DA193D4,
3E09869E,
3D7A192E,
BCD4BE5C,
3D9C42D9,
BCBE632A,
3D4A30B8,
BD9B58F8,
BE260AF8,
BDE0005E,
3D2D4610,
3D1201E9,
BDEC3E14,
3D57D3F3,
BCD4B8BB,
BD5E6EE0,
BDE5DF29,
BD5A97C9,
BE569248,
3D11D535,
3CCAB3BC,
BE5BB201,
3E526B25,
BD0DF032,
3CE9EBAF,
3E633C20,
BDB851E9,
BD9C4E4F,
BDDD2207,
BE5E14F8,
BD7EDE0E,
BDFA24C4,
3DD38BCC,
3D4075CD,
BDB0C30B,
3D82B5C1,
3DE9AAF6,
BD8EBD39,
3D68440F,
3DC4C105,
3D5D4C73,
3CCD0175,
3D762E74,
3E091EC7,
3DDEBC9F,
3DE8F084,
3DB32E12,
3D3EF943,
BBA5BC2B,
BC919EC9,
3E7B72F5,
3CD7E6E2,
BDA9D40D,
BDDCA183,
BDF624CA,
BE03EFFC,
3DBD2250,
3DC8AD0B,
BDD8EAEF,
3CEB9064,
3D924F33,
BDBCA06C,
BD8D8840,
3D713D93,
BB91461E,
3CABF5C7,
3DE655D1,
3E023B3F,
3D4BD551,
3D7F21DE,
3C0FD304,
3D207497,
3D9AB5E7,
3E58D671,
3EAB4A6C,
BDA7483D,
BD7DAD91,
BDA70751,
BDCAE979,
BE09E514,
3E8E301D,
3A56EC3B,
BB016885,
BDB0D6D0,
BE4277B7,
BCA77DED,
BE708FB7,
BD714D3A,
3C952F2C,
BDCBA7F2,
3E2B0552,
3E08279A,
3D0F783F,
BD8A9CBB,
BCB3ADD7,
3E0F70EA,
BD647562,
BDD876E7,
3DDEA704,
BD2CBF98,
BDCF02CD,
3E07C4FF,
BC970F26,
3CB4FABC,
BDF73AC1,
BD990D05,
3DED4781,
BC0E30BC,
3D26F8C9,
3DFADEE0,
BDBE4E4F,
3D2CF7B8,
BD2B7614,
BDF272F7,
3DB65831,
BDEE2034,
BC85ECE9,
BC2377C6,
BE0A9E12,
3D861B0F,
BDA72C5E,
BDDF57A5,
BC46B824,
3DB5DBE7,
3E9B112E,
BC328ED6,
3CD7173F,
BE24DF2A,
3C9E5F5C,
BD1CD091,
3D9452A0,
3D9F8405,
3E2D1263,
BDCCFA19,
3E09829B,
3D282466,
BD1C5728,
BDAAF7FD,
3D888432,
BD85B8AC,
3D914EF7,
3DAD9BDE,
3CF426DE,
BD81418B,
BDAAB4F8,
3D5704F6,
BD8070B9,
BD2446FE,
3E877456,
BE099D94,
BD08110E,
3E83117A,
BD94E833,
3DEF6F23,
BD897D5F,
3DB79A51,
BD6A0868,
BE033F27,
3DAD8164,
BDBAC867,
BCEE6182,
3E132B2F,
BDF2B8AB,
BD443A6A,
BE40BE39,
BD8D9AF5,
BD93C4F7,
BA870613,
3D485B8D,
3D46FE9B,
BDC59C58,
BE481746,
BCE6889E,
3D450417,
3D87540C,
BD01B91A,
3E329DAF,
3E2045B2,
BD8C0D57,
BE009EA7,
BCBEEC04,
3D3B04BE,
BCC8DB1D,
3E2253F2,
BA80EC39,
BD88ACF5,
3CCB9FEA,
3DB7EF5E,
3DDDD774,
BE2B5AF5,
3C9080C0,
3DC40E29,
BDCE491C,
BEAAA170,
3E1EC9A9,
BDC2109F,
3C4A59EF,
BD722D75,
3DB94296,
3B9334D7,
3DCCAA3C,
BD6E89A2,
BD927B41,
3D360E2B,
3DBD24B8,
BCC2F56D,
BE836A3F,
BE9CD0FD,
3E021951,
BD519D7F,
BDCF1458,
BDE6D755,
BBAD02B7,
3D72381E,
BD480603,
3DBA6EEA,
3E135C79,
BD4C5C30,
BD3FAE17,
BE6EB1C0,
3D48FE55,
BCE6A49E,
3C6D8F70,
BBA078F5,
3CEE37E0,
3E24D8A2,
3DD33D4B,
3DDD0673,
3D0092B8,
BE232920,
3CC34428,
BD9229FB,
BDCE28B0,
BE0BC21F,
3C121460,
3DCA5C63,
BC619795,
3C27902B,
3E45C02F,
BCD2343B,
BCB58732,
39222C7E,
3E39441E,
3D3D6F91,
BE2E46C6,
3D8DF842,
BE363C9F,
BCD54153,
3C15E070,
BD4EB385,
BE1D77DC,
BD566F0C,
BDE65A89,
3E0BDC0F,
3C9AE6DF,
3CAC7BE0,
BE18475F,
3CCC4BCB,
3D92274D,
3D512C7A,
BD8E729F,
3D6A6EE0,
BDE5AB67,
3CA824F3,
BE1832A9,
3D2C5C39,
BD45545F,
3D895601,
BDEDA45A,
BC2AEA75,
BCBC99EC,
3CE242B7,
3D3AFB32,
BBF244B1,
3BA324B0,
BD00435B,
BE01D997,
3D48B506,
BE2097D3,
BE61FC44,
3DDBAB65,
3E1B7DE0,
BD60D428,
BD33BE5B,
3E1D1007,
3E1DF8FA,
3D7E4814,
BD072F87,
3D1B9338,
BD744374,
3CA0D500,
BD0E5916,
3DFFB8DF,
BE0893D7,
BD93402C,
3E1C4E59,
BCF464A1,
BE079563,
3DC5191E,
BD94F137,
BE035E95,
BD7A5549,
3C51500C,
BDB5763B,
BDE24CFF,
BDC00470,
B8C10B58,
3D0DC0C4,
BCC5B81B,
BDDCC279,
3DE94A87,
BDE8528E,
3DBCB2A5,
3E01B467,
3C34E12C,
3E0640A6,
BDFA1E5C,
BDB961C0,
BB094196,
3AA926DD,
BD47D845,
3DBF4619,
3DB87AC6,
BCFA8CF5,
3CA2C3D2,
BD43938B,
3DEF365C,
BD53DA1C,
3DF44084,
3DD1DF13,
BD9B93C8,
BBC16B79,
BCACFAE9,
BDC33D7D,
3DF257FC,
3C747270,
BE10C354,
BDE57F9E,
3E1675DC,
3D6D175A,
3C813E3B,
3DCBDB14,
3BD2CE45,
BD17A614,
BE13EBD8,
BE0053A2,
3D6C9630,
3DD5C346,
BD508FC5,
BD6A5585,
BD4BA8E5,
BBD53A3D,
3DF042EE,
3DF51F04,
3D320ABC,
BD5B78C1,
3D5870D1,
3DCE1339,
BD8ED6B6,
BDD18BFB,
BDA06FAB,
3DD416C4,
BD9313F9,
3D8A602C,
3C2BACC9,
BDDDD1DA,
3DF116BF,
3DCC56CC,
3E150D00,
BD1F5D4B,
BC557544,
3D0FC882,
3E7C473E,
3C872F18,
3D9BB4E6,
3E133423,
3CD7E415,
BE002E9C,
3D5016EC,
BD7D2D5E,
3E152C7E,
BD94E165,
BE2CF46B,
3D2A01F3,
BD629A9B,
BDE0BA69,
3D955B1F,
BD2EACB0,
3E406DE8,
3DFDB877,
3E2B0D05,
3D5C5953,
3D8775A7,
BDD1A1A3,
3DB60F3D,
BDAFF587,
BDB21AB2,
3E0BCA32,
3D63B085,
BD0E90ED,
BD595DF0,
BD926D38,
BE1855D6,
3D88368F,
3E1AAD01,
BE6B7369,
3C9F30E2,
3C994514,
3D61EB3C,
BD89DF1E,
BE92F4CB,
BC1BFBB8,
BDC283AF,
BE2C4972,
BD02D291,
BE405E99,
3CC8492B,
3DD13E23,
BE710E9D,
3D588745,
BE1026F5,
BD9AAEF3,
BCD3A40F,
3DFB5796,
BBA03A45,
BD07FCE6,
3D8ADCB6,
BDD87374,
BDCCE985,
BE1D42E6,
BD8A1490,
3D93BCE3,
BCEBA65E,
BE01452F,
3DE9F3FA,
BDAE44A1,
3DFE3B86,
BD808120,
BDD3692A,
3D9C5A36,
BD6DCDF8,
BDEAF0FA,
3E00FDDC,
3E2D115C,
3D933B44,
BD371457,
3DFB1F62,
3BE2A0DC,
BDCDB96E,
3D203DEB,
3848C010,
BE0095BE,
BDC75330,
3C5390AA,
BE0BD61E,
BD5327C6,
3E2A1E4B,
3AAA482D,
3D5E9BF7,
BD02965D,
BD40F23E,
BE5FEC3C,
BE646B99,
BE57137F,
BC9E243E,
3B53E498,
3DC4E03A,
BD4C0C10,
3DE5C2F1,
BD12EC7E,
3CC8AF19,
BC4FEB62,
BDE16925,
3D183975,
3A6DA9AA,
BE9E6A5D,
3DD71FC2,
3D95CEE8,
BC304D2E,
3DAEE0FF,
3CB93F72,
3C84ACD1,
BE5305AA,
3E394AA4,
BE89296B,
3E19C17C,
3E2399A0,
3DA3D77C,
BE291CB5,
BE1134F9,
BE25E9A3,
BE7D06DE,
3CAAF2D5,
3DC18D5D,
BC84B0DF,
3D9289D6,
3D9E35D3,
BD1AB0CE,
3E0E1A4E,
3D925DCE,
BE90C8EC,
3DD1AD83,
BE1A681E,
3DD2DDDC,
BE350187,
3E3AAB77,
BDB305A1,
3D1E2E1E,
3E584999,
3DDA2732,
3D8DFD4C,
BE803D0B,
3C7E8E0D,
BB9BDD81,
BDA621CD,
BDFAF438,
3DBA6747,
BC2E182E,
BBD9D3E6,
3C025FCE,
BE25FF18,
BCC0F133,
BE952CB0,
BDADBD43,
BE900036,
3E0DB773,
3D4D4F36,
3DFF98C1,
BD8B7881,
3D89AF61,
3E3B99A8,
3D03D113,
3C7DF52C,
BCF2EE5E,
3DCCEECD,
BE5DEBEB,
3AFD985F,
3E3B196D,
BE71D87D,
BCE96BAC,
3DBF5858,
3E02A64D,
BD95E4F1,
BD0FA0C5,
BDC0D3F1,
BE1575E8,
BDAEC95F,
BDE5937C,
BE1C4260,
3B8A0B71,
BCCE4AE0,
3EC3B725,
3E7184CC,
3D8CA287,
BD5D7681,
BD176E6B,
BE447572,
3BF20412,
3D0DB88B,
BDFE60D5,
BCF0AA4C,
BE77171C,
3EA2DC35,
BD22BCBE,
BDFD5187,
3DA32281,
BE3634C5,
BD6760B8,
BDB153B2,
BECFFF30,
BD973628,
3DD14759,
BDCC68F3,
3E18666C,
BE1F8E74,
3E650BC8,
3D3046EA,
BE6589B8,
BD8E2932,
BDC20D0F,
BE2F3E81,
3D59345F,
BD8F79AE,
3D0C3475,
BDCE0A7C,
3D69CBCE,
BEE3B53F,
BE52C13C,
3D91F9A9,
BDD622DA,
3E926F89,
3E0BF8FA,
BE9F9CA7,
BD5FEBCA,
3E80FB95,
3DFBB368,
BDB7E7F0,
BCA83B9F,
3E11BFF4,
3E4EC187,
BD92B565,
BDE201EC,
3DCAE55E,
BCF8F974,
3E07436A,
3D297502,
3E19802C,
BCEEF0BF,
BB9FF526,
BD8D7971,
3DB1C4E6,
3C2E7C6B,
3BDF154E,
BE5B0F5C,
3D4CD937,
BC215EE0,
BDAF07C0,
3E74086D,
3B7C1D9C,
BCE4D4AE,
3E3B90B0,
BE43F503,
BDBC5AB0,
3D4EA17C,
3D162284,
BDC62BB1,
BD0A5120,
3B3ADEB4,
3C2141FC,
3E36516D,
3DD45D77,
3DF61D24,
3CCCCF7B,
BD2F5AE2,
3E65C715,
3D961A1F,
BD24E324,
BD5DFBDC,
3BFAEF3E,
BCEAAC06,
BD8388F4,
BA360861,
3E85CACE,
3D99D3B9,
3CB29B24,
3E824B22,
3C893059,
3E348A11,
3DEC8AFB,
BE967C2F,
BD326EEC,
3D44A787,
BDCAC7E2,
3E18BEE6,
BC8E3331,
BCB0F820,
BC5602BA,
3CC98B48,
3CE6CF91,
3DD9FC8F,
BDF20A97,
BD224F58,
BE19D0A9,
BDB0533D,
3DFA51CF,
BE139FD4,
3E60FC7E,
BC06B5AE,
BD968D79,
3C8BC9C2,
BD0E946D,
3DA4FB97,
BCCB307B,
BE16A1DB,
BE08C068,
BCE74C36,
3D9BB512,
3AC981EA,
BDB102AC,
BDF80366,
BD6B5366,
BC77DF0A,
3DF375CB,
3E3DDF95,
BCA44ADF,
BDB8F612,
BD656BC6,
BD68E5C9,
BD8A5093,
BDED8173,
3DBA75B1,
3CE5EFCC,
BDA9D50A,
BDE6F54A,
3DA56C81,
BD10EE4C,
3E082165,
3C4E585D,
3D96EB4C,
3DB5C6D1,
3D7A9B06,
BAB239F7,
BDF6801F,
BE3F5649,
BD222899,
3DA9657D,
3DC441DA,
3C690FA4,
3E269E66,
3D513AF5,
BE01935C,
BC14F844,
BE0619D3,
BDBE3101,
3BA15931,
BD0A2BF5,
3CFFFEB4,
3DCD7DE7,
BDB9BF5E,
3DBB4977,
BE5517D8,
BC47467E,
3D8DF5E1,
BCE0A92B,
3D9BAA09,
3D3BF09E,
BBC04C5A,
BD43DE39,
3D34A36B,
BCE2BF87,
BDAEDE18,
3DD22113,
3D5E94D9,
3BD6954E,
BE06F63E,
BD019545,
BDA43945,
3E2C5E73,
BB85EBF9,
3DAF80D4,
BDF6C3D4,
3D0A1F5E,
3C6A17B3,
BD81E7AF,
BCBFB259,
3D519E09,
3D527E50,
BCB9CCDD,
BB00192D,
3C7D41C6,
3D38C4A1,
BD7FE188,
3DB5DC56,
BD5C7405,
3B44DB8C,
BDC330E6,
3C7F494C,
3DF166A8,
BDB2FA0D,
3E27B39B,
BE414C69,
3DC64BC2,
3D9AA70A,
BCAF8F98,
BE51B7F6,
3DD43811,
3C33D50D,
BCBC688F,
3DA27452,
BD3CB511,
3CAA74F0,
3E12BB17,
BD85CE1A,
3E39116C,
3DBFBFCF,
BD46FF96,
BD522515,
BD548203,
3CC40113,
BDC2F670,
3A3C3952,
3DECBA2D,
BD84E3E7,
3CC0CE9B,
BC9A0327,
3CB5C9BE,
BD3E70B8,
3CDD980C,
3E6C66B8,
BE15ECEB,
BE2634AB,
BE1B3A1C,
BD02F497,
3D20732A,
BE7A5DE5,
3E82A4A8,
3DEC3C6C,
BDE09E07,
BD52529E,
3D8716C2,
BE618BC0,
3C70E553,
BD518EE6,
3DCE5045,
3D817D05,
BD02AB6C,
BC23C791,
3DFDBD64,
3CA9DE1A,
3D76DA3B,
3D06EC9C,
BD3308FC,
3D14F4E8,
BE507122,
3DAC3B19,
BD85CE91,
3D83F816,
BDD24C3A,
3C7827F0,
BE08A1B4,
3B9716D3,
BD1BEA3D,
BEB4DA23,
3DB69BB4,
BDA26FAA,
BE7C7111,
BE527A88,
BE51D765,
BDC583A8,
3C8C9648,
3A8452F0,
BD3D81BC,
BDBC28A2,
BE5430EA,
3D975510,
3E08FF18,
BCBEBD18,
BD8A0B71,
3DF6302B,
3DB2406C,
BDBD4F5D,
3D002CFC,
3DF52526,
BE4ACA26,
3DD9B252,
BE82FC9D,
BE047126,
BE4DE31B,
BD33DB6A,
3DA2A829,
3D909A78,
3E1FBE51,
3C68FD98,
BE4E392D,
BAE6A689,
3DE564E7,
BDE7AC5C,
3D7756C3,
BD1A54D6,
BD0933C4,
3D5C745E,
3E0752D5,
3DAAF7C2,
BDDF3292,
BDCB37FE,
BD31AC24,
BC4BD9DA,
3D835901,
399F8234,
3CBAA6E7,
BD8A72E8,
BE048785,
BDE08885,
3D5414B0,
BC3BD317,
BCD220E7,
BBF1F15E,
BE0F6D1C,
3D2D1C10,
BDE3AF9B,
3D0C6AA6,
BDB20827,
3DA0B88B,
BC8ADA63,
BECBFE5E,
3E51520B,
BDD265EE,
3D877F21,
BDD48A52,
3DEC8C2C,
3E268B0F,
3D132B10,
3DA07694,
3C88F04B,
3DAC4B4B,
BE44314F,
BE27F91D,
3E023D04,
3CF60B68,
BE52D4D5,
3C4C8351,
3E213EDE,
BAB07FF8,
BC2C85F5,
3D53517C,
3C1BB752,
BDA842E7,
3D67A392,
3E02B5AB,
3CFB5180,
39A555E9,
3E26A4F9,
BD8C6402,
3D4BE545,
BD586567,
BD2190E7,
BD58C3AD,
BE4C37E8,
3BD73092,
3E29D252,
BCA42814,
3D62C2E2,
3DF05F07,
3C517D3E,
BE760899,
BCDA2597,
BC461F3E,
3CB6D95F,
BDA2942A,
3CBC2154,
BD1B5DE8,
BD194C94,
BE5CD593,
BD829719,
3C245ABC,
3DF80690,
3E1050A8,
3D0534E3,
3DA968AE,
BE16BF42,
BDFAC379,
BDAFDC84,
3D5AFF52,
BD1076F2,
3C49E59F,
3D1867FB,
3DE4F149,
BE5B4A6D,
BDC660CE,
3D4EC855,
BD9419B7,
3E14934E,
3DD030B6,
BDDB7AAB,
3C052191,
3DCDDFDB,
3D4758BF,
3E51A644,
3D50CBE5,
3DA2F51E,
3CEBDA9C,
BDDAFC5D,
BD93CCFD,
BE557E93,
3E11A001,
BB85DF3A,
BE25D534,
BD8D048F,
BC66D463,
BD4190ED,
BE079AF3,
3C2E688D,
3C569A1F,
3CD2C77A,
3D33CB33,
BE39AB44,
BDD477A8,
BD56B6AA,
3B8D1815,
BE033270,
BDEDF5C3,
3DBCB7AF,
BDAB759A,
3DE484D3,
3C6F1CE3,
3DB22A4E,
3E76F6E3,
BE0D7E55,
BBD7D5A6,
3DDDC715,
3E3DBDF0,
3C19E41C,
BEA14CEE,
BD936BCC,
BD9750D3,
BB8CD228,
BDFCBAE2,
3C092463,
BD31C32B,
3CD80445,
BDDE8D85,
BD73749E,
BD016C08,
BDF07046,
3D9B9021,
BDDD8720,
3D7C3A74,
BDE044FD,
3D830A78,
BD2D4398,
3DEC8D50,
3D6B0CC6,
BDA575E3,
3E771487,
BE3759EE,
3C03AFF3,
BD4F3094,
3D91C8E5,
3D36E714,
3DFC179E,
BDD41CDB,
BE018010,
BD39F919,
BD65C2FB,
3DF4A1B0,
3C8E47AE,
BD937AD9,
BD69EB62,
BD639046,
3DD89D86,
3E1D0873,
3E0C2648,
BA356B82,
BD39C3AB,
3D7FDA9F,
BB9DE8C2,
BA532874,
BD94DE1A,
3C2FEE5E,
3DAF2FDA,
3DC3FC66,
BDC71E6F,
3DF8F842,
3C6655FE,
BE0523E4,
BE5A8242,
3DAEEBB2,
BDBCCF6C,
3E210788,
BDC9ABBC,
BDE3D9CD,
3D245C10,
BD894939,
3E174A9C,
BE0D0F54,
3C855EE0,
BB75763A,
3D8774A7,
BD25D4AA,
3BD3D53E,
BE8894E3,
BD5D88BD,
3D230A04,
BD2E79C5,
3C46A7CC,
3D903098,
3D92FC3A,
BDC72F54,
BE8324C6,
BE135BBE,
3DE010A9,
BD3BC245,
BD456F63,
BE205733,
3CC21F02,
3E31E2F0,
3D6E9C3E,
3D8D5180,
3E10AA84,
3C09DC00,
BD20DA81,
BE172682,
BD9506A5,
3C9895A3,
3D8ED049,
3E03FB49,
BDB8925E,
3DCB9204,
3DBB965A,
BDAF8346,
BD010126,
3D972844,
BE65A951,
3CDB84A1,
BDE76AEA,
3D549AB0,
3BE72E94,
3D9874F4,
3D91704E,
3D0488A1,
BB9F29C9,
3DF1150F,
BE1130B2,
3D0AA9C1,
3DBFA8ED,
BD6A81A6,
BD924F8B,
BE074DC7,
3D1AEFCF,
3DF38C4E,
BD61D43C,
3BA01996,
3DDDE304,
BCAF33A6,
BED25955,
BD7B0349,
BDB78EF4,
BE2CABA1,
3D6269A1,
3D7B4645,
BC3872D8,
BCF851D0,
BD9B2405,
3DCEDBCE,
3CC7C6B5,
BDCE9143,
3DB7C58C,
3DD085E4,
3DE3B80B,
BD912127,
3CFB1C8B,
BDC801DF,
3DB685AA,
3E1E11C2,
BD8262F1,
3DA5FD34,
BD75ADF0,
BE80D86C,
BDAFC3B3,
BD772532,
BB084502,
3DC4BC98,
BB4EAA5B,
BDFA825B,
BC208418,
3E6FD240,
BDF0572C,
3DCD45A2,
BE4EA1D7,
3DE9BEB0,
3D54103C,
3DEC3BAD,
3D0DD47A,
3DB7033F,
BE1BCDD4,
3DD8E7C1,
3E1B69E1,
BE385AE1,
BE5E5453,
3D5B965E,
3D4B6B3D,
BD0B3EF1,
3D12009C,
3D011E76,
3C9CAD42,
3CC0C8FD,
BC39A0E3,
BD9F6455,
3CFC6DB0,
3BAABC2D,
3C60A3E2,
3C97505D,
BAF200E8,
3DBDCA80,
3D96DFBB,
3E23FE56,
BD23DD18,
BDBAE85C,
BE304F71,
BD974E3F,
3D84150D,
3C9662DD,
BC28FFE5,
3DF9FBAE,
BD77DCFC,
3E86A0EB,
3E5583A7,
3C834B34,
3DB0CA66,
BDF3B05B,
3E353FEC,
BDE52FF3,
3DC70447,
BC17172D,
BDC384E5,
3D9C21CE,
BCBC5870,
BCCA4C64,
BE09E751,
3C879167,
BE446697,
BC04CE21,
BDE8EB4D,
BE8AAFD6,
3DA18735,
3D2B3B9D,
3E3700D2,
BD1C7E65,
3D69324A,
3E2B4AC2,
3E226522,
3DD13918,
BD0D25D8,
BD97D420,
BE2C434B,
BDAD93B1,
BD9CB816,
3E234D01,
BB23BAC8,
3AC32870,
3D75231F,
BD60C550,
3D62FCA2,
3D9F171A,
3DBFFE2C,
BE2F9CD3,
3E1F90E5,
3DDBC8B2,
BDFF64A8,
3DCE7E8D,
BD82B4BF,
BE5F8B28,
3BE8C86F,
BD5BAF11,
3DD700B3,
BDE4EC40,
BE1D5E9C,
BCB44B36,
BD1FCB79,
BBB57946,
3DA00E9F,
BC0D25D2,
3EA63584,
3C31CDDC,
BDED628F,
3DF8AB9F,
BC04F725,
BDBFB5C7,
BC6592F8,
3DDB2812,
BCF1C27E,
BDE3CCA8,
3D5A08E0,
3E7314DB,
BD4521E7,
3E69DD19,
BE237CA9,
BE0C1779,
3E148791,
3E061A27,
BDAD5D34,
BC854651,
3DAC228C,
3CB2204C,
BD105D5A,
BE49E990,
3E1DB90F,
3CD84A6B,
3E41CBE4,
BDF400B7,
BE3249A1,
3C0A2511,
3C22D797,
BE8668D8,
BD101EDC,
BDBD8424,
3E463613,
BE17E857,
BD93E5A6,
3D7664CB,
BD8C52A4,
BDF2387B,
3DFB3F20,
39A08076,
3C013683,
3CE46060,
BD1062CB,
3C1D4B52,
3DB4B1FE,
3D422B7D,
3D012CF3,
3D3863A2,
BD8DA30C,
BACB8185,
3D9BEAB1,
BDE7B2C7,
BDB1CD55,
3DE7846D,
3D115192,
BC68FB89,
3E38CE40,
3E92897C,
BE286745,
BDAC7517,
BDB07161,
3E1CB5C5,
BD962B3D,
3DA19E2B,
3D4BA2B6,
3DD3440C,
3DDA6832,
3E116D95,
BCFF21F4,
BD17D3F5,
3DDD0A6B,
BD454D6F,
3D9D0A93,
3D050A3A,
3DB3D5DE,
3DE1A8C2,
3D28102D,
BE0CADAF,
BBC92247,
3CC1BA8F,
3E5CCBCE,
BD7CBF79,
BDB16C29,
3D941C38,
3D6B8320,
3E0679EC,
3C349AAC,
3D1E0990,
BC739E12,
BD0F9AD3,
BE398975,
3CBB640B,
BE4F514C,
BEE375D2,
BE0089FC,
BE92D5D7,
BD75DD19,
BE02F0C0,
BBF48D93,
BD438555,
3C3642D4,
3D8109EC,
BBE61901,
BDD9F3F3,
BCDFCFE8,
3D4FD584,
3DFC774E,
3D6510D4,
3D233EF6,
3E31BDA3,
3D44E6B7,
3E1BB4AE,
3DD5B2E3,
BE01D1F2,
3D9FF50B,
BE7D6B5E,
3CC8B8DA,
BD844DB6,
3E19FFFC,
3E485DAF,
3D681FE3,
BD887CA7,
BE3BCEDF,
BCC75666,
BE1BC46E,
BD67EAD8,
BDB34D62,
BE2274A9,
BD236C9D,
BC9B1B55,
3DBF77E5,
3CB5A987,
3DC12A40,
BEB16ED6,
3CC049AC,
BE65B5F0,
3D5B9BBA,
3E29E755,
BE85A149,
BD450A83,
BE2D8F64,
BD977ECD,
BBEC797D,
BE26BFA8,
3BDC6287,
BE390BA5,
3D2CE0A9,
BE6C125A,
BD192C1C,
BE0B08EE,
BB955590,
BCA70BA8,
BC6438FD,
3C3E6849,
BCB2DD50,
3BDC8E5B,
3DAE0525,
3D90A66F,
3D91D2A7,
BC062955,
BD41D55D,
3E847FE4,
3D1F5AA7,
3DC9FD6B,
BE261AC9,
3DB6C173,
3B8ACB49,
BDE45B39,
3D874ECA,
3DA7EAF9,
BE5C47E3,
BD4C5A3D,
BDCCCCDF,
BE0DADAB,
3E84538A,
BCADC520,
BCD6CB94,
BED2890C,
3C40A19D,
BE626388,
BDAF4501,
BDAF80DA,
BCA6B7ED,
3E227EE7,
3DA157FA,
3E0619C6,
BD44A111,
3CD2ABAB,
BE5426D2,
BE3A9519,
3DFE85C1,
3E30EB91,
3DE064D2,
BE1DA6B8,
3D33AB95,
3EB9EC5D,
3ECA5F08,
BDE0E43D,
3E695DBE,
BC94E568,
3E8CE2D4,
3C9E7EF3,
3CB61F45,
3DDAB0FF,
BCBF6901,
BDC3FE96,
BDDFC5EB,
3DC9BFC9,
3EF5905F,
BDAA4978,
BC96A704,
BE020240,
BDE77116,
3C995A6E,
3D3DF510,
BE112868,
3E05834A,
3D86AAB0,
BDA554BF,
BBC1FC4E,
BE04056E,
BC37D401,
BE599B39,
BE383E3B,
BDA8E4B3,
BED29D60,
BD83AD8D,
BD766FC0,
BCFDBE07,
3E9A5FE8,
3E676B80,
3E1F896F,
3E82F851,
BB451D15,
3DD9A478,
BD81A61B,
3E141D9C,
3E9F5944,
3E60E12D,
BD815949,
BE033C9C,
BDF45AD4,
BE42A1B4,
BDCF3CB8,
3DF0D370,
BD2B829D,
3D4656C5,
3D2D9FCE,
BD7866F3,
BCD332D3,
BE3CF857,
BE67DB5E,
3E19F4A0,
3CA5A7AD,
3D097D9F,
BD4DEA3C,
BDFA6514,
3BCF8A90,
3C1FCA13,
3E0A5061,
3E507B59,
BEDE3883,
3E0860D1,
BE778B24,
3E779759,
3ED7698A,
BDB4B176,
3E2DF110,
BD6A3540,
BE8072AE,
BE14BED8,
3E28363C,
BE40AE95,
BDE29859,
BDA20AC0,
BE740DC0,
3DACFD5A,
BD676669,
3DA1661E,
BD8BD85B,
3EB9F391,
3E08E792,
BE594307,
3C276680,
3DB9A5C9,
BE5C86B1,
BDA35DAC,
3DAFE3AB,
3E8886AF,
3DBA08B1,
BCD5859C,
3DB95C70,
BDA939A1,
3CA3DEB7,
3D0747A3,
BE80C252,
3E11073A,
BD3D8331,
BE1E8662,
BDB92CC6,
3E040C04,
3E458116,
3E1C3E06,
BDBB703F,
3CA5BB2E,
BE122523,
BDAC1BF7,
BE357033,
3D3C9B12,
3CD7D3CF,
BD63E626,
3D6FC551,
3DFE903D,
BD7475A0,
BE8DD3D0,
3E683ED8,
BB7A7DF4,
3E2A54B6,
3D4DAF60,
3D98E325,
BE26D14F,
BDFA701A,
BD9ABDB5,
3D97BFBF,
3E06E6A4,
3CDDBA93,
3E7A36D3,
BCCAF8B0,
3D90DDA3,
3C25FB07,
BE19975C,
BE740F1F,
BE4B2FC0,
3CF7858A,
BE579F74,
BEC8ABE1,
3E0F6E24,
BC2C3CC0,
BDAA75B5,
3D8880C8,
3D3A8145,
3DF8D1EA,
3DAA3150,
3E57295F,
BD18DB75,
3D42C371,
BCEB2DD0,
3DFDDB0A,
3D1259A1,
3B74BAB5,
3C496D30,
3D512835,
3CD7A4FD,
3E758861,
3E2485A6,
3C895422,
BBF24219,
BD17916B,
3DFCF0BD,
3D8098C7,
BE274CDA,
BD6002CE,
BCD950AF,
BC8BA5B2,
3D716057,
BE599EAC,
BE05E801,
BEB76AA2,
3E760764,
BD5B2785,
3DD2DA7D,
3CEE66B5,
3DF281B8,
3CFA6B5B,
3C17790D,
BE834DFD,
3D901A05,
BDEAFEEA,
3DD73A51,
3E807F1E,
3B3EAB23,
BC72D4BF,
3DFFC85A,
3D50EB23,
BC547A37,
BD452ECA,
3CF8B432,
BD8C77D5,
3DBF7EA3,
3E116C29,
BD5939FA,
3E9A49DB,
BE65709B,
3DAC1811,
3E4DE4F4,
BDE22790,
3DE5BEE2,
BCDC2E63,
BDB16A1C,
3D0ED60A,
BE51EBC4,
3EA8F889,
3E694681,
3D81063B,
BE2C4288,
3C313747,
3D978095,
3B52DABB,
BE305D6C,
3D7EEDC8,
BE52B772,
BC70E086,
BC522E21,
3D8C9246,
BD9CF09F,
BCB64ABE,
BE2B0522,
39D431A1,
3D96835A,
3E4C6215,
BDB2570E,
BE078312,
BDD7A880,
3DAF2ED7,
3D6EFA36,
3E19DFE0,
BD82C53C,
BE0B2809,
3BB8155E,
BE4EA6FE,
BD32933F,
3B13BDB2,
3D4F055B,
3B9D46C1,
BD2AF3DC,
BD50259E,
BDAA02D9,
3D038762,
BD826CEB,
BC8991C2,
3E157583,
3E63A2FF,
BE198162,
BD73F66A,
BDCF4D49,
BD4E0CDB,
3E078050,
3E706A72,
3E2EA234,
BDCE4F71,
3D23568A,
3C2E5D3F,
3D9ADA75,
BE8B2B21,
3E5048D9,
BDD7ED73,
3E64F191,
BD950776,
BD9B3808,
BD9EE2E3,
3C36AEBA,
BCA88749,
BC89F0EC,
3DF3E727,
BCD83079,
BD5C8A40,
BCE116B9,
BDC41AB0,
BC5C5DF0,
3E88EA2D,
BDB5817B,
3D54D1EC,
BD803B24,
BDB52E2F,
3D9682AB,
BD767516,
BC82BEA8,
BDF39B83,
BE1D7C2E,
BD9DE1B7,
BD3F0F76,
3D103805,
3CD0B615,
3BEE765F,
3DA4391D,
3DC42687,
3DC362BA,
3E26891E,
3E2681FB,
3AD7D63E,
BCDC6943,
BD86A1A6,
3D3DB2F9,
3D94B5B6,
BE268742,
BD85F650,
BD5E5135,
BDF0612F,
3D5C39D0,
3CA1E43A,
BDBEB538,
BDC10FCB,
3D45E606,
3DE92EC2,
BD1DAD7F,
3D6C96F7,
3D687A50,
3DB704F2,
3E033A14,
BD2C682E,
3D3E15A4,
3D342D68,
BCDEDFCE,
BBB3FFB1,
3B54CA14,
3D11C312,
3E309F5B,
BD4FD450,
3DE8EAC7,
3CD6ED77,
3D3EEAD5,
3DA641E1,
3D77B5C3,
BD97B961,
3BD731D2,
BD5E47E6,
BDCF124A,
3D17199D,
3D95CC6F,
3C5F003F,
3C971020,
BDD82B66,
BD45D041,
BE0E3ED2,
BE072628,
3D52C1FD,
3E52E016,
BBB2FCF9,
BC64586C,
BD83CBFA,
3CBA150C,
BDE5B881,
3D6A899A,
BE04016E,
BD874DCF,
BD23515F,
3D4463F9,
3D11DCBB,
3E27000A,
3CDC29D5,
3DD64A45,
3DED3DC1,
3DD4BE84,
3DB62DD9,
BDF3455B,
3DC295C8,
BE080427,
BDA640D4,
3C8F6B70,
3DADB8AF,
3D817DD2,
BDD3ABAB,
BDD53ED6,
3CBA60C4,
3D7DB5A2,
3CAE2759,
3E27AE29,
BD8A1115,
3DF0C4A5,
3E3A947D,
BE482499,
3DBF1A85,
BC9548DE,
3CB367DA,
3DF9B2ED,
3E17D978,
3E12C19E,
BDFD0784,
BCFEDA72,
3CA3DCE7,
3C84D477,
3D5AAEAB,
3D74C6EE,
3DA43BB1,
BBF29AF5,
BD3352D8,
BC8090A1,
BDC46D63,
BD9A8EBF,
3D0817CC,
BE03CAF2,
BE2BCC74,
3DBB8698,
BC75295C,
3DE0B8AB,
BD9F7869,
3E2DB362,
3E2817B6,
3B988322,
BD1CEA2F,
3D96C13A,
BD48C0C2,
3E210496,
3E4F0678,
BD3C9B69,
BDD53DAF,
BD158EB8,
BDCF7F34,
BDC2D93F,
3D66E0B5,
3D9D65EE,
3D596FFE,
3D4EB90F,
BDB4C1E9,
3D82A307,
3DD61D6C,
BD6A2B50,
BD473397,
BE275EF6,
3D72976D,
BD386726,
BD2A4F0B,
3D008A9F,
3E22B9CC,
3DE95446,
BD217BD8,
3E1E2CF2,
BE0C07D5,
3D9FC135,
3D565ACA,
3D838B7E,
3D27C460,
3DD3F699,
3D86B463,
BDC03408,
3D34487B,
3C309838,
BD343ECE,
BE0DEAC6,
BCC1637E,
3DA0BD1E,
BA94829A,
3D0BBDE8,
3D8478A4,
39D6F0D9,
BE006E1B,
3E591C4D,
BD8A011C,
BD21A07F,
BDBAF65C,
BCD2D199,
3D597E2C,
BD993642,
BD5C1023,
3DBD1B39,
3CD3B727,
3D0B92AA,
BCDED977,
3D85E29B,
3D437E5F,
BCB0BC82,
BD00300E,
BDBB40BE,
3CE1F617,
3DA9E413,
3D899C75,
BCDD2DA9,
BE2E20C9,
3D985DB3,
BCE2E743,
BD8F34EE,
BDD6EA63,
BDCB1B7E,
BDC24489,
BDC81F17,
3E033119,
BD4BA165,
BDA2FD1B,
BE060FE1,
BD812E71,
3DDFFDF5,
BCC8212F,
BE5DAFD9,
BD722A7F,
BD9B6FA8,
BD7342A8,
BC068DA7,
3DBB159D,
BDB77C83,
3DF05EB8,
3D5CE85F,
3DB41C85,
BCF067C3,
BDD6E686,
BC15EEBF,
BA25FBAD,
3B191247,
3D8E4F4E,
BE41BB9D,
BD66AA03,
BB8C139C,
3DF72B52,
BBE969CF,
3E434BEA,
3D75A2A8,
3B5FFCE8,
3CB47F78,
3D521F31,
BDCDF368,
BE58FFBD,
BDDC60D5,
3D3B76A1,
BD0C714C,
BDE1BD4B,
3DBD0A3B,
3E1EE4DE,
3D2C2EEA,
BDE80DC5,
3D0D6DA9,
BD87E7D9,
3DBF48F5,
BDDD05EB,
BC3ADE14,
BD08A808,
3D6C96DA,
3D8C0C2A,
3DC6B5AD,
3CB6A097,
3B99B829,
BDBB34B4,
BD14E28F,
BE04F4B9,
3C48B6B3,
BE9D9C4D,
BBB81B72,
BC677EE1,
BD48B18A,
3E3E46D0,
3D656FA9,
3C96B6AC,
BA5E7D2C,
BDAE1A78,
3D3C7FFD,
BD9D85C3,
BAB8BC73,
BDBD2730,
BDD5403F,
BDBD7E88,
BD52DAFC,
3DB0DAA0,
BE276348,
BDB3B805,
BD41F022,
BDF1DF56,
BDC2F1E8,
BDC8E99D,
BD854F7F,
BC44398D,
3CF6A70B,
3DD07377,
BD3808D5,
BDD8007E,
BD41A5FE,
3D9A1366,
BE08EE72,
3DC4CD88,
BC5A5C2A,
3D8EEA6C,
3DA01EBB,
3DC15D8B,
BD2EF0DA,
3BD569AC,
3D96DC6F,
BE3B66F5,
3D941B29,
BDD6230F,
3E06D513,
3CF0E72E,
3CB5FEFB,
3DA5CC22,
BE136297,
3DD224C3,
BB322F59,
BE42C318,
3D85777E,
BE191EA7,
3CFC9FBA,
BDDB9D5E,
3DA3D0BB,
3D382653,
BE601AC5,
BCE7A30F,
3D3D19F5,
BCC359E3,
3CBAD9CC,
3DE97D8B,
3CDAF606,
BCD8661A,
3DC70481,
BDD2D3E2,
BD7365CB,
3E239615,
BA3781BA,
BC1CD189,
BAA9C434,
3DC64DC1,
3E009315,
BE2466B8,
BD07FF07,
3E6927F9,
BCF9A316,
3E57CA87,
BD1135AC,
BD865443,
BD27201B,
BDB60AAB,
3DAECDE5,
3CB330A3,
BDF6E44D,
BD08ED11,
BD898B1B,
3CFABD85,
3DAF9B99,
3DC69C09,
3E28774B,
BCB03AFE,
3DE023E5,
BB22758B,
3D812F72,
BCAD6693,
BBC092D1,
3DD2C6F1,
3E1C2EB3,
BDAD714A,
BB6E2ABE,
3E63AE43,
3E61F414,
BD54F7BF,
3E2ED1E4,
BDDE33AC,
BDAC8394,
BD298A7E,
3CBD76EA,
3D24E31E,
BE5102EE,
3D38FBD8,
3D406FCE,
BB3C9E14,
3D7F98E9,
BCCCCDB8,
BD976CF6,
BD562B39,
3E52CE4D,
BD91EAF4,
3DFBCE4C,
3DA50CB6,
3D593DD5,
3D3326CB,
3D79312E,
3E1BFFAD,
3D556765,
BD8D37EC,
BE275AEE,
BE88246A,
BDAFF8F2,
BD87A53C,
BD0579D8,
3D1754E3,
BD8D36C9,
3E1C00D6,
BDF78FFD,
3E1B0E7C,
BE2F2AD2,
3CAA02CF,
BC856F22,
BD6F71A6,
3D051875,
3DB09EC0,
3E84478D,
BCA4663C,
3E21AF54,
BE091086,
BC995540,
3CA322E7,
3D15AA12,
3D959C11,
BE291415,
BE035262,
3D27BCE7,
BDB01FC4,
BE2AEE32,
BE22AC58,
3D4ACE76,
BCE87092,
BE8B387E,
BB2AC69D,
BC64FB94,
3CEC78A1,
3D9D2E30,
3E042090,
3D0C216D,
BE076AA3,
3E3C89AB,
3D013630,
BB7A0342,
3C020201,
3B665371,
3CA1D12B,
BE4C5D1C,
BE2088BB,
3DD6FB46,
BD5BB6BF,
BD3C524C,
BE022C7D,
3D3A7649,
BAA93579,
3D47FD1C,
BD8999B3,
3D7B22F1,
BD6E7E76,
BD0F8F52,
BD1BFF6C,
BC0187C4,
BE338F30,
3DD93EF2,
BDABF3FC,
BE3AB614,
3D6EC172,
BCEA1DA3,
3D96C55F,
BDA26EC0,
3E00286C,
BD4CB93E,
3DFB4BDB,
BE478BA5,
3D3F344E,
3E10BC98,
BC4E6077,
BE9E96F2,
BE072A77,
3D99E9DC,
3D2363E3,
3E08981D,
BD1192A8,
BE867E72,
BD85D6C8,
3D1535AB,
3C715599,
3CC0A69F,
3DDC51EC,
3C635075,
3DC4DC52,
BE188557,
BEFA4017,
BE8A1601,
BD8EF579,
BD334447,
BB21C23C,
BD6686D5,
BD3EF1A4,
BC6B2B0D,
3DEB8985,
3D5F483D,
3E11B191,
3E1BABC4,
3DC1BEF7,
3DBB7182,
BD7565AC,
BE4D2080,
3D3214A5,
3D3F4316,
3DBC831C,
3D8F2E03,
3BEBE9E3,
3C69A47D,
BE30E234,
3D7619AB,
BBEF1C36,
BCBFF312,
3CE24B55,
BD87E5C9,
BE60EB55,
3E023BEC,
3DAFC1D7,
3CC7FA98,
3C7F319C,
BE0DFD50,
3DC05382,
BDEF04B4,
3C9247DE,
3DD3C372,
BD7C0083,
3DFC1879,
3D8BC0D6,
3D090AC7,
BD4C02AA,
BE0734C6,
3E1AAFCE,
BD37A37A,
3DA4C4C3,
BDF7E6AD,
BDB544B3,
3D8742CF,
3DB9D5B3,
3DD496A4,
BD924733,
3D8B3B18,
BEB38889,
3E14AD5A,
BE84C8DA,
BE86A4C5,
BDBCB907,
BC3DF9C8,
BD80CECC,
BE1978FF,
3DEADB57,
BB9DBCE1,
BE00E3F7,
3E16F3C1,
3E30F83C,
3D1DD839,
BDEDE8B1,
BC8755D7,
BCBE4624,
3C4B8604,
3CCC2A07,
3D91630F,
BD24B89D,
BD0CCC99,
BE82DB23,
BD04BB8B,
3E266B4E,
3D153003,
3E164172,
BD9887D1,
3DDE4814,
BC9E4F39,
3DF0CD8D,
BE43F29F,
3D225C81,
BCB00792,
BCAB3CB6,
3DE94F07,
3E21ABD8,
3DA9143F,
BD99F008,
3D8E6849,
3BD71306,
3E56F882,
BD29B33D,
3D32D7FB,
3DEFBF62,
BE51891C,
3CCC61DB,
BDB3C0B8,
3E1B33DF,
3E5CE762,
3DCBD8F7,
BDD44E66,
3B2A09DE,
BDB58EA2,
BC8E1A96,
3E1B7E4D,
3D491875,
3DE0064F,
3E72F471,
3D5E3136,
BE4F7B5D,
3C71B75C,
BDC5918F,
BDC91D59,
BCB8A9B7,
3E209AAA,
3E324F80,
3D34CB48,
3C47F394,
BCB4149A,
BD80C156,
BBA4797F,
BD52930F,
3D9797F0,
3E0BA86E,
3D8C07C8,
3D3A70EE,
BD199ED1,
BD897BCF,
3D3E033C,
3E04E0AD,
B996C975,
3D557B53,
BD98B588,
3DBE8643,
BC4B1046,
BE401A28,
3CACB398,
3DACA45B,
3C0B25A7,
BC81133C,
3DB56F59,
BD8098EF,
BCF4E115,
3D021019,
BDB1416E,
3E0E0D12,
BDE9D2A8,
BDF1CCAF,
3DD17B8A,
BCE36290,
BCCEC0D1,
3DEF2EB8,
BDE1AFC2,
3DBBD5AC,
3CA98CF9,
BDFBCF52,
BD7B2AA2,
BE039128,
BDC14C10,
3DC8AE40,
3D9C3B11,
3DDF83F3,
3DD8FF08,
3DDFA292,
BE055EE6,
3DFDA09A,
BE036ECF,
BDEAC9CD,
3D2BEE11,
BD309982,
BC0DFEEF,
3D2B9A2F,
BDCD1BC4,
3D4C2E44,
3D9C77E6,
3E25F028,
3B6F00E6,
BD6BE865,
BDEEA899,
3E1CDBBE,
3DC4E857,
BD2524E8,
3E4AE717,
BD252790,
3DD370E6,
BD400A0F,
BD62ADA1,
BA5E5C80,
3DCCD9E1,
BE09C591,
3DECEC51,
3D98DB27,
3DC5FF34,
3CA59100,
BDF180A6,
3D8927AA,
BDCB2159,
3C8E386B,
BE062828,
BC0338B8,
3CB0FC75,
3D099713,
3DEE6BCA,
3CC243E2,
392BBE22,
BE2B1620,
3DDAA12D,
3E20D777,
3E4E5670,
BDA34243,
BD1ED2C1,
BCA5E1CB,
BD1D2F75,
BC43DC45,
BD4EEED0,
BDE0EB46,
3D5AF001,
BE01B813,
3DE3A11E,
BD0CF797,
BE180387,
3BB2B623,
3CC885F4,
3CA71BF8,
3DB5C790,
BDA5B0B9,
BD8A55CF,
3C510F29,
BC864025,
3D2DB35D,
3D4F44C4,
BDA91AFC,
3C520761,
BD77A60F,
BE047D74,
BD6D6619,
3D9BFF15,
3DF98282,
3C0AABEA,
3DF5E3D6,
BD49E461,
3DAE4E68,
3D315F78,
BE082423,
BBFA5D6F,
3DD7004F,
BD9FB3D4,
3DE28B17,
3D19AC24,
3C0C7248,
3E2F91C3,
BE429A60,
3CC9150D,
3DFC2251,
BDCE83D7,
3E412097,
BDFE3351,
BDE66BB9,
3CB3F18A,
3E161122,
3D0A1FFC,
BC0AB677,
3E685F74,
3D9C9DE6,
BDCE638C,
3C1AD028,
3CD25E69,
BDC93AD4,
BCE55B8B,
3E4BB5EB,
3D5ED217,
3CCB3BE5,
3D872E78,
BE1A1728,
3DDCC21D,
BD901E00,
BE05F21C,
BDB737BE,
3D89B977,
3CFA698A,
3E2AFFE1,
BD93CBF5,
3EA69A76,
3B35E36B,
BE48AFF4,
3E2EC480,
BD4B8DDF,
3D8DA4FF,
3DAEB0FF,
BE74C4CC,
BE474A9B,
BDA6D063,
3D176F7B,
BE0BDE96,
BD99CD8A,
3DAA9919,
BDE4B058,
BE72EBCF,
BEA8AE1F,
3C93C9B1,
3E30650C,
BD6B2309,
3D957B4E,
BC950067,
3D150A82,
BDFA9CA8,
3E78761E,
BE901E56,
BD30E00D,
BBBF94BA,
BD7A8EBA,
BB431287,
BEB066A5,
3DFCF64B,
3EAF68BD,
BC276DDE,
3E48C6E1,
BE4D014A,
3E06FA8A,
3D7D3261,
BE1E5F51,
3D344A3E,
3D69A40C,
BE850AE4,
3D0469E3,
3D1BA3CC,
BC89E12D,
BD86AA7C,
3DA35B95,
3DD250AF,
3E7A50F6,
3E3F03AC,
3C87D695,
3DEF74AA,
BDC38D05,
3D68D698,
BE36E363,
BE66CD43,
BC8022F5,
BE30A677,
BD89D188,
BD2C9CF2,
BD80B601,
BE387FB0,
3D930ECB,
BDA874E1,
3E052CEF,
3E5EB9A5,
3E00F7AD,
BC9EF773,
BE06AE33,
3D46C841,
BE8B8CB9,
3E0478B0,
3DF92006,
BC47C464,
BDDE743A,
3E3BAD4E,
BE43464D,
BDE35C12,
3DAE0025,
3D01FDDB,
3AFE83F3,
BE285718,
BDD2A2EB,
BDE34925,
BDC9F1A3,
3DABA342,
3DCC96A3,
3D90B558,
BD8AC69C,
BD72E41B,
BDB3BD98,
3DCA8667,
3BDBD187,
3D7197E9,
BD811A98,
BDAC8675,
3DB58652,
3E91FB35,
3B090C9D,
BDB2E3FD,
BD58A0B6,
3C0DF9D6,
BE30556A,
3E4BCC6D,
3DD6FE61,
3E5428AE,
3D2F9AD6,
3B86E617,
BCD56C8C,
BDC96188,
BC856890,
BD21A404,
3C77CD7F,
3D3FC497,
3E761F4B,
3E011A55,
3E32E3F8,
BCA8AC7E,
3DD1F177,
BD498935,
3E1645CE,
BDE54460,
BDB89217,
BDE4546E,
3DA7ADD8,
BDC4253F,
3CE1D4D8,
BE3480FC,
3E25448D,
BC63D0C7,
BE86972E,
BE2EB8A5,
BD0F37FD,
BEDCF142,
3DCAFB45,
3D5834DD,
BE21AC65,
3D93987D,
BDF3A6D9,
3CF310F6,
BD1446DC,
BD7DC000,
3D652F32,
BD8B9E1E,
3E0D4DF7,
3D10CF24,
BE0C9C8F,
BD191766,
3D815E9A,
3E6D774C,
BE467EA9,
3C289B7D,
3CFCBE83,
BE88233F,
3DB1B90E,
3CB4154B,
3D9B3DBB,
3C96469C,
3DCAF70B,
3E39E200,
3C284199,
3D12D709,
3E11F954,
BD16E89D,
BCE4ABB6,
BD78956C,
3E4E0214,
BE39B02E,
BDADFC86,
3E076897,
3D360C13,
BCC2634D,
3E041983,
BE7F1447,
3E1651BF,
BE030DCD,
3E16F7C2,
3E702F20,
BDA11589,
BDEE13B9,
3B7EA680,
3DE43DAD,
BE1409F4,
BCE33939,
3D97190A,
BDCAC99C,
3D503C1E,
BDF83C32,
3D4B857F,
BD7110E5,
BE57C206,
BDC23B88,
BCEFFCAD,
3DBBC159,
BD88BA8D,
3E8133C9,
3DD69674,
3E0F0DA2,
3DFE9B3E,
BD094AB5,
BDC24615,
BD3311B2,
3DF0ECE1,
BDBB7CE4,
BDCFDCF6,
3E0EC684,
3E63348F,
BE1EFA01,
BE4A8518,
3E2A9618,
3E496BA1,
3E519F72,
3DB0A238,
3DDC3E1F,
3E1173F5,
3B44DB98,
3D4D49EC,
BD255FC6,
3D447722,
3CA3CE72,
3D80091A,
BDC69550,
3D86AF7E,
3DF3CF94,
BC62CF0D,
BDB49B8D,
BDCA25D4,
3E278E53,
3D9D3803,
BCE90302,
BC9347E0,
3D2DC9B4,
BD7CC22A,
3BA122BE,
BD3D9A3D,
BDD9AEEC,
BD33EB68,
BDB0052B,
3DA85E0F,
3BA62E9B,
BD90D82A,
3B20DE11,
3D12C0B2,
BE0747FF,
BCF66DF0,
BC2E528C,
3B02BFB6,
BE471BFD,
BD33B417,
BD280744,
BC44924F,
BC367507,
BAA997F9,
3E071D94,
BDE1C538,
BD1F0EDE,
BD201790,
3D553AA8,
BD5ED0F6,
BD339FD9,
3D908A3E,
BC908D25,
BB2E6F8A,
3D894192,
3D10EEBA,
3D6C03D5,
BD9AAB5E,
BDAB0FF3,
3B19EFE4,
BE444689,
BC35D1AD,
3D995860,
BC689EDD,
BD454322,
BE24A615,
3D34FEAA,
3E001FDE,
3C126C77,
BE1B2663,
BDB910EF,
3D439AEF,
3C9280FC,
BD6B5168,
BE30C065,
BDCA064A,
3D3D4177,
BDAE5DCC,
3D51B0C8,
3DA7F0ED,
3D77EBCE,
3D459EEA,
3E1E57AA,
3C93B9E8,
3D0B0A20,
3E1C4761,
BB3D4A12,
BDED1B47,
3C42FB7E,
3E2F7221,
BBCFB026,
BD02E795,
3E3FD39F,
BE3E1E9D,
3D777A67,
BE0D95F8,
BDE0451F,
BBA4FE0E,
BDB37AC2,
3D8C2CDD,
BD470577,
3D8CF40B,
BCD118C2,
3DD1F954,
3D19C06A,
BCB53B89,
3CE9F940,
BE3F02D1,
BDDA397F,
3DE575FE,
3C81D7B6,
BE05FAB7,
BBD91755,
BD8AB177,
3DDA7FCD,
BC615BDB,
3C84722E,
3DBDB87F,
BCA0C72B,
BE9B8DD7,
BCD7B1BB,
BDB826E5,
BE082D58,
3D5A867D,
3D923F62,
BD5A0BD4,
3D189990,
3C7511CA,
3DB5C6D3,
3D81238D,
BD461467,
BC0F4A3B,
3D8957BC,
3C1F3D4B,
3D615FE9,
3DEFF174,
BD95F455,
BDB7012B,
BDF57B55,
3D136D69,
3DD7C8A9,
3C93A1BB,
3E37667E,
3ECDBD5A,
3C044D20,
BE6B213E,
BC18B5B5,
BEA644FA,
3CBC2116,
3B5836D2,
3E2912E1,
3EA5B192,
3D9F9451,
BDFFD1CF,
3D2E80AC,
3D9FC13D,
BC8D85CE,
3DB39C99,
3DB41FD8,
3DB0D082,
BCFD7B0B,
3E0641D9,
3E602EA5,
3E3ACBEE,
3C61AD68,
3BFB1A5B,
BD1A97B4,
3E7F5B23,
3E24A6AB,
3E32F5ED,
BE0D823E,
3DB4B84A,
3DEF76CC,
3DF5650B,
3DCFACE6,
3D245965,
BDD16674,
BDEBD56A,
BC510064,
BE394BD6,
BE087740,
BE9695FE,
BEBD994E,
BDF33CE1,
BE07AE82,
BDE8F491,
BDF24141,
BD8A84C2,
3E1AB34C,
BCA94615,
3E584CB7,
BDA9ECF2,
BDB9CC88,
3E98E7BC,
3C392ED6,
3C14735A,
3E1931EB,
3E92414D,
3C4E3FC2,
3D97EB32,
BE0FC6AD,
3DA408DE,
3DE7080C,
3CE93BA9,
BDEB17B6,
3D67E009,
3E8DE19A,
3DD79A5D,
BD3D57A3,
BE8F617B,
BD8AADE7,
BDB323FE,
BD1DD39A,
BCC9CBD2,
BD48C6A1,
BCBE64BB,
3DAE97D5,
3D034ACD,
3E26A677,
BD1093CD,
BECF06F0,
3E48BD4A,
BE8209E7,
3E961FF8,
3E04D1E8,
BE81B267,
3DD82F00,
BD915BC8,
BE06E707,
BDD28F28,
3CBE3D63,
3D9DAB91,
BEEBC2BA,
BE3CF4F1,
BE3CAE19,
3E032349,
3BB0B81B,
3DAA64FE,
BDAD4C38,
3E393E5C,
3DB4E908,
3C56808B,
3C53335C,
BD99085C,
BD376609,
BD3D9EA0,
3E295DFC,
3DD11F4E,
3DBCB06A,
3C82C17A,
3E080B63,
BEA48816,
3CE57A5D,
3E2BA740,
3C1FA0F3,
3E087E9A,
3C92F32D,
BE0B234F,
BE38E03F,
3D9B2D50,
3D3A6BD5,
3D300AB4,
3DB4D02A,
3CA3C94F,
3CAF3987,
3D2E12F3,
3DBD17B1,
BCFA04C9,
3D4A9179,
BCFA4EF3,
3D3248B0,
3E57D5FE,
BDCD28B5,
BE0A1A27,
BDDBA954,
BB86A450,
BB67C0BD,
3DE0F9BB,
BE22E3C4,
BE03CCE9,
3E342AC4,
BDE8F78E,
BCD62EE6,
3D871211,
3CAA385E,
3DABD2B7,
3D47F812,
BDF5F153,
BDB306E4,
BCE3AB65,
3DB21408,
3C8D8CF5,
3DE66446,
3C2184BA,
BE828EE2,
3897DBF4,
BC8C2087,
BCCDEDD5,
3D78BAE9,
3D454B3A,
BDB3D7CC,
3DDA9A76,
BCF5BC31,
3E1CEA35,
BDD416DC,
BCA9DB43,
3D93E046,
3CC69740,
BD80DF39,
3E367033,
BD2450A9,
3D56386A,
3D58BF11,
3E0DFAE3,
3D311DBB,
BDB035E7,
3D124BF4,
BE529C13,
3CCEDFD4,
BE93CFC3,
3D62E5F7,
3D37842F,
3DA0EE18,
BAC9B30D,
BE07B789,
BE13209C,
BE1FA478,
3E2CB69E,
BDD5F029,
BE021A29,
3DF45D41,
BE583046,
3D983AA5,
BCD83236,
3D46751A,
3E592328,
BDBD0366,
3E78D91C,
3C0817F8,
3DBBA2E9,
BE3068E1,
BD85B557,
BE1BEE3B,
BC9CFDA5,
3CD701E0,
3E14DB59,
3D064E68,
BD1B2B1F,
3E23B0E1,
BD0FDECD,
3E72B790,
BCFC2DAC,
BE114353,
BCA07485,
3C92EA02,
BD6DAD5E,
BDECAF2E,
BDBBCF66,
BDAA896E,
BA467D59,
3DE3F786,
3E24C1FC,
BB4E0D49,
3C35D0CE,
BD5BA4EB,
3D40FA0F,
3D4690F6,
BE253234,
3E0D6C43,
BDC0FFAC,
3DAC925C,
BBF554D1,
3DF2C01A,
BDBE9397,
3D1095CF,
BDE33C68,
3D99F68C,
BD919F70,
BD1ECD46,
3CC3A560,
BD257B4D,
3CE3AFC4,
3D3FF2C6,
3C3124D1,
3D076916,
BB417AE0,
BDB9DD2E,
BD48C7C7,
3C46F655,
BD5A6BB8,
BDBFA82D,
BE1F6856,
3E378861,
3D1C1F65,
BC0B510F,
BDEDCBE1,
3DA55A9D,
3D4A195A,
3DB5525F,
3DB28DBB,
BCF67D42,
BE1C1BBB,
3E5D7622,
BD3B52FB,
3DA261B3,
BD5CC779,
BDA56F49,
BCFD044C,
BE2951EF,
3C523334,
BDAD1288,
3E1C6CE4,
3DA6B341,
BD563A74,
3D120F7F,
BC533858,
BC3C7F10,
3D776249,
BD31C098,
3D036B20,
3D1504FC,
BD8E2A0C,
3CFC7F09,
3E25BE88,
3D49D724,
BC7A963B,
BDC0C8F5,
BD0FCB04,
3D81A8CD,
BD42AB71,
BD98CE7C,
BD89DE1C,
BD1B11B6,
BD303684,
3DA2F012,
3DB9DFC6,
BDB1A926,
BA36FE0F,
3D566C40,
3DF270C7,
BDE96F02,
BE196FC1,
BC556694,
BDF45434,
BD97A80F,
3D1AA297,
BDF57706,
BDC006C9,
BDEC42EE,
BD1FF89A,
3AFDA573,
3C544736,
BE0A576D,
BC564372,
BE0F9318,
BD070420,
BCF7D766,
BE39720C,
BE2F8428,
BE10AB5E,
3D8A5D17,
BE1063B5,
BCD7A6D5,
BDB26EBB,
BD9D42AC,
BCA2B745,
3D9C632B,
3E3DA57C,
BDA8219C,
BE285EA4,
3DCB5051,
BC9C92EA,
BD9F656E,
BD69CBAF,
3DF3713B,
3E9624CA,
BD8279E5,
BD9B8F11,
BC6E3FFD,
BDC5E84C,
BE0A6E70,
3D70B5A5,
3DBD9A74,
BE001C9D,
BE403C16,
3C0F4443,
BE13A04F,
BC25600B,
3E447664,
BD56584F,
3CB0DF50,
BDDA1AEA,
BC20042E,
3CCE2B6B,
BD9B49E7,
3E2F0A12,
BE1486BD,
3C56C792,
3DB28CC0,
3D211B98,
3DBDE180,
BD9A8144,
3D9A01AC,
BDAD8600,
3E25F6EF,
BDC02190,
BE36AE85,
BD49AEA1,
3D9AA29A,
BDBD69AE,
3DA43617,
3D2E760C,
3D86E659,
BD9D8226,
3D244203,
BD22D7AB,
BDD5B5B4,
3E5B8AAF,
BD244BB5,
BC23950B,
3D8B33FA,
3D973F7E,
BC9CA422,
3D8E20A7,
BC26E896,
BE05490E,
BDB1F872,
BDB3E55C,
BDB1C711,
3D1BA281,
BDB82039,
3C1E31D5,
BD878842,
BC896A60,
BE03D46F,
BE120A3D,
3D524B77,
3D733B29,
3D37C57D,
BD83EB1C,
3E0BF1F7,
BD7BE8F3,
3B97E134,
BD2B4F6A,
BB991AB2,
BD5E3DE3,
BE3D0DAD,
BE5B759B,
3DC2D591,
BD9BA9B1,
3DBDA272,
3C0A8FB9,
3C4B795D,
BCC3BBF6,
3D45E715,
3CDF545E,
3D8F348E,
3C013632,
3DE4D47D,
BD830D4D,
3D4A293A,
3E134466,
BE0B7111,
BD72F8AF,
3E7C9381,
3E40F838,
BC6B59D5,
3E1440A6,
BB2D4E76,
BD9E6695,
3C903EFE,
BDBBE9AC,
3D900E8F,
BC0065BA,
3D9F729B,
3CEDACFA,
BDF71769,
3D8A802B,
3BA350F9,
3C64D14B,
3E0FF247,
3DCD9D2B,
3C992AB3,
3D095220,
3D957D82,
3C5E31CA,
BD910BCC,
3D9D2EA7,
3D427CEA,
BE76FFFB,
BDEBEF18,
3D3F8F81,
3DCB6101,
BCF64AE1,
BE2A7ABB,
BD320806,
BD8E3B00,
3D571CB1,
BD3F5E36,
BD74D593,
BDD6AEF3,
BD7A1C5B,
3DA576AC,
BDAD7A94,
3E33E5EE,
BDD470E2,
3DC30142,
BD5B4F25,
3E3A4CBB,
3DE5805C,
3BEDF181,
3E07B138,
3DB25384,
BDD3E940,
BD931089,
3CE56099,
3DC338D6,
3D687C4D,
3E0596D4,
3D1EFDD3,
BE273BB1,
BDBE58C9,
BE022BFB,
BC5D5042,
BDBAF1BD,
3DEEB00E,
BE08139C,
3BB25A42,
3D6CF550,
BE35F6BE,
3D01CB61,
3DDFE874,
BD349DE9,
BB505989,
3E3B58FB,
3D8508E8,
3BBF6C8D,
BE41E713,
BBD043B9,
BDC0E7E3,
BE1FDF9E,
BE058370,
BC2521F1,
BDE624FC,
3D12C6B1,
3DBE8214,
BD06A2EA,
BE21B7B1,
3CD4DE63,
BD922836,
BDBE9400,
3C80C6EC,
3D9D9248,
BD92CB65,
3DC36299,
BE838F71,
BDD31F76,
3E0F4D22,
BD312B8B,
BD3B349C,
3D99EA0C,
3E034F31,
BE4BEA2F,
BDCF1BD8,
BE163B39,
BC7CE84E,
BCC80A92,
BDE1EA92,
BD219364,
3DBABB4D,
BD3F73A6,
3E884576,
3DA467A1,
BCCE0E6B,
BDAA9EB2,
BE382E5B,
BD527473,
BE262676,
3D8D6EB0,
BC9D3AAF,
3CBC3B95,
BDDA3740,
BD2CEA6D,
BD634AFF,
BE5D3C39,
BE0F55B6,
3DE33950,
3C97DF21,
3DC4797E,
3D9FC153,
BD863D4B,
3BC43CC8,
BDFE1061,
BC2A77DA,
BBD428B6,
BD83EAC0,
3E126513,
BD29315E,
BE5383A9,
BD93F14C,
BE295620,
BDB388CD,
BBAA52DA,
3E35E349,
3C56488A,
3C9A4CFA,
3D79ABF7,
BD9C20CB,
BD789C7C,
BE6DA5C6,
3D90C5FD,
BDA315B2,
3C997233,
3E4DC516,
3DF228B6,
BD2287CF,
BDE8B058,
BD044345,
BD1BA899,
BBF2C1EF,
BD3D40B6,
BC7651AF,
3E04D020,
BD8E974B,
BDEA5157,
BDA4E40F,
3C4F1280,
3CC15E5E,
3BD809AF,
3D2609B2,
3E0D6993,
BCABE01C,
3C4C8289,
BCBA3122,
BCD2D622,
3D454E7C,
3C69E103,
BC820F41,
BD75A716,
BE4EE3E3,
BD5206BC,
3D2928C9,
3E034EFA,
BDFFC8A7,
3C0DDC4E,
3D9B57AD,
BD29E7D4,
BCD28175,
3DA01EB0,
BD82696C,
3D646795,
BC9FCBA7,
BD683790,
3D946229,
3E020D21,
BD240011,
BD887524,
3DB1A4FC,
BD1816E2,
3B47E642,
BCCDD0CF,
BC5364B3,
3D52C6E4,
3C8F1B2E,
BDDBB07F,
3D5D9E4F,
3E55C4A3,
3E319FEE,
3DCD3A23,
3D6EB88A,
3DACF3B5,
3C2846DB,
BE2FE758,
3E6D948C,
3D40C9D2,
BDDB427E,
BD85FEDE,
BE03F398,
BDEC7B4D,
3D2D1188,
BDB2268A,
BD16E113,
BE096A2F,
BC26F397,
BD649CCB,
3E26BF00,
3E06C507,
3C53B5BA,
3DA57414,
3D5F81FC,
3DA1C755,
BCB1319F,
3CF898FE,
BDFBCBA8,
BE8B176E,
3DAF8617,
BD39FD39,
3DB84A05,
BDE0C08F,
3D52318B,
BD8BFF67,
3D1D5151,
BE05649E,
BD273EA0,
3D9B1661,
3D2EBB2E,
3E1F4018,
3E3E13C0,
BD92F7D4,
BD2A7E2F,
3DA85884,
BE85A0B7,
3E1289BC,
BEEF2778,
BDCB4FE8,
3D904437,
BD837828,
BD2ECA93,
BD82757F,
3E3BA0F5,
3D1DFE56,
BCDC67E0,
3D517E23,
3D5D3BCE,
3DAFACEB,
BDE87F07,
BE1B15F6,
3DE6097F,
BE0A0998,
3E5B2E26,
BD2E7A72,
3E347EBF,
BDC3B3BA,
3E739467,
BBB4A8D0,
BDE68EA5,
BE3E9D06,
3E2157D5,
B9BB1DB3,
BE497676,
3D3F39FA,
3C6B72D5,
3DE50CE7,
3E48393C,
3DAAC709,
BDBD1DFC,
3E48E2B2,
BE068B17,
BBC8D41F,
BD906F6D,
3ABDCEA9,
BD91B2E8,
BD2A69B7,
BDF80C56,
BBCA5F11,
BDD49369,
BD26D4BD,
BD3D00AF,
3E4FC32E,
3E8F54D3,
BDC1C208,
BDA05738,
BD9B2DF2,
3D83D052,
3DE0C2FD,
3D8DDA07,
BE987FD0,
BE44D115,
3DF46D88,
BE2482D4,
3DA88CF4,
BDFB944C,
BD00CFE4,
BDB5F17D,
3B9A5B60,
BDCA10F5,
BBF8EFED,
3E7F25BB,
BDD4C161,
BDA6A03C,
BD6F563F,
3E66450B,
3DAC6135,
BEABF168,
BCC57C23,
3E4D3295,
BD4A7FDE,
3D03E0A7,
3DD53AF0,
3D70631D,
BDA05CD3,
3E556110,
3DCFBE31,
3E3922FC,
3D1FD08B,
BDA2D864,
3DCC9EE1,
3B9EA5AA,
3D17DE8B,
BD9FBDC5,
3E2F50E8,
3DA5BE2E,
3CB6C3B1,
BDD2C0B0,
3D30C8EB,
3DA2B523,
3E149FB2,
3D45C668,
3D0DA83C,
3D3DB562,
3D923F5B,
3C3051E2,
BDF6311F,
3D6400E2,
3C8F783C,
BAA0DBC9,
BC7D7AA8,
3D8B8C81,
BC2937C1,
3DC781E6,
BDB71F1A,
BDDBFF22,
3D156A14,
BD738BFC,
BDF85590,
3D856932,
BDB673C2,
BD995B4D,
3CF68569,
3CB913ED,
3D7C58A4,
BD34B227,
3BB56319,
BD255954,
3D493153,
BD63C558,
BC01D1E8,
BC2ED4AF,
3D839F35,
3D595CEB,
3C438C8F,
BDE2538E,
3C084768,
BBE0A67E,
BD76F3A5,
3E13CDE4,
BE2A9C7F,
3DF8E6B8,
3E1469B9,
BDBEDDA2,
BE0BDCD1,
BDC3C053,
3DF58770,
BD4996A9,
3D076838,
3D70BBC5,
3DB321B2,
BDCD213F,
BD1D8286,
3E0B2C4B,
3D154006,
3D9AD670,
BDF14505,
3DBFF540,
BD15C0BE,
BDD14364,
BC53449D,
3DE7C89C,
3D423F80,
3DDFA36D,
BD4FE9F6,
BB5B442D,
BD91EEF2,
BC89DBF2,
3E0BEB03,
3DEAC252,
3C4CB047,
3C011C6B,
BE17F9FC,
BE08D16D,
3CD87B85,
BD8CBC12,
BD83EB4F,
BC7DE0B4,
BE2CE83A,
BD2EE193,
3D2D2B9F,
3D752015,
3DE97A93,
3DA65E40,
BD41D148,
3D28C0B1,
3DD476DF,
3C8A2599,
3DEFB155,
3C53D87B,
BDB5ADCE,
BDFD712D,
BE117E4E,
BD6F2D4C,
3D9A71D7,
3BA69B82,
BCD83D02,
3E045E3D,
BD82B291,
3D25A4F8,
BD38A148,
3C3E1145,
3E03BE98,
BD92A6B9,
BBC53987,
3D50F218,
3D3F94AE,
3D34F9E6,
3DEAEFCA,
BD195495,
3D2C917B,
BB2BEE9F,
3E2DDB7D,
BD592A80,
BD982CF4,
BD03A7FA,
3BF4815E,
3AFEDD40,
3D4FC954,
BDAA7787,
BE05FBC3,
3D962375,
3B116271,
3D753405,
3C3B5D42,
BE212897,
3C98D390,
BA0AD87D,
3D615C61,
BD226A38,
3BCEC975,
BD9F9E0B,
BDD55107,
BD33E301,
BE7765E5,
3D2CF360,
3DA72643,
3CBCC191,
3D0375DE,
BD54765F,
BE32DC49,
BD166952,
3D9CC30D,
BD5AA317,
BDE6D622,
BDBEEAC0,
BE652F40,
3AF96BF5,
BD45D09B,
BC9BFE6A,
3BC34B63,
BDEAE1CE,
3C7CA6F1,
BE525AA0,
3D687C1B,
BE17852D,
BDFE3BB0,
BDD8736F,
BE198658,
BE8C6CBB,
3CFE00B1,
BD5D5377,
BDC9C4CF,
BE3673DB,
BD151393,
3E349FEF,
3D83480A,
3CEDC711,
BD9889D7,
3CAF13E1,
3E4A8C44,
BC96A986,
3D27B1F0,
3DD62980,
3E1A9EC2,
3E22FA13,
BC6F657A,
BD17F847,
BE128837,
BD4A77FA,
3D88C0A5,
3C8A764C,
3D0E9FBB,
3AFF0257,
3CB2DE27,
3D547427,
BD5FD719,
BE2550EA,
BE53BF20,
3E161736,
3DB00902,
3D13C74E,
BD3D68CE,
3BEDE669,
3C0462BB,
BDE906C6,
3E0AB35F,
3E38F5DC,
BE23C732,
3DB212AA,
BD0890FC,
3DB69382,
BCC075AD,
BE3457FC,
3CF866E3,
BDA89A4F,
BDD26C28,
BCDF0B64,
3DF55936,
3D342B32,
3DC572B7,
BD8D6F5E,
3DF93E6C,
3D448CDE,
BD2D7C19,
BC89D217,
BDD72420,
BB3484D9,
3E4052B3,
BDC36819,
BC57FAE2,
BDDA7B21,
3D45E547,
3D14388F,
3DB41CF5,
3D1B3116,
BDED7BE4,
3C719B31,
BCEB4E5E,
BD0D730B,
3E32E276,
3DB6E6CB,
3D7FE267,
BDA0C028,
3E525413,
BE1A8817,
3DBA2200,
BE464CDE,
3D671FBD,
3DA5EF58,
3D46FC1E,
BD8C705E,
3E1C4DAA,
3D8C694D,
3DA6C775,
BCD70FF9,
BDDEC948,
BCE4E488,
BBE787BD,
3C6BE0C8,
BE1773B0,
3DE5997C,
3B86B5B0,
BD8F80F3,
3B5A7BCA,
3DB34E39,
3D16677C,
BDBE0987,
3DAD3A8F,
3DA0A81B,
3DAB2A86,
BD18A99C,
BC3FADDD,
BB9CC626,
3D43F432,
BDA0B5E2,
3B96FE4D,
3CE827D2,
BD913DED,
3D09F8E7,
3E0C072D,
3CF3B445,
BD6F8079,
BD011743,
3CD9FF5A,
3D41EDE6,
BDAE4144,
BCFDD003,
BBF240A7,
BD313B8C,
3B825D03,
BD0ADA0F,
BC8252A7,
3DBAC2D7,
3DA2607A,
3D829BB9,
BE03DB6A,
BE59E080,
BDA3ACCD,
3C0AB641,
BD7C1061,
3D50C5AE,
BDCC217B,
3D7E567F,
3D693C65,
BBBA0DDF,
BE168F44,
3D5AA8A8,
3E1265D5,
3E1260DB,
BCB47566,
3BB30620,
BDD369B6,
BB964F08,
BDC3EF9B,
BBB269E3,
BE70DDF1,
BC312C53,
3CF6C185,
3E203B78,
BB7418D3,
3DE56087,
3D6BD761,
3E230D23,
BDCF8BA7,
BE8101D6,
BD016E6F,
3D1120A4,
3E0C1E2D,
3E0FEC98,
3C5E4511,
BDAA4F6D,
BD814FCE,
BDE63431,
3E293241,
BC38C636,
3D764280,
3E0F1921,
BD30D828,
3DAF24D7,
BE2A32A9,
BE4218D8,
BD183A33,
BCB4766F,
BDB06216,
BDDD4ECD,
BD8CAF4F,
BD603624,
3E34A508,
BD9035E7,
BDAFB4DD,
3DE6B351,
3D4422B5,
3DCE5F34,
BD8095A1,
BE2E35F3,
3C800432,
BD86A0AE,
BDFFC906,
3D91D936,
3D87CD19,
BD43126D,
BCD02F21,
BCA6BA68,
3DC04C25,
BDF7E86A,
BDC6B8D7,
BD15C884,
3DD48A2C,
3E40AD6F,
3E076C87,
3A96DA02,
3E1F8ED8,
3CD33406,
3DC620CF,
BE88C5D7,
3DF40E5A,
3C94D973,
3D2D34A0,
BDCC102A,
BDA92BE9,
3E03E8EA,
BD7DAB68,
3D99501E,
3C92EECA,
3C2B4FFC,
3DFAFCAC,
3D9D6688,
3D4246F0,
BD8EAC97,
3D800D61,
BD58FE65,
3CE5CAC4,
3D383D9C,
BDB55683,
BDC4A796,
3C812047,
BD6A3A0C,
3D1420C7,
3B84F655,
3D927D9A,
3E877AEA,
3E348A7B,
BD58281B,
BC61E0AA,
BD28EC4B,
3CE70471,
3DA67A66,
BC552F71,
3D864E0A,
BD93D23A,
BD6A5DB6,
BAB94DFA,
3C734C4C,
3D3DBA68,
3E59A9D6,
3C8E5F3A,
BD87EBE4,
3BE16DAB,
BDD2CACA,
3DB3B01E,
3BE069A5,
3DCDFEE6,
BD85FF35,
BDA2A34C,
B99FB11E,
3D64C4C4,
BE125514,
BE7BE8C5,
BD28D8C4,
BD4FD913,
3D51E4F5,
BD332C1F,
3D840742,
BD75242B,
3BB3DCA3,
3DB076AA,
3D589A48,
3DE3404B,
BE10B8F0,
3E176ED6,
3DF3F017,
3CC19E58,
BBA8CC9E,
BDB2F5A6,
BC95C3A3,
BC8B2532,
3D333232,
3BDB3ED3,
3E21B826,
BD8130E1,
BC43B12F,
3E000E82,
BE16C6AE,
BB79FA0F,
3CFF75E6,
BDAB7A6E,
3CB281E2,
3E60C629,
BC7A1E75,
BDD52705,
3D59C6AB,
3E0A8A04,
3DC34B26,
BDDFC72E,
3D179EAB,
3C232DC6,
3D0DD3CD,
BE204EB6,
BCFCF083,
BE5D58BE,
3D909475,
BDFF52EC,
BC84C37C,
BD03EFD0,
3DBD0577,
3D27CBA8,
3D144EEF,
3E16244E,
3D0775E6,
BC3C1B88,
3D1D862B,
3D2CE470,
BDAE18B0,
3E244DD1,
3CFA302D,
BC30ED03,
BD12D33F,
3DB5C6FB,
3D41B11F,
BD74FF44,
BD3E6C90,
3DC295ED,
3C38C803,
BDE07BC7,
BD883DF6,
3E03964D,
3CF8D7CE,
3DE1886D,
BD85443A,
3CFC6959,
BD44B3AA,
3DB78EA4,
BDE99137,
3C5E829B,
BD29640A,
BCB9CA5E,
BDC28AEF,
3CE7C810,
3DFACA58,
BD706365,
3E0532B7,
3CA90639,
BD0FDEF7,
3D39E645,
BE112E9B,
BDC7DFC4,
3DCDB0F2,
3D823383,
3C9D09FD,
3C380E82,
BD9396D1,
BD94F6F3,
BBEC5BFD,
BC3B3CF2,
3DFF7F22,
3DAFA2FA,
BDD9EF31,
3D9249EE,
BE0E35EC,
3DE6714F,
3DABFB9C,
BD06AE84,
3BFE9D51,
BE576C1B,
BCE6DC63,
3E1321DA,
BD22872B,
BD55C36F,
BE9FC90D,
3D8A0DBD,
3CD9A17F,
BDAEC15E,
3D503EB0,
BDD96B46,
3E0A7CFD,
3DB4CB6C,
3BDF946D,
3D1E0ECC,
BD9DFCEA,
BD9120F7,
BD00F1F0,
3D11AB70,
BCD61D6C,
BDCFB5AA,
3DCAF355,
BD895420,
3DBCCDE0,
3E2A3C1B,
3DCB700E,
3D3CE074,
BD2129BC,
BE4E38DC,
BDC57886,
3E0B5C2E,
3E46D01E,
BD862294,
BE68961A,
BE283C8E,
3E7D718E,
3CFFA63C,
3D35E960,
BDA6D44D,
BE4C76EA,
BDB56AA3,
3DF1F845,
BD8C3DA0,
BDCDF964,
3D6AA34E,
BDB15D91,
3CB10BD2,
BE9E0558,
BCD06545,
3E44E0DE,
3CF082B3,
3E11A0BD,
3E217279,
BE5968F9,
BDD150DC,
BE2302CF,
3E833684,
3E88501C,
3D2052AB,
3C8F9A6D,
BDE44943,
BDF58BA9,
BDF7E595,
BD77A821,
BD584105,
3D833006,
BD98FA62,
3DFCCD57,
BC4A5C32,
BE3BA8CE,
3E119086,
3D6ADF96,
3D95D5E5,
3D2F001F,
BD38D6B7,
BCB49225,
BDA02A05,
3D6B50FC,
BE2CDB82,
BDC31A5A,
BD37860C,
3E779FB3,
BD6C8DA6,
3D52C63A,
BD113C3E,
BD72953F,
3E39E461,
BDB51D5C,
3D7A35DD,
3D813C82,
3E81D939,
3DE91A4E,
BD31E591,
3DB1AF43,
BD18030C,
3D65FE81,
3E0993E0,
BDB78296,
BD637E43,
3C6D7F08,
3DCABC8C,
BD4DB727,
BD735E38,
3DA557F2,
BE0FBA5A,
3D893090,
BDC7C75F,
BDAD8D42,
BE182E05,
BD0428AA,
3D3E5244,
3C28618B,
3DB06A94,
BD1F050B,
BD128486,
3D65ABC6,
3DCB9A0F,
BCF008E7,
BB941726,
BE361F66,
3CD9B742,
3DE391B8,
BE157F91,
3DB3065C,
3DEB0C24,
BC9FB773,
3E54CAAD,
BE4FE742,
3D1A37B0,
BE72121C,
BD99A74F,
3C9B6494,
BE22C6BB,
3C36B438,
BCE48EC1,
BD22793C,
BDA1A506,
3D30B9EC,
BDC8C459,
3CFC43A6,
BDF11E44,
BD4853CD,
BD45F5D8,
BE0C665A,
BB968D9A,
3E180CA4,
BC904080,
BE608E5B,
BC310BCD,
BDB6FAD9,
BD257257,
BE3671A0,
3DBE1731,
3E598157,
3CC1EA5C,
3D132897,
BDCDA3A5,
3D195B84,
BC6AF2BE,
3DA91FE0,
BD07AE8B,
3DD0966C,
3D9F2B5F,
BE31C14C,
BDE346D5,
BC1DC8F2,
BD9E5C82,
3D95CB00,
BC5D383C,
3E1EA3AD,
3D62F729,
3DA1C59C,
3D1C2EEE,
3E06B718,
BD42DCCD,
3D833D35,
BDF2E503,
3CA571FD,
3E13EC0C,
3C4C0CC6,
BE398341,
3DF7D41E,
3CCD2661,
B964BEFA,
BDAF35D1,
3E11387A,
BDCC5BFE,
3E03648E,
3CC59F09,
BC409E46,
BE071BED,
BCA240C3,
BDC99833,
3A96718A,
BE6F0C08,
BD7C7428,
3D85A26A,
3E05A210,
BDDBDBCB,
3DB69AA7,
3DC02948,
3CF4B578,
3DA0A12B,
BB2CC978,
BE8BCEE8,
BD44525D,
BD8873C6,
BDD95CAC,
BDB6B988,
BE6DA5D5,
3E11CDD8,
3DE48226,
BD2793EF,
3AE08240,
BD3CB27C,
BD2539DB,
3D9EB8A8,
BE250214,
3E17C6BE,
3DCEE0FA,
3E332F02,
BE20DA03,
BCBE95E7,
3DCFD971,
3D771551,
3AF6B96C,
BCE084E4,
BCF1164D,
BC0E670C,
3DEC61F6,
3D929B3C,
3DBE0447,
BD3D2A78,
3DBF4C8D,
BD8CD391,
3D6E3FC8,
3CE817F3,
BD1A4C7C,
BD7A26DF,
BDD0A2C6,
3D74ECBA,
BDF2A273,
3E176562,
BD412A41,
3E3AF3A9,
3DD3EE12,
BD93097F,
BDEDCDF0,
3DC514AD,
BE3D1C50,
BEC27287,
3E6F5031,
3E196C0D,
3D2D4DF5,
BCAA601D,
3D96084C,
3BE30464,
3B81383E,
BDE1A0C5,
3DA24FF0,
3DB2D233,
BC60A242,
BDD7362F,
3E8BE886,
3B88B220,
3E412CF9,
BCB56D61,
BD25631F,
3D320B01,
BCC748E0,
BE3967FA,
BD4BC64E,
38FCD2DD,
BDCC8367,
BCEDCFEA,
BE7587A4,
BCF15CD2,
BCCBDA54,
BD69D548,
3E89C6C6,
3DE59308,
BE287C81,
3D95DDD8,
3DFECF8F,
3E8004F5,
3EA8055B,
BD00DBA9,
3D0B1053,
3DD5F7B1,
3D8A82AC,
3DB90CAC,
3CAC6A6C,
BC158023,
BD33E594,
3D8784D4,
BDD238B4,
BE0C05F2,
3E2ADC66,
3C4212F3,
3E061259,
3DA11B29,
3C823C8E,
BDDAED06,
BDF60173,
3CB33B70,
BDB8AC09,
BE1B24DE,
3DA3861B,
BE589D3D,
BE0F0B27,
BDB64D8E,
3DE439A7,
BE212FA7,
BDF06D1A,
BD3FF8E7,
3E31D6B7,
3D9C1DBB,
BE0D9D21,
BDA20BCC,
3E59EC09,
BC992DF7,
3DECB27F,
BD1FB352,
BD70B5B2,
3E127442,
3E1B084B,
3DE12790,
3BE88832,
3C382EA3,
3D665D49,
3E05D92F,
3E43C8FB,
BE14E985,
3C44CB15,
BE11DDF4,
3D5F1FDC,
BC0AA7A0,
BD90F2AC,
3E3B2D62,
3E3D3AE7,
3D8354C5,
3D654662,
BDBFB90D,
3D09898C,
BCB61F53,
3D5A6261,
3DDCB4CD,
BE644EF9,
3E2C3C57,
3DFF307B,
BD7B93B5,
BC453255,
3D872533,
BD36FDE5,
BD5EA051,
BD840FC8,
3DA7943D,
3CF442CE,
BC1E352B,
BE2B44B3,
3E5490C3,
BE018A48,
BE01F985,
3DD34E9B,
3E2A9FDF,
BDA4FE88,
BE76EB2A,
BD79FBBB,
3D11CCE4,
BDC60C83,
BD64847E,
BD31583C,
BCA53829,
3D401ADB,
3CBA7DFB,
BE5A4BF9,
3E336717,
BD04DF2E,
3E35D364,
BE3FC3D4,
BD469A59,
BD89B0B4,
3D727E23,
3E2C8701,
BE142595,
BE076BBC,
3C809BFE,
3DCB5D43,
3CC7237D,
BE52052C,
3C6C3B64,
BE06861C,
BDA39899,
3B84F44E,
BD6A25D7,
BCB1CE4C,
3C2BA44A,
B980B35F,
BB43F3D6,
BD6E9379,
3D202C17,
3E5101F0,
BDAA8508,
3DFF61F2,
BD700358,
3D54C208,
3BEA503A,
3D3AE75A,
3DAA14D2,
3ABFFF72,
3D42E154,
BE1D7BF5,
BCD41C74,
3DD1E2E9,
BDC58AD6,
BD1882C2,
BD6C3CB3,
3DB306ED,
3D3D3B38,
3E00B73D,
3E1F98D3,
BDB3CFC3,
BC26C72E,
BD13BCBB,
BD6E5CC9,
3E57D293,
3D909F29,
BE5E4E51,
BD464E8B,
BDA28F1E,
3CD2987A,
3CC929D7,
BD7AD4E6,
BD8E5992,
3DD98D8A,
3E2B5161,
BD71E421,
3CDD9126,
BD65F96D,
3CDD744B,
3C849479,
BD84AE44,
3D25839D,
BE0B1F39,
3D028D71,
BDAEF9AC,
BDBCE6E0,
3DE2F3A0,
3DA8A37D,
3CDA06CC,
BB365626,
BD2FB1F4,
3D8DA251,
BBF83230,
BD9FF1D6,
BCD34382,
3DA0350F,
BD6D207E,
BC8A05FC,
BE1F56C9,
3D11D5FA,
BE0627F4,
BE0007EA,
3D30F378,
3D5D0BA0,
BC8CBD37,
BD7F1C09,
3DFFE9F3,
BC8AD43F,
3DD05EBD,
3D03E7D3,
BE172E1D,
3C678AF6,
3DF4F7A1,
BD5E3EE7,
BE009CA0,
3BEE6392,
3D957163,
BDFBF6D0,
3DCACC07,
BD6B41F5,
BE35AE56,
BC51AB80,
3DB7FF91,
BC93484F,
3D05FDBD,
BC3D0FB3,
BCCC86AC,
BD501C60,
3D057B8C,
3DF20225,
BD114B6B,
3C3CFE02,
BE0A30C8,
BE1F854C,
BD86A351,
3D3E6AFD,
BE1C7769,
3E54833A,
3D8EE406,
3D604000,
BD01B527,
3D5F177F,
BDE33489,
3DA993D9,
3E3BD290,
3DBA8E7D,
3E80B661,
3E137ADD,
BC99B077,
3D93E050,
3EA01D2A,
3D0851CE,
BDB85F4C,
BCE28BF8,
BD5682AB,
BE7ADEB2,
BCC6BB80,
BE6FF807,
BBA5D182,
BD4B4DC2,
3E0FD305,
BDA3870A,
BE586E4E,
BE272718,
BE2FF127,
BE0550B3,
BE8224F6,
3ED67989,
BE8B2DFD,
BCF4EDAF,
3EA96302,
BCE3B639,
BE80DEF4,
3E170C15,
3DA82CDA,
3D6E9D7F,
BE251435,
3C0A3190,
BC7377A9,
BD131931,
3E7DA392,
BE8148F7,
BDB88C0E,
3EB0F44E,
3DD328A6,
3E2CFA4D,
3C32115B,
3D8AF076,
BD87399E,
BE94538F,
3E8A69F0,
BE055F9A,
3DD9773F,
3D852BD7,
3E74BA69,
BDA73322,
BE47591D,
BCDBCAA6,
BF0D8F45,
BE2FF24F,
BE7245CA,
3D482D33,
BCA12EE7,
BDCC7685,
BECF0607,
BD60FD12,
3E3496BD,
3C5D0F40,
BF0146E7,
3D954ED7,
3E0F16BE,
3E57490D,
BE2C1094,
3CA4CB61,
BE9956C7,
BE1325E6,
3D809277,
3CD9AF5A,
BD8B83DE,
3E326754,
3E03A856,
BD677702,
BD84989F,
3E37D95D,
BDF590B4,
BE260B44,
3E884470,
BCCBE573,
BE31B039,
3D59EC90,
3E1A57BA,
BC83B795,
BD2029EF,
3E4AA203,
BE89529E,
BC8D54AD,
BD9C50E2,
BD200B4C,
BE1D273E,
3D066A24,
BD97B54E,
BE8B267A,
BE33F9F1,
3E953CCE,
BE810AE4,
BBBCC9B9,
3ECA60D3,
3C287C11,
BE78ECAD,
3DF847BF,
BBC2FE34,
BEBB1BEA,
3E9C0876,
3E04DCE8,
3DBBB9CB,
3EAF9773,
BE228DD8,
3D39BE11,
3DFACE92,
3ED4F11B,
BE1F3A87,
BE37BB55,
BDB5E995,
BD6F6E99,
3E08E6A1,
3CE5873F,
BD8FC393,
BDABFD0B,
BDA883EA,
BCE5C437,
3CC3F656,
3DA8ECBF,
BD0ACA7F,
3C818062,
3D036AAD,
3D81BEAD,
BD9142EB,
3BB03023,
3D61D8C8,
BAE22BC8,
3E00CE7C,
3D7FE6A8,
BDA264A6,
BD4821E2,
BE93FBC8,
BDE0145B,
3DAF2943,
3BCBDC50,
3C30F428,
3DA9A3B5,
3D536F8D,
3E54019D,
3BF0E4C8,
3E1E91A9,
BBA6E06E,
BDD31FAC,
BDC0475B,
BD879811,
BBBAC769,
BE03E2EE,
3E05C4B4,
BE510E57,
3DF24E50,
3D094458,
3DA1E59E,
BC91CBFE,
BABAC2B4,
BD8877C6,
BD59A279,
3E84B258,
BD20C5AE,
BD881991,
BE01B43E,
3DD6D2C6,
3D03C33E,
3DEE22FE,
BD49744E,
BE8AB100,
BDCD52DF,
3D891E49,
3D83887B,
BDB49CB7,
BE11E8D9,
BD5AB595,
BDD625CB,
BE2A5A53,
BEBAAA8E,
3DBF7631,
3C92998B,
3DEA16BE,
3C0D2622,
3E047913,
BEA2754B,
BD8A1D53,
BC17AC33,
3B0B57B0,
3D88CD9F,
3C61FDD7,
BD548068,
3D1AA8ED,
3D3D58F2,
BD8375DF,
BD534104,
3D46FD1A,
3DF8DFF6,
BD4C94FF,
3DC991FC,
BD0D14B3,
BE05BFFD,
3E62A5BC,
3D314345,
3DC04946,
BD9BEA03,
BCB57571,
BD95C032,
3DC8FBEC,
BD156EB8,
3C92576E,
3D771179,
3B73F748,
3CC13F7C,
3CD41C53,
BE11C643,
3DB6C1F7,
BD55DA87,
BD5CD3A2,
BDE24621,
BC3234AE,
3CE5D11D,
3D7ACD55,
BD2CFE34,
3DAEC1F1,
3E58A341,
BE1D6AAF,
BDC156E8,
3DFC2D5D,
BEA41263,
BCA5C433,
3CCAF4D0,
3E3482FF,
BD3117AD,
39594306,
3D2EA204,
BD4738DE,
3BE62AA0,
BDB68285,
BDC37FEE,
3E038A66,
3E2BB257,
3D4F6FBE,
3E2FF23F,
BDE30E64,
BCFAE3A0,
BDD8B272,
3D38CB93,
BDBAA7F4,
BBB377B0,
3DAF4B15,
BE2D9FB1,
3DDB6BA7,
BE48A41F,
3DC7C8A0,
BCE62B3F,
BDDDBDB2,
BCD708F3,
BDE78D62,
3E625A17,
BE259F5B,
BCA63573,
3B9D1763,
3D79BFE1,
BC6401C6,
BDCC7A85,
3DF984C9,
3D958DA9,
BDC07461,
3DCC36E3,
3D1628BB,
BB9488BC,
3DAD0EB7,
3D0C01D0,
3CB7BC94,
3D7341A4,
3E4F6F1D,
3E3E09B4,
3D357DE2,
3E24E56B,
BD283A8A,
BDD0AE5C,
BD1275D9,
3DF06831,
3E6488F7,
3E1D43A3,
BD89A916,
BD9D3C08,
BD9396D6,
3D8C0F6F,
3DE6475F,
3A3BAA18,
3D916B98,
BC971AF6,
BDF9845F,
3E0F6B99,
BD903109,
3CF98C38,
BCCA45B5,
3D40D33B,
3CF77F27,
3E93DF64,
3CE07A6D,
BD57663F,
3D4D7104,
3DC96458,
BD8B1A66,
BE81B5E7,
BCF3AE08,
BDAF5472,
3E3BF01D,
3E072E7C,
3E65895C,
BE1A2700,
3DB46464,
BD7C7527,
3D50BFD9,
BC70DE50,
BD2A1AC3,
BE6E6CE8,
BCBD8F78,
BE7C4B8F,
BDA1FCEF,
3C7E2834,
3DFE5CB5,
3CFDCFAB,
BE1EC7F2,
BC8E29DE,
3D4F72B7,
BDB8D3E1,
3E1118DD,
BE140B99,
3D2D2775,
3BDEC6AE,
BCFE666A,
3DA8FFCC,
BDBFC6D7,
BE820926,
BD6808B1,
BD59BEAE,
BCC06C12,
3DF5C9A6,
BDC7DB7B,
3DA76F66,
3D31008C,
B9A2E3EF,
BCB2E1BE,
BCD1D740,
3DC886BE,
3D98ECA2,
3D70E59A,
BD3BA2F5,
BCE7F441,
3CE17C30,
BCD6A8EB,
3DE183B8,
3DC010C8,
BDCDADE4,
BDB675D1,
BD247C1D,
BBFE1E3A,
3CB1AE60,
BDE84E0D,
3DC71378,
3D84C7B9,
3C8CDFCF,
3D9AACF4,
BDC318F7,
BBAFBEF3,
3D977AC3,
3B453770,
3E26B35A,
39C638F7,
BDEF1850,
BDA05FA5,
3D197AA7,
3DBA36EA,
BD3DF7A3,
BB6493D5,
3DFB8016,
3E492AF5,
BE15FC93,
3D28A840,
BDCAB578,
BD00C221,
3DD75EFB,
3DB96F07,
3D9D188D,
BD4F2BBA,
BC174E24,
3E1DA1F8,
BE04D1AD,
3D85CCC0,
BDCBB86C,
3C885321,
BC6E39ED,
BD4ABD03,
BDEADACA,
3D6EEEF2,
3CA10257,
3D8531DD,
BC0B454E,
3DF00282,
3CCF2484,
3D7685E6,
BC9C8A7A,
BCC91754,
BD9E3156,
3D0815DA,
3D7585DD,
BD38C50C,
BD7E2C9A,
3E5E4760,
3E245EC9,
3D81C78B,
BDEE1C25,
BE389E2A,
BE031339,
3DDD3953,
3CB96309,
BDD3C126,
BDEB7CDC,
BD1820C6,
3DBABD23,
3D82493C,
BD458ED4,
BD6FE759,
3CDCAF3A,
3D1C7F1F,
3B637E66,
BD230D66,
BD04107F,
BD488F46,
3DD90519,
BC5F9399,
BE0DD47E,
BE00090E,
3E51DF32,
3E4930B2,
3C91BA1E,
3E3BFF5F,
BE290304,
3D38F206,
BE0D1E52,
3DB0DED5,
3D8CD5B5,
3D43E686,
3D66AD26,
BDF23BA6,
BE0AFF2D,
3D8B44C2,
BD0FF125,
BD970FFE,
3DEA0A37,
BDA2FEA2,
3C52AD07,
BCAC94E8,
3DC08603,
3D95CCF1,
3E00C3C5,
3E0F1A14,
BE65D3E8,
3DDBD141,
BD888D3A,
3D798E9E,
3E2EE100,
BD26FAF8,
3D952AB1,
3C3A188D,
BCAB2A7D,
3BC9EEF4,
BD6E8C88,
BD017991,
3C9A270D,
3CEA5938,
BD83E525,
3D49D19D,
BC4B60E7,
3D49FD49,
BBC14AED,
BD3F4749,
3D818D36,
BD8CDB5E,
BD11EBD7,
3D8474B6,
BC9A1004,
BDDE5816,
3CF08DC4,
BD451644,
BD9FF0D4,
3D1645F0,
BD1ED9EA,
3DFC1140,
BD2EE7C5,
3CADA65A,
3D818989,
BDAF3ABD,
3C1E7C05,
BD0A6895,
3E2D2D3F,
BD8501E7,
3B9817F1,
BD25BADE,
BD9BA18E,
BDD6FB43,
BDDAC5D6,
BD8EDC43,
3C128882,
3C103769,
BE30EDED,
3D0667D9,
BD4C76C0,
3DE4EB86,
BA96405D,
3D2A2A7A,
3DC32084,
BCA983A7,
3D6E84F8,
BDD7534A,
3D997C77,
3D6CE56E,
3BDEC9FE,
BCEDCAD2,
3DF876F8,
BD9EB236,
3CD8C87F,
BC1A401A,
3DCAC9F2,
3DAF1EEF,
3D63899C,
3D6732EB,
3C86DD89,
BDAC6796,
3E0B7074,
3D9D3740,
BDDBA484,
BDDA3833,
BDC055FB,
3CDC6002,
BD7B52E5,
3DC2A99A,
3DE2242E,
3C677B6C,
BD6CAC1B,
3CC0CF04,
3C090873,
3E687337,
BDC95742,
BDDBEDDD,
BE1D4A39,
3A9AFA1E,
3D452979,
3D2A71C9,
3D5D5C07,
BD2563AC,
3C977E49,
3C984040,
3E46294A,
3CDAFA50,
BD264DEF,
BDB9A320,
3D8E5A09,
3D504B80,
3D0D93FC,
BDAC54BE,
3DA00610,
BD00CF66,
3B40890A,
3D300567,
3E4E7BB1,
BDE2F5A2,
BE0519EB,
3D4740C9,
3C5F12B1,
3E139483,
BD3753AA,
BE5F8882,
BDB17C24,
3D9BB534,
BE189FE7,
3DE5AF6A,
BE1072A4,
3D0CEC85,
3DB6F190,
BD3C18D5,
3DC1C050,
BDFC9A9F,
3D95FA9A,
3C49BC9D,
BC5C162B,
BA4F06D9,
BE20C35C,
BD885B41,
BDB2D359,
BCC6A39C,
BD0FEFB8,
3D4BBF73,
3D0B6787,
3C515E1A,
3D159750,
BD43A626,
3D98AD7A,
BD021442,
3E376E45,
3D198783,
3DE16723,
3DE862AF,
BD15701E,
BCC7F908,
3C2303B2,
BE494722,
BD6DF4A2,
3E09F577,
BDF8229C,
BDD23577,
BDE1DA98,
BC944CDB,
3C9D43C3,
3AD005F0,
BD94F182,
BC0B0C6C,
BD323FC6,
BD359043,
BE0B57C4,
BDFD2B9D,
BD1E90C2,
3E0C53E9,
3E0E2691,
BCCE3D9D,
3D9931F8,
3CAC8DC7,
BD7FA829,
BC50D693,
3D8D2966,
BCF987BA,
3D95944B,
BE1F7795,
BE2879FB,
BE39B6DF,
BE27FA7F,
3E06D044,
3C1D6362,
BB02AB24,
3DA4C121,
BCCCAC78,
3E2A9436,
3E0881FA,
BD886495,
BE207ABA,
BD851FA5,
3DC32360,
3C20FB66,
BD959AF3,
3E14AA6F,
3CFE73F1,
BB36A9B4,
BDC84B03,
3E023004,
BE0363CD,
BC1C9A28,
3E84E654,
B93B2E70,
3C9720B0,
BD862555,
3CFFCDF9,
BE8832B3,
3E3A3296,
BEBFA51C,
3E1F06C9,
3E29240C,
3D4A719B,
BC9C6569,
BE22343F,
3D3151FC,
3C85ED75,
3D221EEC,
3E006233,
3CA3C754,
3DC22776,
BE6327BF,
BE88F7B3,
BD571E63,
BD87E7CE,
3DAEFF00,
BE448857,
3DC0C54D,
BDAF6E7F,
3D7B51B2,
BD6A3AA8,
3E1EA501,
3DFE129F,
BDE2B88A,
BD6F6659,
3AB25704,
3CEC4C29,
BE74966F,
BD2BBA05,
3D0AB672,
BBF8753B,
BD87D6A8,
3E13FF30,
3D528366,
3E2A0EE8,
3DA647D1,
BDC9EA6A,
3D665CBD,
BD988BF2,
BE2589D7,
3D7543AB,
BDB60CFE,
BD91A0AA,
BDEBEEEF,
3E41C7FD,
3E6F67BB,
3D04354A,
3D4B4AAF,
BCCC5E2F,
3DA7A09C,
3DDF4BCB,
3CBEA1CC,
BDB047C4,
BD82301A,
BDE5810A,
BDEF7E12,
BCA5A1A0,
BD0A92BA,
BDAF44FC,
BC2B1F22,
BD412ACC,
BD206437,
3DD03AAD,
BD16F946,
BDD673CD,
3CCD5245,
BDF712D9,
3DF21DD9,
BCA70764,
BE394C6A,
3D065F86,
3DC6DD80,
BD2FE9C3,
3DB70F99,
BCFBF304,
3DBAC832,
BDFC7CDD,
3D02DF3E,
BB2F832F,
3D6CEBFF,
3E0A777E,
3D401FED,
3E38B7C3,
3D3FA9D7,
BD6C9219,
3D41A8FC,
3E3EF192,
3DBAF2C6,
BC5BE820,
3DEF355F,
3D84F4CF,
BD9D5618,
BD302A81,
3D085713,
BD2F9486,
BD89EDF3,
3DAE1FB9,
BE2290E6,
BD471E69,
BE73C6DD,
BE14FCE2,
3CDF66C0,
3C5E340E,
3E5FC5A1,
BBD6FF4D,
3DCF6370,
3DDCD264,
BDCE8FB2,
BD84058A,
BE80290F,
BE3EDDD3,
BDDE2AEB,
3D9E8475,
BBFFFDFF,
BDA25B39,
BD535AD0,
BE2F6AB0,
BE1B42AD,
3DC0BBFD,
3DAC0CE5,
3DF7107B,
3D5C296D,
3D0DDCCB,
3D96E5C0,
BDEC2EA3,
BD9B71BF,
BC31527D,
BE0E5127,
BCD5C98A,
BDAFC6F4,
BC9A069F,
3D4071C4,
BE2DEE30,
BDF8C93C,
BD74771C,
3C5A2DCD,
3E09CA46,
3DF400F5,
BCCB7CFD,
3E0DC839,
BD6AFCFA,
BDEE4B89,
3D2EB5E8,
BD049154,
3B9FC9DF,
3E63F0F6,
BDF8248F,
BDC79DD4,
BCF3CE6E,
3E21CAB2,
BE020CF9,
BEF068B1,
3DDBDB67,
BE2E25CA,
BD8F5646,
BCB7396F,
3DF24E77,
BE230CFF,
BCA4F8B9,
3D844ABD,
3C4D744D,
3C9A637A,
3DD2FB39,
BBBFAEFF,
BDFD2BCB,
BE5B96CC,
BCFDD362,
3CAC0C50,
3C5F07C1,
3DC53B77,
3CBBC173,
BD84E5F6,
3D05894F,
3DE84D80,
3E1155CF,
BDCE57A0,
3C855ABD,
BE6B669C,
3D8943BB,
3D1D2134,
3C55205B,
BE04C3B8,
BBB78A75,
3E1109A5,
3C5A3A45,
3B273F92,
BBA04B42,
3D1508C6,
3D18F9D0,
BDC2863D,
3D8DE262,
BBF55601,
BD27BFD3,
BE167D08,
3D925913,
BDE68B33,
3D983792,
3DEE8748,
3D57CF0A,
3E1CF2DA,
3E0253EE,
BE3F3771,
BB9AD156,
3D84296C,
BDF1B411,
3CDF1070,
3D0F2B31,
3D77855D,
3E2108FE,
BDB7ACF6,
3E15A73D,
3D2756A2,
BD8436B9,
BD6D3C7D,
3CA26282,
3E1133E7,
BDED3519,
3E17FBCE,
3E185167,
3CD481D2,
BDF14702,
3C45467C,
BD9DBBD5,
BE220089,
BE55B498,
3DBD87BF,
BE3ACDF8,
3E381AB9,
3DFCE98D,
BC647780,
BE16EB97,
3E2CDBB0,
3E533B25,
3C8F0422,
3C391E7D,
3B821EFC,
BEBB5134,
3E731399,
BCA68D85,
BCDB0F88,
3C7A0CDF,
BD914BE2,
3D28AEC6,
BEB16B5D,
BEF1D7C6,
BE983FD6,
BD74E95B,
BDCE1B79,
3DE8934E,
BD5EA703,
BDCB6A85,
3DA6D47D,
3D9BD875,
BE6EE507,
3DCBD285,
BE8CF814,
BD1E2638,
BE44FD10,
BD7917C6,
3E915F59,
3A6ABDCC,
3E0A131A,
BDF038C0,
BD943F05,
3E822D70,
3CB26BF1,
3E5C52DE,
3DBA2D56,
BC6C6128,
3B926F46,
BD68C6EC,
3E81BF93,
3CA0D2BB,
3E8BAC47,
3DA26205,
3E07A255,
BD5810A6,
BD9746F7,
3D93C25F,
3DC191E7,
3E54E495,
BEA1612E,
3D3F2BE4,
BD22A588,
3E45E9D6,
BE447679,
BCB6494B,
3E85528A,
BE362518,
BE932FE0,
3ECF3073,
BD24376D,
3E048A44,
BD1A688F,
3C1BBBF1,
BD445B87,
BE03B27E,
BE8AF865,
3DA52DD1,
BDE7A4EE,
3E214750,
3D8CBC3C,
BDAB98B2,
BE17F2D6,
BDB7AC53,
BD5EC47A,
3D8CAFCE,
3EA48739,
BE984565,
BE8EDF69,
3DCBA4EE,
BC5DA91E,
3DDCC4FB,
BE0E3910,
3D4DDC4B,
BCECD35F,
BD1597E5,
3E403E4D,
3D6357D4,
3E27DEEA,
BCC3D7ED,
3CD4E0B8,
BE5217A6,
BD55803F,
BDFE6EBB,
BE7656B0,
BD7D35CD,
3E9B19BA,
BCEB4E7C,
3D5D662E,
BE0AE3FD,
3BB6A36B,
BDC6BC10,
3EEF429E,
3D90BD77,
3C59BD63,
3C67C93E,
BE732EB8,
3E3CA81A,
BE5C35CA,
3E1805FD,
BDF1E792,
3E3732FB,
BDAE34E8,
3C7BEE9B,
3C28E426,
3BF99289,
BD1CE687,
3E37ACD7,
3D1367FC,
3CBB820F,
3E1CA2C8,
3CFACA2F,
BCE3969C,
BE275507,
BDD8FF5B,
3C1B0851,
BD929CD2,
3D67A672,
BE1FCB73,
3D224DE2,
BC0EEFD8,
BCCF1B6E,
3C88EA8B,
3DF86042,
3DAE6AB3,
3E1DC233,
3D0DEFDD,
BDD29FA0,
3D86D0F9,
3B6B8FC7,
3E3CD559,
BC8A3DF2,
3DC395F2,
3D978AEE,
3CB43BE1,
BBD4721E,
BCA50CB7,
BD9D6F9C,
3DE90010,
BD830B6E,
3D782EE0,
3D278F8B,
BC85A20A,
3C5AD4B1,
3D8754F0,
3C00C252,
3D2644D5,
BDC156E6,
BDA3F1B3,
3E11E1D1,
BD94EBC5,
3DE376AD,
BCF500E2,
BDCA8ED6,
BDE9E196,
BD9312BC,
BDA445C3,
BCDEBAC2,
BDDE8CC4,
3D6993EA,
BD743ADF,
BDB08CA3,
3CF7862A,
3D8C1350,
3DC9038C,
3CB416D4,
BDEA35A6,
BD8A3FF5,
3CDC1DC2,
3D5CD6EC,
BE25243A,
BCE987CC,
3DA7C7E9,
BD243458,
BDC6BC6F,
3DF605AF,
BB55299A,
3CBEC746,
3C7F8400,
3DECA016,
3DCAD5BF,
3BC9CAF1,
BBC2B6E8,
3D4A142E,
3C5F09D0,
3E05ABF3,
3DADF179,
3A17CC78,
BC985E5C,
BDB2C55A,
3D85F745,
BDF4959E,
3DA0B7DC,
BDF6F254,
BDB35959,
3DEA1418,
3D247A1E,
3DABCD37,
3CA38E2F,
3B1C08EB,
3D7CC0FE,
3C818CA4,
3E0F8FC5,
3E167B5E,
BDB8681F,
BD4FC500,
3D0A97A8,
3CEC0851,
3D64A17A,
BCE543C2,
BD450462,
BC2444CA,
3E3DE08E,
3DD9F04D,
3D822B41,
3D909117,
3DA6DC2A,
3DAC5109,
BD53AABC,
3DF804E5,
BDF4210A,
3D9031B0,
BCE5B6B6,
3C98F94B,
3D8B8668,
3DAAE29A,
BD959F89,
BD45BAF1,
3D6D90A4,
3D02C098,
BCED693C,
3D8B55B3,
3D895F3C,
BC24B058,
BCF3D03E,
BBA3EADC,
BD40C4EE,
3D790E56,
3DE5C4A6,
3D749EAB,
3BE44E19,
BE1D8DC5,
3DD84150,
3E0C4429,
3DFA90EB,
BD7C20F0,
BD068CFC,
BC8038C5,
3A06577C,
BB850FDC,
BD3958E4,
BE66917B,
3CC269F8,
BD2A7B48,
BD996186,
BDB3FC5B,
BE4AB916,
3D6D549D,
3DAE09C6,
3AAE325D,
3BCBA0F2,
3E463EB5,
3D59BACE,
BCF80F3E,
BD8E87A0,
BDD8E5E8,
3D377E2D,
BD10D333,
BC395666,
BD3B7228,
BEB84D0B,
3D37920B,
3E07CF09,
BD60D424,
3BEB0431,
BCDD9B3F,
BD3AA66F,
BE077430,
BC385C4B,
3D638A6C,
3DB9B2EB,
3DFC39DB,
3DE54EDC,
3E00E140,
BCF2923A,
BB9E3344,
BD8693C6,
3B6A5394,
BD10811D,
BD5F4334,
3C775FC2,
BDE78D95,
3C341E7B,
3C8D3BB9,
BDC358FA,
3B5AB063,
3DDC8119,
3DF8FECC,
BD8BC987,
3DDC4044,
3C8927D6,
BD234FA6,
BCAB3583,
3DF32CFA,
BCAA5DD8,
3D450F6A,
BD7D7E7C,
3DA7F86C,
3D72D750,
3C59F7A4,
BE494822,
BDD5A539,
3D96C3EA,
BDBC82DF,
BD8BCB54,
BDCC753F,
3DDE6406,
3D9F8AB8,
BD96AE2F,
3D9B9E57,
3D753FDE,
3D306B34,
3DD3419B,
BD5B0855,
3D2E0BFF,
BC628491,
BDE5D679,
BDD30762,
3D5AB7FF,
3DB3D634,
3D21E9FB,
3DAF373D,
BD2582A9,
BC217D82,
3D1CDD47,
BDC883CB,
BD8326AA,
3DB86380,
BD575BC7,
BCDAED11,
3D98A690,
3E269716,
3C4C9EEA,
BD1BACF2,
BE610B61,
BADBBCB4,
BD8033E1,
BD04971C,
3CD29821,
3D38D3F4,
3DF2C46F,
3C1D103F,
3D286968,
3DB4829A,
3C449D3F,
BD2343F3,
3DC6B20F,
3E06E3A9,
BCC65A4D,
3C8803A1,
BDCD6B2E,
3D8C9AFB,
BDB5E0FF,
3DA624CE,
3DB50096,
3CA0E9BD,
3D93D771,
BDA3D418,
BD4D78E3,
BE7C38F1,
3C245D67,
BC40AEC6,
3CBFD545,
BD3ACC4F,
BDEDAD9F,
BCF0637D,
3DBBA71F,
3DAD51A8,
BAF6F847,
BE40FECD,
BC63D695,
BD02F1AA,
3E00FA32,
3D301F33,
BB841FF7,
3D2D8A39,
3CF92459,
BE47E770,
3D8073B2,
3D488161,
BDD874BB,
3BDEF409,
BDA76D73,
B898EC72,
BCFE9AFA,
BDF4588F,
3D594E0F,
3D411D6C,
BE514B53,
3D2ACC20,
BD5F29FC,
BD93F959,
3DA65543,
3C779196,
3C68B92E,
3E0506D1,
3D6FD1C0,
BC638930,
BD490D76,
3E420CD9,
BE40C3CC,
3CA1C53F,
3C2733CD,
BD8CF820,
3D95D6F2,
3C2AD584,
BDCBFD50,
3D99588B,
3E1350F2,
BC525C89,
BD5A831A,
BCE98B3F,
3E28006D,
BDD7694C,
3D1E4104,
3D1AEDB4,
3D81BB83,
3D657CBC,
3DABD471,
BDD216D3,
BC75D8AD,
3D43179F,
3D8DB4E2,
BD0EFA25,
BD1B12AF,
3C94205F,
BA8CB9A0,
BD424527,
BCB5C016,
3C5033E4,
3D89A80F,
BD6C25C6,
3E069532,
3D4D9AE8,
3E467FB2,
BDD5E18B,
3C4C6ECE,
3BFB54B8,
3E151A45,
3E034931,
BC163CB8,
BE1083E9,
3D0F0803,
3DB21874,
BD4C0C28,
BD38AAA5,
3D1A20C8,
BD92D9D4,
BD6F4865,
BCCC48B8,
3DA0B094,
3BA4A2AE,
3DB02B38,
BCE5166D,
BD5AC4F6,
3D2B3B28,
BD11A19B,
3C9827A8,
3DC20F7F,
3C9CA89C,
3DBD6AED,
3D0B2C7F,
BB4A376F,
BDB6882A,
BE01EF3A,
3D951273,
3DCC1A86,
3C985D6A,
3D66EF4A,
3D108364,
BD0E0ED7,
3E05DF7D,
BDA17DF2,
BD56A767,
BDA8F0C9,
3C237B4E,
BDC332A5,
BCB407E8,
3D219FCF,
3D08ABDB,
3D288854,
3C5033FB,
3CAB45CA,
3D083E90,
BCDA2CEA,
BD428313,
BE8183BF,
BE0AC37F,
3D40133A,
BD87AE55,
BD629853,
3B70A262,
3E06EB4D,
BD2D729F,
BD9541BF,
3D3F61E5,
BB988CAE,
3C331033,
BE577E32,
BE623C50,
3CA5B27C,
BDCCD66F,
3E266340,
3DA2717F,
BDA81720,
BB327D99,
3DEB8881,
3CE9B664,
BD48A6DB,
3E5ECAD2,
BE908A5F,
3D433747,
BDD7BD04,
3D97178D,
BD985DC8,
BC24491C,
3C1074CD,
3E251FFB,
BD893576,
BCF92B24,
3DA95DD3,
3D9002E1,
3DA424C4,
BE32F161,
3E0A9474,
3BB7A58B,
3CC6173E,
3E1C5815,
3E1F1017,
3C9C2827,
3CD98196,
BE41D84B,
3D505D80,
3D7F57A6,
3E30D69D,
BD91EBB2,
3DB335AC,
BCEF9F05,
BD62B5BA,
BD04B30F,
BEE5E1CF,
3DE2C174,
BDA9E3FE,
3E43DCAE,
BDE7FD16,
3D714CAC,
BF0737B0,
3D71F22A,
BD251C14,
3DF891AB,
3D47BF23,
3C037976,
3DF7AE71,
BD740055,
BE09D905,
3C1C6F96,
BE3F0D0B,
3DA4E488,
3E095516,
3DA6B5E0,
BC3236AB,
3C174815,
3E192381,
3CD3E736,
BC13477E,
3DCCEF0B,
3CC32D3B,
BDF63EB0,
BD4FCC15,
3D352356,
399B7878,
3D00C16E,
3DAB27CA,
3DC88A22,
3D5B2AC1,
3C8A9C3B,
BD2DF7BB,
3DDB4B17,
BD0EEE82,
3D4C4E86,
BD7DA4A4,
BDC80BBF,
BD41F9F3,
3DD84683,
BE58A427,
3E3D0733,
3BF03DBA,
3D49F6B9,
3E2B17DA,
BD1F5B6A,
BE44F9BA,
BE214C04,
3D94921A,
BD4E3EDA,
3D42E6F0,
3D8F0746,
3D8D11E0,
3E8FCFBB,
3D8B721C,
3E18D6D5,
3D7C2CAB,
3E64AD06,
BDD93AE0,
BDDE7146,
3B5A81A0,
BD50B508,
BDE61E22,
3D7F3732,
3C83CF29,
BD0272B0,
3D977A4F,
BCB69DF1,
3D426CB7,
BC8026A4,
BCF1F7A9,
BE0D9AD0,
BE0A836C,
BCE0135D,
3D6DAEEB,
BD327EDB,
BDE1A979,
3C115F9E,
3D3A52DA,
3D1A8424,
BC97F454,
3D6624B8,
3CBBC6D3,
BDC2EB99,
3D1231C4,
BD9CDC15,
BD99A9BD,
BC7B0D40,
3C765856,
BD4B2B3E,
BDF1D868,
3D3DB41C,
3D9414D9,
BD0D7F0F,
BDC95945,
3DAA459F,
BD83446A,
BD442B04,
BDE393C9,
BC23468C,
BD2A0AD0,
3DA14056,
BB9541E2,
3CA67492,
BC4D88F3,
BD28236C,
3D979FCC,
3C6B68C8,
3D5EA67F,
3D8EC3D4,
BD156E81,
3E0B23D5,
3DE655F5,
BD436DD8,
BC2E116E,
BE2A482E,
BD9340E9,
BDC4912A,
BCE2D345,
BD594745,
3DD4656B,
BD2CFF60,
3DBBAB9B,
3D25EC5F,
BE99B9A7,
BD6AA4AA,
BD8B556F,
3DC76777,
3E126A58,
BD99DA2A,
BE1811A9,
BCA4EA23,
3CBEB24B,
3D9E99F3,
3D6CD1ED,
3E601489,
3D619291,
BD425985,
BE426C59,
3DAE4093,
BCC8055F,
BDA0ACC9,
3E423EAA,
BD8CD049,
3E145BFA,
BD0CAE03,
BD8EC7EF,
BCC7660D,
BD77DF71,
BBD55CCB,
BC044BA5,
BD9551B7,
3E18D8AA,
BC2DCD79,
BD9B632F,
BD11AA2D,
BD8AC898,
3D9025F4,
3E5F2E8C,
BCD3C688,
BD2E67E5,
BC38A0EA,
3D03A370,
BD309162,
BD9952A7,
BD8D157D,
3CE43E5B,
BD46928A,
BDAFBB4B,
BE040B05,
3E370AD5,
3D0780EB,
BD625CD2,
BAEBC4D0,
BE59B690,
BE11DBF8,
BD9CA79A,
3D9FE54C,
3DBDB8D8,
3C9B4868,
3D95A636,
3D0C254F,
3C8FB879,
3E03463F,
BDA4E7B5,
3E1C42F4,
BE3A727A,
BD4D3E8C,
3E388D02,
3B423701,
3E2FC0A6,
3E30F652,
BD91643D,
BE80541E,
BC17D2EA,
BDBDCC3E,
BE6DAC38,
BC6AAEB2,
3DB96F76,
3CB6147C,
BCB2BEDE,
BDD6B814,
BDCEB20A,
BE1FC0E8,
3CFB2065,
3E073AB4,
BE0E2DD6,
BE5BCF56,
BACFA4C3,
BE2E2F3E,
3D7DE3C0,
3E469CDA,
BE09CE57,
3DA1AEA1,
3E088FCB,
3C9BAA1F,
BEAEEA2A,
BDFCDBC6,
BD8E7402,
BDBDF6CE,
BE397374,
3E6E88A9,
3E29B3AB,
3D9812D8,
3EAB17B6,
BC07580F,
BE2E7E5B,
3EB59692,
BCE91FA0,
BE79B230,
BDEDBFB9,
BDDCED27,
BD5741B6,
3E595876,
3DB131C4,
BD311919,
BE67E1D9,
3E29B337,
3E05BAFB,
3DCC26FC,
BE798F09,
BC471F57,
BD9461D9,
BC794678,
3ED7DAE3,
3E8C2757,
3D95FAB5,
BDCF5290,
BCCC1C42,
BB41D38A,
3D708706,
BC9AB9A7,
BC5ACF12,
BD14225F,
BE515DD8,
3E17B438,
BC6416EC,
3D746130,
3DD2C000,
3D1D623D,
3E80206C,
BDAD962C,
BE6796ED,
BD6E40D2,
BDEA9B90,
3E8E266D,
3DF1BC3B,
BDB0DC18,
3E4DE7B4,
BDE341F4,
BDFAB365,
3E67C5FF,
BE8D8D05,
3E098B66,
3DF75DA0,
BE165471,
BE376AA4,
BD4BE18A,
BDC684D9,
3D0F8ECA,
3CE56E3E,
BE535CDB,
BE0D1C91,
3C1FD0C6,
3D500322,
3D2497EF,
BE608987,
3E4A6ED6,
BD90067E,
BE105145,
3D258C39,
3D4ADB56,
3D332310,
BD087CB2,
BD04AC83,
BE744452,
BD8A39C0,
BCE72B58,
BE3AB57B,
3E2B1C0A,
3E999E92,
BD86CF4D,
3E6A0C44,
3DE653E8,
BD8688B5,
BE84DCD9,
3E494F85,
3D71D30C,
3DD1FCEF,
BDFE365F,
BDF80D9B,
3DE63878,
BDB915E0,
3DA597B1,
BDE4405B,
3E02EC64,
BE33D9EE,
BDC5F623,
BD36B06C,
BCC0668D,
BD7C99AE,
3E21F12B,
BC7D1839,
BD002A0E,
3E77475E,
3D9CA337,
3D9A96A8,
BE6EFDAA,
BDCBB2C7,
BD63F89D,
3D33E5A0,
3E02E40D,
BD5C316E,
BDF0BB09,
BE041C6F,
3D4A0F7B,
BDB7457E,
BD1BA1F1,
BE852DAB,
BDAA003F,
3E01F3D0,
3DAB5A2F,
BDBE1C2B,
3D05E014,
3D26E3DC,
3DCBA2DF,
3D772F5A,
3D5BC015,
3CB3106A,
3D64ECF8,
BE8824CC,
BDB7452A,
BE486963,
BDB3932E,
BDC3A6AF,
BE0582FA,
BE5552C5,
3E053339,
BBD12979,
3DCAA13B,
3C8197DB,
BE139E50,
BD47FFD0,
3E45A297,
3E13A506,
3DA79C6D,
3C69DD32,
3E506892,
3D1C548C,
3E5C2361,
BD8DE40C,
BD7FC425,
BDA85DDC,
3DAC2154,
BE344DB8,
BC993F89,
BD6BAF53,
BCAAEA3C,
BBD5BC37,
BE154E7F,
BE9F3C58,
BDBFE2DD,
3E62774C,
3E88FB3C,
3D8C4F9C,
3C8DAE1E,
BF22BB4A,
BD741992,
BE00ED99,
3D2CDDEE,
3E316EE4,
BE22863B,
3E4101F2,
BD220C56,
3E3C74D1,
BDF9A2F3,
BE4C63D4,
3B6F23EA,
3BFC25AD,
BD94B9D0,
3DF42D29,
3E0B85F5,
BDDB56BD,
3E219D01,
3D562448,
3E0F39FF,
BE923806,
BE56F50C,
3CEBCF0B,
3E23B5E6,
3DEA5CF0,
3C775248,
BD1C1A85,
3D05A798,
3E2583A4,
3B96EFFF,
BD17C8FE,
3E1AD0EC,
BD165882,
BB0B9B6D,
BE492247,
BDA10211,
BE66570B,
3E3FB0DC,
BE41FE8B,
3E189BCE,
BD8B7EF3,
3E3E0B20,
3DB25EA1,
3DBA5694,
BE8494AF,
3D6046C9,
BDEF5E27,
BD042C5A,
BDA39591,
3E2CE2E5,
3D5E8D32,
3DE72D73,
BDE24630,
BE0B5BE8,
3E369B00,
3E0A27D4,
3D86BCDB,
BD850788,
3CE5FF08,
BD6EFB37,
3BA18909,
3AB22126,
3D93A9B9,
BDE5BE45,
3D3317FB,
3BB34DF8,
3C685461,
3C961781,
3DA63748,
BCA7825B,
BE3F2A18,
BE1ECA6A,
BCE92F00,
3D1686E7,
3E3DD30E,
3BB92B27,
3D1E7DFB,
3BBA0DBB,
3CAA9021,
3E3352EE,
BD21599E,
3E3DBA77,
BDDF01C8,
3CD52F03,
3E0AE039,
3C34A484,
BE1ED9F3,
3DBCAE91,
BDAF63C4,
BC017875,
BE0B6720,
BD6C9321,
3CE91BB5,
BC4B0E20,
3CED2714,
BE009813,
BE145927,
3D5AAC1D,
3EA77E74,
BDF5A503,
BE1598C0,
3D5848E1,
BDE21C74,
3D86EF20,
3DE9E531,
3D9256AA,
BDC15A35,
3DB154F4,
3C6F19AF,
BB2CE085,
3DA9B511,
3D2DA581,
BD177C68,
3DB1FF43,
BDAFCC07,
BC1DB7BC,
3D8A2AA4,
BDB6F73C,
BD08D0BE,
BDE21166,
BD1D8BB4,
3B84EFCF,
BE593890,
3D32FE31,
BD0B21F5,
3CBDED36,
3DD21F8D,
BE5511EA,
BD5144D2,
BDA27B7E,
3E10268E,
BD10E0CF,
BDD94268,
3D6D9F03,
BE4FE489,
BCFFA536,
BCFF3219,
3C2F7859,
3E2D88DB,
BD9B257F,
3D8BE0A4,
3D0DAD62,
BD55708B,
BDEE1799,
BC297632,
BE28AD56,
3CBBD1E0,
BC9E4C97,
BE09CBC7,
3E07C665,
3D47747D,
3C8F666A,
BE5C44CF,
BDEE8B70,
3DDB90A2,
3C94295D,
BD321604,
3C9A7058,
BCA807B6,
BBBCCC1B,
3E22318A,
BDD39141,
BD41EE7C,
3D7F9CD9,
3D976281,
3D073F7D,
3D8F1B42,
3C0826A8,
3E1DE1C1,
BDB8F8E9,
BCACBBC6,
BB98D9F8,
BDC5EA5C,
BCEDB6CA,
BDBCB7F7,
BDC97A97,
3D6BCCEE,
BDF681B8,
BCB579E2,
3D3DE656,
BB6CF77E,
BCD33847,
3D7A90CE,
BC533FB8,
3D34AA68,
BD59012B,
BDE8D43F,
BD8A10A6,
3D8BD9CC,
3DCA0F74,
3BD57D95,
BDDBEA14,
BD3A2123,
BD07BF5D,
BDB32D5A,
3D159C75,
BDD811E0,
BDC60005,
3E2B72EF,
BCBB2A2E,
BD33ABDC,
3D39937A,
3E4899A1,
3DF2A48D,
3BF04423,
3CD02BCC,
BE05D750,
BE20B264,
BE052F9C,
3D07FDBC,
3E047ED5,
3CDA5EFB,
3E4723C6,
BD914CAF,
BDCC8411,
BD59DD01,
BD9AFC1C,
3AED7D95,
BCB2F4E3,
3E48C3A7,
BE780AEE,
BD303204,
3BC43D5A,
BC8637DA,
BE63CC92,
3D940733,
BCE194FF,
BE134497,
BDCFA355,
BC8EBB16,
3E37ABD2,
BD45F3D8,
3DEB4816,
3DBF14BF,
3DE26326,
3CE6960D,
BDA4B6A0,
3DBC0BAE,
3E464B0B,
BE41D7BE,
3DF5C68A,
BEA48DCB,
BCA977B6,
3DCF472A,
3E472293,
3D07EFA7,
BD5E0183,
BD43EB27,
3DA073FE,
3C8FC197,
BF117728,
3D4BC4CD,
BE1F7945,
BB931C14,
BE7DD0F5,
3E1C51C1,
BF7F71E6,
3D38F4AC,
BD2986AE,
BCBAF7D0,
BCD5D9C4,
3C90D6B7,
3DF70F86,
3DF45253,
BDA7FCD9,
BD6F3BF7,
BDE514BF,
3D155C96,
BD9A3584,
BD380BD4,
3D80BCD5,
3DEB703D,
3D26544E,
3E142755,
BC835175,
3CBBCB36,
BE94AC8D,
BE17A980,
3DC815A8,
3D09566E,
BA813C57,
3DA684A7,
3DD9A845,
3DA3843C,
3D84AA61,
3D2C2DE5,
BD966F9D,
3C8ED862,
3E08E446,
3CC24B36,
BCAE9274,
BDDD13CF,
BC4D8A4B,
BCC33790,
BE80AEA8,
3D3626BD,
3D9413C4,
BD7588ED,
3C72E397,
3DF24ACA,
BEB3AF4F,
BCC7D08F,
3D1E671B,
BE5518E9,
3DE53D3A,
BD0F48EE,
BDCD3027,
3E8F4586,
BE8E02EF,
BCADE585,
3E23012C,
3E56231F,
BB54DF6F,
BE242ACA,
BCCE7E49,
BD041554,
BE264DFF,
3D7717BB,
3D3E9EAB,
3DBCC3C8,
BD71EB4D,
BD3C671E,
3E542946,
3DBB5B2F,
BE7C47B4,
BE9F06D4,
BE2783B4,
3DB948CC,
3E0C7C3C,
3DA86427,
3D07BBE0,
3CDF266B,
3D947387,
3E109574,
3D1362E1,
3D91B789,
BE149FAF,
3D3A5B7E,
3D43472C,
BD5F40CB,
BDD22A6E,
3D4815DA,
3E16818F,
3E59C806,
3C7AE47D,
3C90C745,
BCA4DC36,
3CFF9099,
BE414F5F,
BD44EFC5,
BE1D84DC,
3C93AA2B,
3D1CCAFC,
3CFAF96A,
BCDFC73C,
3C85618A,
BD7EFCD3,
BD9BA104,
BD4D4BF5,
BDF6D44D,
BCA4F338,
BDE1FEA1,
3C95188B,
3CC1CAC8,
BE2B6C40,
3DACAF30,
3DDFD560,
BDA6292A,
3D9864B4,
BD4EFCAF,
BE7D7484,
BD4F8E3E,
BE0F82E2,
3D334134,
BDE723E0,
BA845F2E,
3D62A71F,
BD859011,
BE551F80,
3DF573D0,
3D71F3C5,
3C98FA58,
BE2F15A8,
BE51079C,
BDFDB93E,
3DC58650,
BD5FEBDE,
3E2B1C78,
3E29AEBB,
BD987190,
3DDCEEFA,
BDAA59E4,
BD0B67E3,
BDBBC5E3,
3D9CCAF5,
3D15FD6F,
3D6C830B,
3D3E4398,
3E6E5E99,
BBEC235A,
BDB95AD5,
3B240CED,
BCBD95CF,
3BB4540C,
3D88A96C,
BDB6A7FD,
BDB522B4,
3E4A10FB,
3E167C20,
BD0FCA15,
3C02AB8D,
BE163BB0,
3E5C350D,
BDD6C62E,
BD93E87E,
3DA71202,
3D60039D,
3D34C6A5,
BD79E5B6,
BD3689E7,
3A367930,
3DD3B3EB,
BDE38002,
BC8E7C16,
3DB791F8,
BDD8194D,
BDA9BBE1,
3E06B2DD,
BD122822,
BDAC8A55,
BCA02A1F,
3D8A23F8,
BD0F3323,
3D331755,
3D79DFDE,
3DF3B171,
BD911667,
BD9EFE79,
3E08BF01,
BE20182D,
BB11C5E4,
BE34A38F,
3D448A27,
3D96A836,
3C6251F8,
3D4C6EB9,
BC6EBB77,
3CF8AE3A,
3CF4CC9E,
BD7C5025,
BDD1759A,
BD8E83AA,
BCBB3E7C,
3BBF61BF,
BCC191B0,
BE46C467,
3DEC52E2,
BDF84C1D,
3E9B7320,
3D336F0A,
3CD574B2,
BDC894FA,
BD84FF20,
BD8352D2,
BE2E2836,
BB58125E,
3BA5953C,
3C41F9BF,
BE1F3CF7,
3CE89C8B,
BCF96EC4,
BD336493,
BE55AA2D,
BD5A8A89,
3DCA781D,
3E13FA06,
BE4E4241,
3D5D8E7F,
3E36F6C1,
BD0CA581,
BDD83145,
3E2B39C0,
3E518488,
3D6095B1,
BE166352,
BD2498D2,
3CD17E0B,
3D32C443,
3E6321B5,
BD96A6D5,
3C750368,
3D8AE709,
3E0E8B80,
BD0073EB,
3E26A4E2,
3B0163A8,
BD7C0989,
BD09B785,
3D7EACC4,
3E162222,
3DC675FD,
3C81A809,
BE18DBBA,
BB3FD722,
BD603FCF,
BC9E0E5D,
BEFB650C,
3DBA91B8,
BE88458B,
BCE495F5,
BC8A54E9,
BC1137ED,
BE72A66A,
BDA0B1BC,
BCC0F855,
3D1162E4,
BDDF4041,
3E7A832E,
BE41A79F,
3E215D4B,
BEA20C22,
3CAE2849,
3DFD86F2,
BC9ED5BC,
3D941585,
3C043502,
BDFF3377,
3D184D09,
BE110DF5,
BD29C223,
BE7DC733,
BCA6CB13,
BE4BF013,
BD9AD622,
3E2A1629,
BDE7D7AC,
BE47F9BD,
3B87CDAC,
3DE9AE38,
3DFC9149,
3D8F039C,
3B99D41A,
3E116D6C,
3D5A4E87,
3D37FEB2,
BCD785EC,
BE7CB6F8,
3D95A6C4,
3E057884,
BDCA12B9,
BDF7E3A8,
BE052E5B,
3D1CD70D,
BCE208DB,
3E08B5E0,
BE2153B4,
BEAA23FA,
BE51D877,
3DA6C1F0,
BE0105C4,
3E5A17CC,
BC1B71CA,
BCA49AEB,
3E2A6F2D,
3DAEB3A3,
3D91BF43,
BDB951D8,
3E2A1CBB,
BDA72810,
3DF61EDA,
BE1C0E9A,
3C2DE0F4,
3D4469F3,
3DF58907,
BC0C13CE,
3D904599,
BDEEF14D,
3D9501BB,
3DADDBA1,
3C7B5E07,
BE839383,
BE2C1660,
BEAD4831,
BE0E5ABD,
BB9245A4,
BCDCB42D,
3D8AC194,
3D7D8EB1,
BD706BBA,
3E4EEB24,
BE017FE5,
3DB3B93B,
BE5F6E30,
3C841088,
BE1D63CD,
3BAE58CC,
3C671BBB,
BCE95947,
3DA95B35,
3E2914FA,
3E22AB9A,
3C9E959B,
BC79A411,
BD279D0A,
BE11D205,
3D5FA51E,
3D8D0C09,
BD0BD667,
BDBADA9F,
BC4FB4D8,
3CC3648F,
3E7F0C34,
BCD403B6,
BDE5FE82,
BDD734FF,
BDC18096,
BDD7757E,
BE16FA45,
BC6D8733,
BA71E8EE,
BDD74052,
B964F5BD,
3E22FDC1,
BD09B864,
3D417601,
BE2C9750,
BE18F155,
BD49EE57,
3C6C3A36,
3C43C77D,
BD847CC3,
3D012B0D,
BDA52091,
3D88CEAA,
BE456219,
3DCE5E8B,
BBB2CE53,
3DD1B624,
BE4DA0FB,
BD2DEF82,
BE3F1B77,
BD464B07,
BC48866D,
BD511782,
3E16A830,
3DC5E899,
3D147DFF,
BE1583E3,
BD3DCDFD,
3D847335,
3DA4B6CB,
BD2820FB,
3CCA75C6,
3CB6D4C8,
3E7945B3,
BC2FB698,
BD5CF5F4,
3E031082,
3D9EF994,
3C1D0003,
3D119FC6,
BD9F4CBB,
BCC3F051,
3DB4B6C3,
3E3C325F,
3CC2BAD0,
BC9C6174,
3D910D26,
3DA83513,
BE234447,
3BE36EAB,
3DA7CFBE,
BD14C911,
BD0B77E9,
BE37A91B,
3DA5396C,
BD98AF69,
3B26E86E,
BD50A864,
3C810039,
3E1C38A0,
3D98C898,
BD99B5A8,
BCCAA1EE,
BC96233C,
BDC51B50,
3DCBB73C,
3DF912D9,
3CCCE894,
3C817F99,
3C144667,
BCBE62A5,
BD9F576F,
3E4056E3,
3D8FC144,
3C74602F,
3C8F8440,
BE08B57C,
3DF62075,
BBD1DA24,
3D97B65A,
BD9AE731,
BDB8D2EF,
BDFA11BF,
3D3DB917,
BCC02195,
3D263D82,
3E294FDA,
BC8F7F21,
3DC24241,
BCADDC15,
3E31119B,
BDF507C1,
BDCACC35,
BC3FB185,
3D3F64BE,
3DAE0749,
BDBCC382,
BDCC85B5,
3DB92C2C,
3D31C7E1,
3C256243,
3E1CA49C,
3DC5AB3A,
3E2B7144,
3D348AE5,
BD9AFFC8,
BDC28DB8,
3D44FDD0,
BCC74083,
3D874FE3,
BA978215,
3DB831F0,
3C83CD95,
3D8E3452,
BDB0A440,
BB782EC7,
3D5FD6E6,
BC4FC2BA,
3E3946A1,
BDB37AF0,
BCDB00CA,
3D4FF042,
3D1CDA0E,
BCF181EE,
3DC03C8F,
3D663A8D,
3B9EEF54,
BDB6F759,
3D0BDE42,
BB01F7A5,
3DF284EC,
BE07CF78,
3DF6C4A7,
BB80568E,
3CDBCDFF,
3DA0BDB3,
BD1B507C,
3D7E9DCB,
BD959A59,
BD89A136,
3DC10535,
3DA09144,
BC8E70D9,
BCDA520D,
3C8697C4,
3DA3AA36,
3D4AA144,
BCD51B2E,
3DA5EA4B,
BD8E3ED6,
BDA35095,
BCDEF0F6,
3D7F3C69,
3DB5EE07,
BDE5248C,
3D8176B3,
BD815C71,
3E5B75DD,
3D05DFAA,
BE2B3D5F,
3D06951F,
3DD7B595,
BD5D0AC7,
3D80E029,
BDB67FA8,
BDA41D84,
BD01B07C,
3D26CF7F,
3BC290D4,
BDC73565,
BD4B730C,
3D1FDFB1,
3DBAFA92,
3D79DC8A,
3E4AB044,
BE73A589,
BBB1D22B,
BD92EAD3,
BCEB68DD,
3D342D4E,
BDC92EBE,
3C65A2F1,
3D7F2CCB,
3E139DCA,
3D6567D2,
BDACED39,
BE043553,
3DE56BED,
BE3AA9C7,
BDF1E5BC,
BD61A09B,
3E1DFD9C,
3D6C7182,
BE0C0687,
3CA688BA,
BE063A67,
BE13A35D,
BB36476E,
3D2B1AF9,
BD007C00,
BDC80DD7,
BD77BE1F,
BE3A1DC8,
BC34C851,
BD493D9B,
3E0CA965,
3D7904E9,
3E20A3E0,
BE5F503F,
BD12F9C0,
BB21153F,
3D634C0D,
BDD93AFF,
BB9D0350,
BC9FAF58,
3DA3E520,
3D8DEE60,
3D23A625,
3E4F1306,
BE2840D6,
BD0CE05F,
BE966190,
3E29AC1F,
BDCA09CC,
3D404ED0,
BCC852D2,
BDAC80D6,
3E19C23E,
3E3A7348,
3DC9D8D1,
BB01C458,
BD9B23C9,
3D8B1DFD,
3DCB36DD,
3C7E3127,
3C163E96,
BD637600,
BE1A6226,
BE2840DC,
3E294B54,
BDFE5853,
3C1A9C2D,
BD6DD556,
3E32CAFC,
3E048F50,
BE3C6464,
BD065EC2,
3E61F360,
BC3D884B,
BCD7C6FE,
3D2EBCB3,
BE4C12D6,
3E745813,
3D8821D2,
BE09AF70,
BD7A2551,
BC1864E4,
BECDD41F,
BD4EE5C7,
BDC9EFD1,
3DD38071,
3E2E8C30,
3DB2FCCF,
BE65674A,
3DB423FA,
3DA9D824,
BC48C6D8,
BD0718C7,
BD8EF9E2,
3E91D038,
BD3F8D79,
3C6862CD,
3E27F5DB,
3E182F61,
3D76B5E8,
3E5A1621,
BD0F666D,
BC6B0566,
3E04D034,
3D842CE5,
BE3AFDD7,
3E3ACFC7,
BCE14EE7,
3E605AEB,
3C72F054,
3E2A77DE,
BC499A3C,
BE19C180,
BD9356ED,
BD9F9D8B,
BC17DCC5,
3D9AEDD9,
3DA6CEC0,
3DE5FF9E,
BCE3F84D,
3D30BB74,
BE0308E1,
BDEAE620,
BD905F2D,
3E06AD1C,
3E9BFA96,
BE0D72C5,
3C3A40ED,
BBC9C1F1,
BD941983,
3DA06743,
BE2169E1,
BDBA1660,
BDB68E7E,
3E2D5C9B,
BD1E3D38,
3CFC5ED9,
BD9ECB24,
3E314D55,
BBCCF3DA,
BE10E1F3,
3DCFF579,
3D8A746B,
BDDF353E,
3DE66F9A,
3D3C4E0C,
3C7307F1,
3DA8EDBD,
BE558A1D,
3DFC873E,
3E0D9A56,
BE72BF7A,
BD4CBBCA,
BDF8426E,
BD90AEA9,
BC887D0C,
BD70D1FD,
3E2E40CD,
3D8337ED,
BD80243B,
3D59DF0E,
3E0FA21B,
BD3289CC,
BC952E4B,
BDF27791,
BDC0D276,
3D20237B,
3E167FD5,
BE5D83A2,
3C1A6E4D,
BE29A1EF,
BE208BA6,
BD519514,
3D843687,
3DBA6414,
3DB8D89B,
BD20036A,
3D41DAA6,
BC008056,
3C9A295A,
BE3092FE,
BD8136E5,
BD1D7BA2,
BD8AF746,
3C847FE7,
3D0D2C2D,
3BE26A8B,
3DCAB20A,
3DA591B8,
BD05B28F,
BC6D115F,
3DC8749F,
3D7AE398,
3DD85840,
3C1334A3,
BCD4820B,
3C3295E4,
3C7F6D08,
BDC239D7,
BC32FCFA,
BD42D5FE,
BD37751C,
3E27A713,
BCF8FA41,
3E112915,
BBDA60D3,
3DAE854C,
3CEB5BFA,
3DB1D6E6,
3D4EDCEA,
BCC313EB,
BDE01AB7,
3D84CCC5,
BE7DC2D7,
3CC8162D,
3B73BDF9,
3C9C8812,
3DAFE3A8,
3CB4DC79,
BDD2A5E6,
BD3B0A5C,
BDDDC2C7,
BE008D1A,
3D0E0375,
BC047222,
BC25708F,
3D683F7A,
BBE423AF,
BE9652B1,
BDB2986D,
3D40B909,
3CA83FC7,
BDAAC284,
BD548D10,
BE11DEB6,
BDDB80D3,
BE361E05,
BCAA62E7,
BDB98AF3,
BCF79B18,
BD0F8A6E,
3DD70CD8,
3DFD4164,
BDA905EE,
3DF0DD18,
BB4F9CD9,
3C4A1999,
3DA1D203,
BB561C34,
3C0F57EF,
BD9B79C2,
BD94B342,
BD9BE577,
BD9299B7,
3D5F00A2,
BD73A7C3,
3D557356,
3BAD0A8E,
3DA2A887,
3C83A14F,
3CC40BB5,
BE0D0181,
BD8038BE,
BD8998A9,
BCCE8C41,
3D6B4C91,
BE216410,
3D40D976,
BD0F501D,
BDE435A9,
3DB86508,
3E0A481D,
BE554C84,
BD04DCFC,
BD1FBAC9,
3D4BF16F,
3D56A9EC,
3DD87051,
BC8E8815,
3E19A7BB,
3C3D2A88,
3C740685,
BD44AE3E,
3D2AE8F9,
BD6A1A17,
3D0532CD,
BE3F18E2,
3D97D830,
3D0F55BB,
3E0FDE55,
BD2EA710,
3DF78250,
BC9D1548,
BD4F1452,
3E197804,
3D43F6E7,
3E985093,
BE6D19D4,
3DAF0B2C,
BC16004E,
BDE41FE5,
BD5E9348,
BD8A17AD,
3E5F3564,
BA9E9DD2,
BB3578D7,
3DAFA15B,
BDB59839,
3E2A8A60,
BE4FC3DF,
3D3923B1,
3C9024B9,
BE919972,
BDE3F875,
3B2600AE,
BD6EEAAB,
BD107112,
3B132863,
3C1A7A7D,
3CDE5B18,
BE4A9830,
3CCA8006,
BD1D446A,
BD73030F,
BE7A383F,
3DEE74A2,
3D15E4C1,
BE27191A,
BD6C83AB,
3D855A09,
3E6E0E2D,
3DAB13F9,
3E4744A7,
3CCB8106,
BDC36D61,
3E2014A4,
3D247907,
3E62A0D6,
BD3AAD95,
BA2B2E53,
3DAACD7F,
BE251EB7,
3D05172E,
BD36DBC2,
BD2A0CB4,
BBB37EA9,
3D861C35,
BD7699A7,
3E0628E9,
BE8AEE3B,
BEBF1345,
3E2B2566,
BDD68955,
3D04F94C,
BCCE4B88,
BDB8229F,
BF1E4271,
BD9FE0AE,
3E8C2DF3,
BC96E208,
BDA50237,
3E0964AD,
BDB4A6F5,
3E20DEA8,
BD862F7D,
BE18271A,
BE2D391C,
3A3B896B,
BE11B46D,
3A8DB280,
BE63D938,
3AFD4F08,
3E09453F,
3E08B867,
BD5E90D1,
BB6F6E90,
3D42326E,
BE98EA48,
3E8BC241,
3DD0117C,
BDE61FDA,
3DC7A6BE,
3CDA27EE,
BA6CCC47,
BCC779AE,
BCB7039A,
BE239FBC,
3D573760,
BCB56693,
3DB2E5F5,
3D458A27,
BD016476,
BD80B453,
3DBD8BF5,
BE62CB1E,
BCFBA739,
BE3586AE,
BDDEA2EF,
3C1E5A9E,
BE29F697,
BEE24AED,
BE0EBCCC,
BD4FFEF9,
BDC97E18,
3E24C832,
3A281597,
3C828558,
3DEC6C90,
BD83BC51,
BCF52E90,
BAE0AD93,
3EC14102,
BD4040D4,
BDD8BFFB,
3E268276,
BDACD030,
3D36CCB7,
BE0FE3AA,
3D545015,
BDE8A160,
3D4A75C8,
3D138C61,
BE2492A2,
BCEB846B,
3E1FBF1A,
3E22AAF3,
3E024654,
BDE42C7E,
BDAD5E69,
3C0A3F5B,
3DD0F18C,
BD96EAD1,
BD000DB0,
BE158FD1,
BC2F34E8,
3E0A3DE1,
3DC1D8EC,
BE7C7923,
3E36A408,
3D9D1545,
3E2D2A18,
BDC5618A,
3D4FFA64,
BDAC15F4,
3C9A8036,
BD8F21DE,
3D980249,
3E08C696,
3DCBF842,
BD2A4259,
3E377AD9,
BD711D27,
3DAF2E91,
3D881945,
BF085EB6,
BE1B0B81,
39CF849C,
BCBEA356,
3CB2845D,
3D65B63F,
BC9E802F,
3DBD5AD2,
3DB5D4B9,
3DAF6DE0,
3D1D89B4,
BD6D39BE,
BDF18393,
3E35ECA3,
BC84F757,
3D7BF8F2,
3E76FD59,
3E20DAD5,
3DB56584,
BDCACBD4,
3E238E28,
BD709664,
3DD9D495,
BDF893D1,
3DC591A2,
3D76E936,
BD4EC921,
3DDE1BDC,
3D165E00,
BD85475A,
3E8286B4,
3C363A18,
3C4831E7,
BD014ABD,
BDFF97BB,
BDB3F883,
3DDD7AE9,
BCE00754,
BD35423A,
3D75AA46,
3E1FD451,
3DF1BFF6,
BD4FAE50,
3E20CEC5,
BE7EF771,
3D4270D1,
BD951189,
3D762C2A,
3DD40DC0,
BCA874F5,
3C22299B,
BC801785,
BD64350A,
3C9DF41D,
3D6CCDD5,
3CDAAA0B,
3E4C5C9B,
3D240EB7,
BCC6AE5F,
BD4359EB,
3D73AF38,
BDB444D1,
BD3D79D6,
3D9829F4,
3E16E6F5,
BDA2B76C,
3C30A1E6,
BE6263EB,
3D67D7CC,
3C5063D9,
BE219108,
3E164A69,
BC47A645,
BCFBAC3D,
3D53407D,
3D893BF5,
3C0113FD,
3D941721,
BE1A983F,
3D46B560,
BD5FBA21,
BD10A8BD,
3CD4EBBC,
BD80D02B,
3DD02018,
BC6F02B6,
3E197842,
3DACC109,
BD93603D,
3BB153CD,
BD4CF8EA,
3CF1BE3E,
BDE5A694,
3D5CDA23,
BDA3E27A,
BE0A50D6,
3E0B0178,
3D9D47F0,
3CAE3DE1,
BE87C3E0,
BC714837,
BD342A52,
BE147C20,
3DB4BADA,
3D4B815A,
3E14A200,
BD2272E6,
3CB67C9D,
3D05B710,
3CB23356,
BDFDBC13,
BDF6441D,
3E482D61,
BDBA40B9,
BBF7E11E,
BBC01662,
3C3D6EB5,
BDB80623,
3CA534E2,
BCB6435B,
BD1473BC,
BD88B3AD,
BDDE485F,
BE208138,
BD8777CC,
BE065E1D,
3D2535CA,
BD6A07BE,
BE8E37EB,
3DE46B44,
BD1C2C62,
3BD879B8,
3DAE566C,
BD027B8D,
BB46F5A9,
BE8533AE,
BD99FD99,
3D721A5A,
BD7F334F,
3E030D2E,
BDBFBF4C,
BAE600A8,
BDA32B85,
BD58ADD5,
BD038CE4,
3C9C7F7C,
BD45AEC1,
BDB4CD0E,
3DF6819A,
BBAA0F32,
3DC57752,
BD296F92,
37C60734,
3D8227DF,
3C80E37F,
3D85AEA1,
BDA6A762,
3CEBA2BA,
BE50F5EE,
3D55F33E,
BB6F17EB,
BD70AFFC,
3DFBEADC,
3B123E7B,
3C3AC083,
3D670F72,
3D52081B,
BDF141DE,
BE30F54B,
BC78FC5B,
BD672204,
3D9CE8BE,
BCA9D39F,
3DF1D72C,
BBD8EDD7,
3E078414,
3D9594F9,
3DA8905C,
3DA49520,
BD742778,
BB8C3971,
3DE40CE3,
BC6A84AF,
3DEEF56E,
3D7192A5,
3D463D25,
BBFF11F7,
3AEB94CE,
BD9B25D5,
BD9D68F1,
BC5B3C05,
BD8F160E,
3CC6E2EC,
3C0809C2,
BDAA209C,
3D5F7596,
BDA8DF32,
3BF79B8F,
3E0E07E8,
3D73EA8B,
3D8CD87D,
BDFF8820,
BE1F5D13,
BD2B7E63,
BD4AF6F0,
3B921EBE,
3DAA5A8E,
BD405388,
BE08B47C,
3D262613,
3CA0AF64,
BC338578,
BD5E3AFC,
3E234538,
BD580C5C,
BCA82E64,
3D22FE09,
3D41CEC9,
3DE1CCA8,
3DCCE125,
3D04606F,
BD6DE1EA,
BDBF8B15,
BD2D3939,
3C1896EF,
BD1EF670,
3E2F0877,
BE3EAF85,
3D685D08,
BE16EC57,
BDE10882,
BCE0ADE4,
BCA00ADC,
3DC95BAD,
3D6EDA62,
BE01176F,
BD9E08E6,
3DAC18F3,
3CBA23D9,
3D4D8B6F,
3E0E6E62,
BD3DB271,
3D3CAA71,
BD80C20A,
3C4C08CA,
BDBDF48B,
BA19D744,
3D71575C,
BD7286C8,
3DE72C54,
3C665DD7,
3DA4F49B,
3DE5A8C8,
3D7545B4,
BD8D6CD1,
BD4D670E,
BE3CC85C,
3E77696A,
BD597BFC,
BDF5A1A7,
3D43C283,
3CABED4D,
BC28900E,
BDBADCE3,
BD59B358,
BD9ADD5F,
BDC4A6AA,
3E09E147,
BC8F379C,
3D15F846,
3D34CBF2,
3D9735A3,
3AA5E10C,
3CF79965,
BC09D475,
BCCED794,
3DA3025B,
BD94E9E5,
BD0908EE,
3CEC2995,
3E01020C,
BD012905,
BD9AF70A,
3E178044,
3D32F742,
BB9F6658,
BD69124A,
BBCF0331,
3DD0804A,
BD6CE85F,
BD06B150,
3CC6E282,
3DB3675F,
BDCC2ABD,
BCEFE0D4,
BE0A151A,
BDF290EC,
3C4DBEB5,
BE02E49D,
BD837168,
3E0D840F,
3DF34056,
3DB932E9,
BD863D35,
3CE288EF,
BE08976D,
3DC5DD41,
3D54EF9F,
3D4596A5,
BD952E7E,
3DBE0846,
3DDBEF66,
3E3BD912,
3CD6A087,
BD5AA8F5,
BD941434,
3CA349D9,
3D0C225F,
BD902824,
BAB81F19,
3E2760CB,
BBC1A2DC,
BD80A6D6,
BDBA6629,
BE113D5C,
BE0C5D41,
3E07EA38,
BD5D82CC,
3E1D1DB2,
3D1DC2B4,
BC831CDE,
BD08FCAF,
BD8D0FB4,
3BDC6EEE,
BC5C8A50,
3D9656CA,
3C98B012,
BCDDB52D,
3DED8B87,
BC44B973,
3D13A60E,
3D97D9BA,
BD7B0728,
3D59896F,
BE4D50F0,
BDDD5F19,
BDE57E69,
3D155550,
3D0B3B42,
3DCAE6F0,
BD72342F,
BE000E2E,
3DD6F070,
3E303AF8,
BE82C701,
BDF28C7D,
BE3B963A,
BD333BB8,
BDA48037,
3DAEFC18,
3D94B35D,
3DA7DC50,
BCDD4A35,
3D868859,
BDC6153B,
BCD686CA,
BE07219F,
3DA1ACCD,
3D401E38,
3D19F264,
3B8965B3,
BAFE21C5,
3C806DE9,
3C2F4918,
3B1DAA6A,
3D8B080A,
BDE58D71,
BDD4D6D5,
3AA40BE5,
3D337BCE,
BD8B4C87,
3D5DFA95,
BD3A9ED1,
BDEDDAA3,
BE7B3824,
BE03F7C6,
BC395D93,
3B9F3E9F,
3D3A8D7E,
3DDF38F0,
BD7622D3,
BEABF622,
BC20186B,
3BA79CF8,
BDA89888,
3E324A36,
BCEBC9B1,
3CBB2D7E,
BC63671C,
BF055BEB,
BDA3D6A1,
BE49C642,
BC57CB7A,
BC386D7B,
3E15FE19,
BDB4F92E,
BCBEC64E,
BE96F0D3,
BF04D35B,
3D7BD6BD,
3E5CC6D0,
BC0B8370,
BD6B7861,
3D64CBAD,
BEB79072,
BD209BBE,
3CF2B500,
BD2C72AD,
3DBDC041,
3D677296,
3D9B8C74,
3DDC2B33,
BD80B284,
3CECE17D,
BDF0D454,
BCB9AD3B,
3DA98462,
BD925828,
BDAF0D79,
BCDAE0AF,
3DC191FD,
3E1BE8F3,
BD26191E,
3E1290B5,
BD175070,
3C470ACA,
BCAB0A34,
3D737455,
3DF666E9,
3E18A8BD,
BE362F1F,
3C1A0326,
3CD6569F,
BE35F888,
3B5E04C0,
BCF0FB04,
BE2B88F3,
BDA8A5D5,
BE4C83F6,
BC187C21,
BDD7971F,
3DEFC561,
BC6B3133,
3DCAFAFC,
3D1D37DD,
BD311A4B,
3CF6DF7A,
BD2BDC6C,
BEB62E74,
3CE6A35A,
3DBB8976,
3DDABDEC,
BDD96F92,
3DB97A28,
3C580FE4,
3DA97B07,
BE22DAF6,
3E453EF3,
3D83C280,
3DE8BFF4,
3D406605,
BC9D51B0,
BE463CF5,
3D38B552,
BCECE282,
3E158669,
3D9B007D,
3DA07EE6,
BDD069CF,
BD9FBC73,
BD3954B8,
3DBF0801,
BD87C490,
BE2B8881,
3D31775E,
BDA50AA5,
BDB2AD19,
3E1E795F,
3D3B63DF,
BDC073D2,
3E0F4F9D,
BC73A507,
BD20FA14,
3E0953B1,
BE316C1A,
3D39C362,
3E1BDA15,
BBA9CB61,
3E4A6613,
BCB3EB69,
3D2D3EE7,
BD65FF28,
BD803BED,
3C18B3C6,
3D40B318,
3E0D26D3,
BD974A75,
BDC83200,
BDD27FAD,
BDB72C8A,
BC81ACCC,
BDBF0DCC,
BD5D63D3,
3E7818A1,
BD85CBF4,
BD88C2B0,
3D4BE29A,
BDB0531B,
BCE3C858,
3C93B0CB,
3DA635C5,
3D3EEFDC,
BD158F49,
3E52FD89,
BD19B302,
3D92A36D,
3D67D291,
BE74EAEC,
BDF8EEC1,
BD835BBE,
BC30DF58,
BDB1802F,
3D81557B,
3D1F970F,
BCF6EABD,
BC061F17,
BD964365,
3B6D4B44,
3D64357A,
3DE42D47,
BD3C413F,
BC7EC194,
BE59C767,
3D6D761E,
BDB25361,
3D0890DA,
BBFE3603,
3AF51E8D,
3AB2B450,
BDAF2BEF,
BD1871E6,
BC517991,
BC5ACC17,
3D6262C2,
BD7586FE,
3C502D6F,
3E554FA7,
3E07AE32,
3CE47BEF,
3E1E7980,
3E051D5F,
BDEA373F,
BD77FDCF,
BC66E05F,
3CF9B234,
3D43FBC6,
BD971691,
BDEDAFC0,
BD994786,
3D194467,
3A15A914,
3E026553,
3D2FBB1C,
3CF6625E,
3DAFF93A,
BBF8718B,
BD7F4B5E,
3CF899B6,
3DD0324E,
BE177F5E,
BE47A344,
BD4A9754,
3E13630C,
BE48E7F9,
3B4439BF,
BCD5EAA1,
BBB34825,
BE184D69,
BDB4B902,
3C538D55,
BD2757D5,
BE0CE4E0,
3C189E19,
3E56A650,
3DDC113B,
3D97822A,
BD0A6BF9,
3E1A6A22,
BDFE2F4A,
BD974EBB,
3D991C17,
3DCD2B5D,
3D2BE119,
3E2F5068,
3CC9BB4C,
BDE1E20D,
BDA8A438,
BD7AAF88,
BEC9D759,
BE58D842,
3E8E689D,
BE38401D,
3E8D9569,
3DDC1B0E,
BD81C0F1,
BD525E87,
3E954F65,
3EBD6BE4,
BE25E8DC,
BE295D95,
3A96E00C,
BD954AD2,
3E92419B,
BD82FCAF,
3DC1E2A3,
3B5D406A,
BCE4D9F9,
BE0201A7,
BE9D5708,
3BE32BE5,
BEA4AA83,
BEA654AB,
BE6C89D2,
3ED82370,
BD2796CB,
BDD85DAB,
3D8B61BF,
3D9474FA,
BDC1743E,
3EC5788A,
3E9D71E0,
BD843311,
BE5678EA,
3DA604B3,
BD0DBBF3,
3E50BF3D,
3DCB438B,
3E14268C,
BCEC6488,
3E2425B5,
3DA8FE86,
3B2A3200,
3D44F51B,
BE508B04,
BC9D9C2C,
BBDA7B3B,
3ECA9C17,
3E85321A,
3E5417A4,
BD74992E,
3D82A21F,
BC5059CD,
3DA2BA10,
3C947898,
3E253AD9,
BD48D485,
BE795D5B,
3B965F5D,
3E5A8684,
BD04CBFF,
BC8A9308,
3D48BFD0,
3E315900,
BD7206CE,
BE0837D8,
3E8956A9,
BE2C9232,
3E7FD68F,
BD7E3DCC,
3CE8BF0E,
BD54EEB9,
BDDF51CD,
3D88CDD7,
BDB14F48,
BD9EC484,
3DE62637,
BD049348,
3C94714F,
BCCFE34D,
3DA00279,
BE195BE3,
3D60E8D3,
3E6CB7F7,
BD5B70AE,
BE817A3E,
BD58B5E4,
3DA0B291,
BDFF5018,
BE101C6B,
3E554F11,
BE0C0755,
BDA3F0E2,
3E2F1BE2,
BDA67041,
3D865B53,
BDD951D5,
3CC63403,
BDDEFD8C,
BE84D3A9,
BDE26D4C,
3D54C0E1,
BD861078,
3D84281F,
BE01CBD4,
BDA75D11,
BDB16C05,
3CDA839E,
3D83340C,
3EB305DF,
BCDE85A8,
3D91BB1E,
3D791A66,
3C565CC9,
BDA74015,
B94C8818,
BD6EED25,
BE0B7177,
BCFD3CFF,
BC9FC370,
BCEC23C4,
3CDB982E,
BD0D11F0,
BD4F6044,
BD91FEF2,
3DB7A7BA,
3D52FBB7,
3DCF11F6,
3DDC0CBF,
BCBC7C43,
BD971020,
BCAC130A,
BD311A4A,
BD5AB229,
BD461914,
BE14FEDC,
BD62952E,
BE47ED23,
3DBD811D,
BD129056,
3DC9A0ED,
3D22EADC,
3E32CF2F,
3D5A96D3,
3D370CB1,
BD6FD972,
BD8AFBDC,
3E8336B4,
3D57AAFC,
3E495D92,
3E5714A8,
BDDA83AD,
BE702898,
3E69574A,
BD441EE3,
BBE0930F,
3DB312A0,
3E0EAFEB,
3CCA7E65,
BEE2F821,
BE0CA933,
3E8531E0,
3C8D1E8B,
3DCFCA2A,
BC57E026,
B9A7E072,
3E0E45A1,
3DDEF191,
BCCB4136,
3D334BB5,
3C9DFDB4,
BCF150E8,
3E26C32E,
BDC81EE0,
3D26438B,
BE0AA819,
3DC85F6F,
BE1FC82D,
3D39CAB8,
3DA3A84A,
3C9078F5,
3CD6D04A,
BDF5474B,
3E8F9DDA,
3E58ED5D,
3E1224DE,
BD86BC41,
BE351589,
BC411479,
3E56EEBF,
3C269061,
BE0361F5,
3A86098E,
3E816A65,
BDBABDE2,
BA9A5B54,
BD938BE0,
3DD46631,
BCD6E534,
3E33A25B,
BB988048,
BDAB1739,
3D62BB76,
3DD0939E,
BE1FF35A,
3B8490F9,
BCBD9406,
BD36A925,
3E114759,
3CBCE4B8,
3E833D4D,
BCA1CF7C,
3DCA629E,
3E07D780,
BE039C6E,
3D566441,
BD74E14D,
3BD33FA7,
BE3B5971,
3DBB7E13,
3E637FF3,
BDDE0B7F,
BD4399BD,
3DF6B976,
BD60BF47,
BDF3C48C,
3D3F6842,
BC7A80FE,
3D747DA1,
BCAAF70D,
BD0C8BDB,
3D1F8415,
3E5D6F9C,
3D8676E5,
BD2196BE,
BDF1BC75,
3DCE1436,
BD20ADC9,
3D1F2244,
BDF7CABD,
3CD3F507,
BDEC15C7,
BD529C7B,
3C4246A9,
BDB32731,
3DDF0A0B,
3CCAE483,
BDE4AC0F,
BB112997,
BC2CB2D1,
BD0D9ADC,
BD391ED1,
3D90AFC3,
3D5A8C34,
BD664FF6,
3B327730,
3E2088AF,
BD97A3E0,
BDFE156A,
BD445B1C,
BDDA16A3,
3DA0D527,
3C3D1EC0,
3DCDD49F,
BD1A848F,
3C778C24,
BD9D6746,
BD4127FE,
3D2A426A,
3CA5F8D9,
3C87E745,
BE689F5F,
BDF0C50A,
3E41878D,
BDEAF8EC,
BD495F63,
3E358CE4,
3C629729,
BC58B52E,
BE119FCD,
BD7B4C5B,
BD47AEDC,
BD7A7537,
3CBAC121,
3D2E9DC8,
3CBB93A5,
BCADE859,
3EDC1E76,
BBF5D9BD,
3C919B74,
BD6584F0,
BD54D573,
BC7D3B35,
3DA78089,
BC838831,
3D7B98C9,
BDF416C2,
3DD3993C,
3DF221EC,
3D897486,
3CC6DABA,
BDD7CC42,
3DFF2DB2,
3C9EF3C1,
3E0466F8,
3E4B2967,
3D13EBA0,
BE5BEFD4,
3B4497E8,
BDB93CD5,
3DBB3C60,
BC3FD11E,
BE33BBC5,
BDB3402B,
BE070581,
3D55BEFC,
BCFCE3E0,
BCBB0DD6,
3D2CCCC3,
BCD2A405,
BDEAEF2E,
BD9C336E,
BC0A108E,
BCB983FB,
BCACF3F0,
BD2647F5,
3D12AE29,
3D2FD826,
3E17293D,
3DA72638,
BE016D59,
BCF9B72E,
BC68AA93,
BC4A0336,
BE28DC2C,
3DDC499A,
3DC6CCE1,
BDF25674,
3E0F67FE,
3CAE1C0F,
3CD651C9,
BDE0C4B8,
BD8DA20F,
BD52C38F,
3D3D2733,
BBF6EC0F,
3D18FA70,
BD9A16D3,
3E291451,
3E5CB759,
BD0E08CF,
BDAEAC15,
3D5C12CA,
3E8716BA,
3D5F4E0E,
BCBE2E8B,
3D891710,
BC895F25,
BDD04340,
BCF2C07F,
BD1C0B2A,
BE292483,
BD613B9D,
BA831D61,
3DACF932,
BDD03ED0,
BC5DBF3F,
3D919C55,
BE27CC73,
3E0557BA,
BD801EA0,
3DA19F21,
3D76E254,
BDD2817A,
3D6E074E,
BD63A2AE,
BDE88D27,
3DDF669C,
3C8AFD2F,
BC794BCA,
BD25D330,
BDE8197E,
BBF5C91D,
3DC73CEF,
3D8302A0,
BE55702C,
BE2AA0E1,
BCA6774E,
3D07D5E1,
BC9FD688,
3D7FD2B7,
BBF6672B,
3D8B663E,
3D6D3ABC,
BCB9C2B1,
BDEF100B,
BD755E18,
BE2E8864,
3DBA6CA2,
BE1582E6,
BCD2408F,
BE42AD55,
3D87C777,
3C9B4C07,
BD4773F0,
3D8C2EA1,
3D8C478F,
3CDB4AF7,
BCB4965F,
3E055691,
BDC60E2F,
BD80CF94,
BC50A0A5,
3D1F93B7,
BE109B23,
BE8E8FEB,
BEB0F2B4,
3D716326,
3D1CFA11,
BC59FB07,
3D9CDD3A,
BDCD7655,
BDD00B08,
3D875E79,
BD8CACA6,
BD7DD7AD,
3C18B613,
3DAA6DD1,
3CFD5CF0,
BE18B08B,
BED125D5,
BDDB162B,
3CC9FCC9,
3C44B561,
3DAA983B,
3E0028FB,
3D39AB41,
BDBF0BC3,
BE617C25,
3CF76B70,
3E113C96,
3DBD127F,
BE1D6CB1,
BE046818,
BD4BDD8E,
BED6ECA7,
3D643C5A,
BD9EF2A7,
BD581300,
BD035CB9,
BD653B85,
3E054643,
BDA09D74,
BDB472AA,
BD5C04AC,
3CD10247,
BD19D1F2,
BDE24A41,
3DBBD9FD,
3B4E4F9A,
BC9A1472,
3C735317,
3DC0DFBF,
BDDB1B6B,
BDEE4E47,
3CABC0A0,
BC5E2F9B,
BE192C2C,
3E1ACBC2,
BD5871E0,
3D7CFB2B,
3D8AA908,
BDB6A610,
BC8957B1,
BE4BBB75,
BE0C19C4,
3CEBAF8C,
BD9D33E2,
3E1F8E39,
3E15AB63,
3B2BD300,
BDF610C6,
3DFB2D1E,
BE60D7E9,
BC5B29B4,
BDFBB026,
BE079B7F,
BBAC13EE,
3E62FD40,
3DA967DE,
3D76C513,
3D49195F,
BD09D85F,
BE60973C,
BCB44862,
BD636249,
3D19280C,
BDE73884,
3D9C9DDB,
BDF49C71,
BD46E4B8,
3DD8ECB0,
BE0A96D2,
3DAFB49E,
3D365DCF,
BE5D07D2,
BCC22CF4,
BD988320,
3D456A04,
BD7E597D,
BE01BA0C,
BD97D382,
3DAA0B32,
BE28820F,
3D093111,
3DBE65B0,
BEA38CD2,
3E0363A2,
3D9D284A,
BC42E2EA,
BDFFEE12,
BE039847,
BD21E717,
BDD744AC,
3E34EA0B,
3D8AFAAC,
BC975FA1,
3D0254BC,
BD9AF566,
3D9F5053,
3D34B648,
BC1D9E41,
3C6035B0,
BCC93EA4,
BD4CA77B,
BDBBFC40,
3DB0BD52,
BCED62E1,
BD92F5E9,
BD886621,
BE08B2E4,
3DA1ED94,
BD33D016,
BEC19204,
BDB97EF6,
BD2026C5,
BA9D22F7,
3CA4489B,
BE239615,
BDE9EBF3,
3DE475C3,
3D9E94FD,
3DE5BD2E,
3DCFA941,
3C08BE6B,
3B109523,
3D4F4B95,
BD8647E8,
3DC7597F,
BDC88B5B,
3CDD7680,
BD0BDD80,
3D17DC0B,
3E333D6C,
3DAC0138,
BD769011,
BE821996,
3D3BB3EA,
3D840A7A,
3DF6F052,
BDE0A91B,
BCC5BEF9,
BE1AF3CA,
3DB29FB6,
3C59A784,
BD850E63,
BDB54C49,
3E0741EE,
BE1C3D4A,
3DC1343C,
3DC00534,
BDD4445F,
BDD866C1,
3E7F6C39,
BD701695,
BD7C1507,
BD8F134C,
3D786A36,
BE1FB40E,
BE18A2D7,
3E1CE61E,
BD8FBC46,
BCF72657,
3DBC63E8,
3CAEC1B4,
BC228F9A,
BDA4176A,
3DD067B2,
BCB1FA11,
BCAE3545,
3E05AB65,
3C2B739A,
BD33387F,
3CF65DE9,
3CC303B7,
BDA31A37,
BC01CB0E,
BDFC3F88,
BD70072E,
3E16F03B,
BC486E4E,
3D2E5D6B,
BCE23514,
3D579961,
BDF83873,
BE5CF332,
3D78774B,
3E4109E2,
3D9FCDE6,
3C9A4219,
BDD410E1,
BD1FFF09,
3D2A8EA5,
BDEFCFB7,
3E5D5F7E,
BD5D8396,
3D889ED6,
3D771E9D,
BD416F8D,
3D0F3569,
BE0064C0,
BDB73CAB,
3B7CE2A5,
BDC8658B,
BD18B57E,
BDCD42E0,
BD504E12,
BC4A6307,
BE0D95C1,
3DA0D328,
3E288BEF,
BD129784,
3E34CD36,
BDB46966,
BE2C6E06,
BCBA034E,
3D95E776,
BCBA49BF,
3BCE4C2F,
3E0B7E3B,
BD0E2267,
3D5E04E1,
BC8F18CF,
BE137AE3,
3DB00037,
BDFE1C0B,
3D5550B9,
BE032852,
3D7596E9,
3D5F46CF,
BDBAA374,
3D25714F,
3DFCF65A,
BBE4D9FF,
3CDAFFF3,
BE3759A0,
BD0DA321,
3D8F8EDF,
BE0773DF,
BDC0E54A,
BD7CBDED,
3DFD4E67,
BDD1328F,
BD2A1B2E,
BDA56975,
3CC9B7E1,
3CDED5BD,
3CFD37BC,
BE0C2888,
BCBDC652,
3E0EF72A,
3E3F69A2,
3D8D9F14,
3DBCDA21,
3D31C5BD,
3CB7B9D3,
BE5D396B,
BD351FD0,
BC67A438,
3E0A95B6,
3D94459D,
BDBBB2CC,
BDD78524,
BDB11F2C,
BC88EAA2,
BED41782,
BD52F3C3,
BDA76836,
BCC5DE83,
3DB32D29,
BD956C34,
BE6AB58A,
BD8BC365,
3DF52727,
3D571D86,
3D2C77D7,
BD4660D6,
BDAE7510,
3D4E296D,
BE0C768B,
BDAFC11A,
BE209113,
3C905A1E,
BC7264F5,
BC0A3BFB,
BCD93903,
BE0DFB40,
3CEF9584,
3C817178,
BE046423,
3E5492E6,
3CBDFE59,
BDBF2F77,
3CFDEBCE,
BB10C82B,
3D34E42B,
BDD6D107,
BC68A44F,
3CD71904,
3BA08C42,
3D51FD5A,
BCEC7379,
3E29E635,
3CE5630E,
BD89315C,
BE2684D1,
3DA09FF3,
BDA26D80,
BC5940AB,
3CFAEBD6,
3DC47113,
BCAA0FFD,
3E10ED5E,
3C348B46,
3E454449,
BE171659,
BDCD37DD,
BD91C55F,
BDB6D36F,
BE296BF7,
3D86E4BB,
BCDE31E4,
BC1ACF9D,
3DD80BEB,
3CAE3D0D,
BD8A5361,
3CEB5945,
3D7E4B5C,
BDB55B77,
BDBAE7A3,
3D486DD8,
3B6C2E4B,
BCA0064F,
3D51CC55,
3DD53600,
BDA07C6A,
BC0CEC3C,
3E484943,
3E12835E,
BDF05AA4,
3CBDD404,
3B1585BD,
BE6A54C6,
3D818DE2,
BD270589,
3CDD5A4F,
BCDDD82E,
BE100673,
BD6E94A7,
BD1E6912,
3E5139A4,
BDD0E051,
3CAC1741,
3DE3E29C,
BCE3F46B,
3DDC7D90,
3D903100,
3DBB4E1F,
3D8F0C4F,
3E1EDDB5,
3B29EA25,
3DEFAE54,
BE6E69A2,
3AC95F1D,
3CB35851,
BD8E5B7E,
BD66D16A,
3E015E4C,
BDDBA445,
BDAF1FBA,
BCCC6164,
3C7E6B50,
BD5B5D03,
BC85CFB4,
3C9990A8,
BD5CA2F8,
BC9435C0,
3DCADCCF,
BD7A9904,
3DC8FE08,
3D2DB799,
BD148DF3,
3DE0E44C,
BDE6E8AC,
3D990A8B,
BDF6CA5C,
3DCD12D9,
BCE58B23,
BC61779A,
3E021FFA,
3977D45F,
BDD51EDC,
B951FFE3,
3C86B4AF,
3DB1CABA,
BD2C77C7,
BDE731A2,
3DBF3C12,
BDD8806D,
3D78E661,
3D286434,
BE340608,
BE6308FE,
BCEAAD1F,
BD05556D,
3D53005E,
BD9CC44F,
BDF329A0,
3D15C9B4,
3DCD1BD3,
3CCFFD56,
3DAB0BA1,
3BC40CAD,
BC141C6B,
BCE3475B,
BDA0FFEA,
3D2172B0,
3C336BEC,
BCC7394C,
3D414549,
3C8C7B9A,
BE2FF934,
3DA823E5,
3C49B5A7,
BD943F42,
3E4BA384,
3C9A63AC,
BE4A6A92,
BE2C28A1,
3AEE226A,
3DFCF99F,
BC949CDC,
3CF2EB6C,
BE28056F,
BC98DA46,
3E1696DC,
3DBD5011,
BC4541E8,
BD85F614,
3E0FF6D2,
BC9BAD81,
BE454439,
3DD5C3E1,
3A2C36D5,
BD3154A2,
BD172D64,
3CCDFF8B,
BE3C57A6,
3D33151D,
BE3BC4F9,
3CF8D966,
3DE507E7,
3BC408FA,
3DB04EDF,
3D7FA117,
3DBBD3F5,
BD9987A1,
BDFADD0F,
BCFD2B33,
3DC7AC5C,
3D4B8D39,
BDF3F49D,
3C4BE112,
BC65D25F,
3C4DDA5E,
3DBC30CC,
3C5670CD,
BCF14CB3,
BE7E04D7,
3E803711,
3D1947B0,
BD5176D3,
BCC39AA1,
3DE3E05D,
BD71A0F8,
BCAE906B,
BE191505,
BDDD0223,
3E0CA692,
BCBE3A11,
BBADDC11,
BD1FE196,
3D5DF4D0,
3CD4DF60,
BD731E53,
BDB4EDED,
BBBE21C9,
3CFA54A5,
3E345516,
3D5F86DB,
3E0DF452,
BE02E4B7,
BE071333,
3D8A681D,
BC468EA6,
3DD0B20E,
BBF62547,
BD637E26,
3B9FC806,
BDCFB073,
BDC78478,
BC96C001,
BA967E99,
3D346FDC,
3BAF150B,
3D545FEF,
3DFE0C46,
3D678570,
3D6331CB,
3D841295,
3E6A5377,
BD239754,
3D6214EB,
3CF79E5E,
3CC3E832,
3D0A47EA,
3BCE58D2,
BD87AF8D,
BDD19DC6,
3D985572,
3D807708,
BDCEC394,
3CB5F740,
BDFACB95,
3D8EBB32,
3CA631B1,
BDCABE99,
3D10048C,
BC6FC814,
BDAF10E5,
BD2AC9DE,
3D0F6355,
BDCAF1B8,
BD633110,
3E0AA5BE,
BDA76EB6,
BD1C3EB0,
3D610038,
BE28581B,
BC909306,
3D2DC4C3,
3D1BE4AC,
3DE1CA5B,
BD1B31B4,
3CA80F60,
3CD9E372,
3DC1D297,
BA09D3CC,
BDCFF591,
3E30E95D,
3ADFEDD4,
3D90B75A,
3DFFF6DA,
BA41DA3A,
BD43EE2E,
BB367E62,
3E4D10C2,
3D99C648,
3CC89941,
BCDE0249,
3D6743C5,
BC5465DD,
3B11D8F7,
BD35FDB7,
3DE0E782,
BE3D6473,
3D874DFB,
3E3EC81A,
3E256C0B,
3B4FD671,
3D0140EB,
BE823676,
BCC77DDD,
BC8A3F36,
BD0AD3E2,
3D8CC4BD,
3DC685AD,
BCA847C2,
BC714F11,
BD8A30C8,
BDF50710,
3BDD8767,
3E40CBAB,
BD377241,
BDFCEB2E,
3C9D4E92,
BDE2309D,
3DC41B0D,
BDCCBE89,
BCE19C88,
BE9CB99A,
BD523BF2,
BD0CD34B,
BE02675D,
BDB81EE9,
3D93F87E,
3D51F756,
3DA6318C,
3E331771,
BE01F567,
BEA55504,
BCB0DEE5,
BD334B52,
3E1075F2,
BDF90D6E,
BDB302BB,
BDC619C6,
3C1CFDBB,
3EABF861,
3D39FBC5,
BD24E115,
3D0E9B48,
BDD32FDD,
BD9D07E2,
3DE95461,
BD1C82FE,
BD7EB8FC,
3E107A71,
BDC78A7B,
3E3D8144,
3C9A6A8F,
BD919EFF,
3D16705A,
3D7DA21A,
3DF3B7BA,
3DCA2389,
BDDD0F18,
3E0FCE53,
BE051C6B,
BD8F1081,
3C710199,
3D5D6104,
3E836933,
3D6F0BC7,
BDDD566E,
3C37EE3D,
BDF3CD82,
BE50964B,
BDF33CF4,
BCC21384,
3EC5DD71,
3E700506,
3E802D1C,
3E236BCC,
BCD5FD81,
BC53A0EA,
3CFCD940,
BD5C5CB3,
BC75351D,
3F098B10,
BDA09497,
BE4D81C9,
BDF66DD7,
3DE0DAB6,
3D8E84D4,
3E59BAF5,
3D4715F8,
BDF66529,
3CE92612,
BE260B5A,
3DBF45FE,
BDF4B26D,
BDC9DC76,
3E006EF8,
BD0C308E,
3E28AE2F,
3E2785AC,
BDBC5B9F,
3D4D0B91,
BDC7FA19,
BBC2F6A1,
3DA5978C,
3CED64ED,
3CA6DB9C,
BE58B0FB,
3E6CEE61,
3EA58215,
BD72B694,
3C462244,
BE5A7C43,
3E056D19,
3DF1F265,
3E199C84,
BDCD819E,
BD5F2CB8,
BD7A6AAE,
3D9982F6,
3E4031FB,
BDAEB75B,
3E0A9472,
BB9C54F6,
3E780C7B,
BDBAAFB7,
3D36B967,
BE0D9805,
BDDC1DAF,
BD4BD208,
3DC0BEF3,
3C0AFBB8,
3EA99538,
BDB5D268,
3B2034DB,
3E59D414,
BD1E12DB,
BE3D3960,
3CC94E87,
BE008816,
3A691D1D,
BD895C26,
BDF90351,
BD998895,
3D3F11C4,
3EAE03C6,
3D989A3B,
3D917E8B,
BE2D135B,
3E1281A2,
BDF19C10,
3DE04E78,
BE0B90E5,
3D119128,
3D1B3ACC,
BD9C4CDF,
BD6AB97C,
3E193DBE,
BDABB5B3,
BE1A7F08,
BC619D6C,
BCEF2D01,
3D1605DF,
BE042DAD,
BDB8F87E,
3BAA8915,
BE0D2C0A,
3DF70EE1,
BD059056,
BE6A60A4,
3DF0D9FE,
BD9B2104,
3DCD377C,
BC9ED98A,
3D997362,
BC96E0B7,
3DBFC776,
BCD8D2C9,
3D74DC70,
BD9172A3,
BDE462DB,
BCB5BD77,
BE16E894,
3C94CB6C,
BC45156A,
BDA869E0,
BE403009,
BE37648B,
3E318612,
3D13DBCE,
3D17D02B,
BD74E8B3,
BCA803CD,
BE9F7F26,
3DA2D22A,
3BC9B003,
3D9172A9,
BE717F9D,
3DA50EA7,
BE1CF6DF,
BDB0FA54,
BD945E1A,
3D6316E1,
BE4816BA,
BD773D5F,
3C25126F,
3E2A9D55,
3CD3FC9C,
3D9BE14B,
BDAC7971,
BE3F6CA4,
3B86C131,
3CD1A8EE,
BE593581,
3DCCF74A,
BCFF247E,
BE891A0B,
3D90D9E5,
3DA028E1,
3D23BB2F,
3C49BBAA,
BE1255B9,
BE39EE99,
3AD5BF7F,
3DEA04E1,
3CCD4C46,
3E4A2C83,
3D6810E3,
3D8A9CF7,
BD6822B5,
3DA9F55B,
3DDA177C,
3E162D38,
BDEF26F6,
3E150BEB,
3D1A3D6F,
3DCBAA44,
3C51E6AF,
BCFBB9FE,
BDDAC8F1,
3DB75448,
BD292D00,
BD8DEF41,
3DC2C97F,
3BBBA341,
BB9AB5C5,
3E0F4514,
B9D0A758,
3DFB697F,
BD343B6D,
BE193479,
BDF7959E,
3E41EDCD,
3DA0BFE7,
3DFC466D,
3E1792A7,
BD854421,
BC07E174,
BDD19DAE,
3E8D3751,
3DBA81C7,
BCABEA02,
3C0608B3,
BCF8BC76,
BE30EED4,
3DBB7268,
3E1641D5,
BBC5743E,
BC00F441,
3D641A33,
3DAB4761,
3DB60325,
3D5FE77B,
BDAE7564,
BE1F3793,
BDA7DE0C,
BD778BD1,
BC3A5A5C,
3D322172,
3CAEC7B3,
BCC62DE5,
BD505D73,
3E95922B,
3DB36DC1,
3D8A9625,
BE01C8DB,
BE83CA6B,
3E98C7B9,
BE2F20F0,
BCDD88AC,
BD97A8F0,
3BA1EB99,
BDB473B1,
3E13CC3B,
3D1B8E06,
3DA7AA88,
BE2EA05E,
3E659499,
3E53E608,
3BE2CACC,
BDB35199,
BD4842DA,
BC7108D8,
3D14BB2D,
BC864087,
3E658F1F,
BE2843DC,
BDDC509B,
BE3F132D,
3D872FF4,
3CFBAC74,
3D000CCB,
3E0367E9,
3DB180DF,
3D7CD19C,
3E61B279,
BDB8B509,
3C5E0AB6,
3CBECFE2,
3E169B8F,
BE52DA13,
BEA56B16,
3E04E69D,
BBDC8518,
BE8465CD,
3DAD94E4,
BE70FED9,
3D62A241,
BCCDF000,
BE431005,
3CB16ECD,
BC933CC7,
BE20C68C,
BDAAF295,
3E34F5EA,
BD59D963,
BDB504B1,
BD03B6FF,
BEA3A021,
3C309DB9,
3E2154F1,
BDDBEAD6,
BE6E152C,
BE0B8A5A,
BE923973,
BD979822,
3E46435B,
3E03945E,
3C5B788B,
BCFD15D3,
3E6FE057,
3D8981B4,
3E5734F7,
BD1CCC23,
BDD6BE73,
3B8D3208,
3D26ABC0,
3E1CEC78,
3D04B7B3,
3B6C900E,
3E949D80,
3D9EF54F,
3DDD6498,
3E44A607,
BDE56A4F,
BE43F6E8,
3CF8FA44,
3D10967C,
3DD7CE18,
3D2C51F4,
3D80E4CD,
3D17A5F7,
3E557E17,
BDB82FDF,
BE09D31A,
3D872798,
BE4B00E7,
BC6B1D4A,
3D253748,
3C6E586A,
BDAB29F3,
3DCD0716,
BD8F45AB,
BD02806D,
3DF65223,
BE6E05F5,
3E06150D,
3D3D8FB6,
3C7430E1,
BE3AA851,
BD17D7A7,
BDD9097B,
BDC0FD0C,
BE866C5B,
3B842835,
3D57A7FB,
BDA36DCC,
3DAA5CB7,
3E037C00,
3D55D4EC,
3DC76095,
BE3CD241,
3E571C47,
3D66F3E2,
3DBDB96A,
BD5D4EF2,
BDA17357,
BE189D88,
BD633CD8,
BDBB7BB3,
BE897D6A,
BE657E86,
3C8C75A3,
3E22614C,
BD86D3A8,
3E8B1ACC,
3DDFD4B6,
BD15FFF6,
3D2A3049,
3E0A98A8,
BE08E270,
BE3681C4,
BC53D8AA,
BE391893,
3C945990,
3DEA22BE,
BD4C2310,
BD04E0A3,
BD9D987D,
3D1867CE,
BE100C2A,
BE1A7F64,
BCD78E0D,
BDE260C2,
BE1359F5,
3C9EC400,
3DAA7E3A,
BDE3C523,
3E1DF9E1,
BD06C00F,
3D068DB1,
3EA8C6C7,
BE0BE22E,
BEA38247,
3C81F195,
BDA61691,
3BCF7F90,
3E6F68FF,
3E170922,
BDDDCD2C,
BC04451A,
BBF5B89B,
3E038132,
3B83CFA0,
BE0C616E,
BD15ED82,
BCBDEFEA,
BE86FCA7,
3E907747,
3DFF9B2C,
3E8B8A5C,
3D611DE3,
BE279C2F,
BD8343F6,
BBD49F8C,
3CF48A92,
BD57AA54,
3D48B30F,
BDF2BF92,
3CB5CC13,
BC44D505,
B9E261F2,
3D9AF8F0,
BD8AF6AA,
BBD18BBE,
BE117E19,
BE09086D,
3CE86E88,
BD87F7C8,
3E255245,
3E4817C9,
BD1E7F61,
BC1463CE,
BDD19948,
BDA1854C,
3DA6D054,
BE133EC5,
BCD8390E,
BE391B7F,
3DD97C32,
BD75A2AB,
BDA77744,
BEB28DC3,
BE0AAE5D,
3DBB261F,
BCE45954,
BD90DA1C,
3DC38CA2,
3CFC46B6,
BE5914C0,
3AAE7311,
3D8555F2,
BD0BC963,
BD6366B9,
BCFE45D2,
3C8FA2DC,
3E38ED8B,
3D80B779,
BDD22DCC,
BDAFE2E0,
BE03ED42,
3CBB414B,
BE24ED19,
3DCA7B16,
3E0490BD,
BDD45FD4,
BE861143,
BD34AB47,
3D087704,
BE3370EC,
3E66685D,
BCB6ACF4,
3D34C7DF,
BCD58A5E,
BDA78424,
BCB63C07,
BDDDC9EA,
3D82BAB4,
3D0BA426,
3DAE10FC,
BDFDA982,
BDB91C73,
BDA64289,
3DD1AE0F,
BC11C6AB,
3DCF743A,
BC969094,
BB26B7B5,
3DE43B01,
3E1E9B9C,
BDAE1959,
BD9E3F36,
BEA86E24,
3D4CD364,
3DA1BEE5,
BD4051FC,
BBA7A7B7,
3D505D02,
BCAB1270,
3DC6CB80,
BDC3481E,
3DCE33A7,
BE60C22A,
3D8071A7,
BD6AD40F,
3CB81205,
BD21AC11,
3D8C5E13,
3E3C2A83,
3D1949CB,
3DC47F1B,
3E2FF9C5,
BD296CB8,
3D08C344,
BE3FACFB,
BE032C84,
BC6D512F,
BD8449FD,
BD9038AA,
BDED1FE1,
BE70017E,
BE041017,
BC94BA5B,
BD76D5C9,
BD0F35A7,
3DCF229E,
BE17AE76,
BE3FA99E,
3BC60860,
3DCC24CE,
BE49F595,
3E3D33C9,
BDC91FF3,
BD655B47,
3D5CABE7,
BE849044,
BDD194CC,
BE301CAA,
BD9B3207,
3C0A6248,
3C3BA278,
BC31A7E8,
3D015555,
BE5DEF42,
BEF60573,
3D3EC5B8,
3DAD340C,
3DA89025,
BE61BA3D,
BE03F826,
BE9A7AB3,
BD5FE349,
3BDB5F54,
3D847972,
3D80D43B,
3B9B58D0,
3E4DDDB7,
3D723D3E,
3CDA23B9,
3C8ACF4D,
3D40830A,
BE2260CC,
BCC7E47C,
BD62E53E,
BA523909,
BDDED1A5,
3DE0BD6F,
3E3ED6CE,
3D98877D,
3BBF42FD,
3CC3E790,
BE18FBDB,
3CD641E4,
3E1337E6,
3D472AD9,
3DB63937,
3B96A822,
BBF5B18D,
3E6545B6,
BD6C932B,
3AC829AE,
3DFD3773,
BE147FE0,
BD6F58AB,
BE8B4148,
BDDD5736,
BDA544A7,
BDBC147E,
BE01CB47,
3DD4AE67,
3C79234B,
BD6AD976,
3B3C741D,
BDDB7F3B,
BD3BDF14,
BDE3A054,
3B9C62FE,
BDCF162D,
BD2E8936,
BDB76449,
3DF6B829,
3DF91109,
3CC2BAE5,
3DF84245,
BC8FC869,
3E10A30B,
BE090B28,
BE040D1C,
BD80932D,
BCE9FA9E,
BCFB49BF,
3E4F6D5C,
BDE9E2BD,
3DF90BB4,
BC43F8FB,
BDF0E6AF,
3E3346C7,
3D67DD33,
BD87DE21,
3CFB25E9,
BD47DDBB,
3D963176,
BDDFC698,
BDC062A8,
BDD0CEBF,
3DADA28E,
BD74376E,
3CDE33FC,
BDF8C0E0,
3C54EF50,
BE5E8744,
BE08F269,
3C2D2EAC,
3BF6DC64,
BDC09AE4,
3DA6884B,
BD9BE484,
3C83727C,
BDF96975,
BD55EE2A,
BD8862FE,
BDB94A9B,
BE21131D,
3D585728,
3D8E9C9C,
3A37DDA6,
BDC4C4FF,
3D9E1AC0,
BE452F15,
3D81FC27,
BE3EB7A0,
3D5276F2,
3E601706,
3B4050E6,
3B9116F1,
BE5E8A74,
3CFEFF3C,
3D8288BB,
BDE3465B,
3E63ACE6,
BD904708,
3CCA629A,
3D36B39E,
BE5DA56E,
BDA707B5,
BD9853F0,
3D01D575,
BCBF351A,
3D7AE8C6,
3D649E15,
BD2995DB,
BDFA31FD,
BEA18CC0,
3E2B6D01,
3DFB2E1B,
3D56CF87,
BDB4341E,
BC8E35A6,
BE6D8D40,
BD846321,
3DBFE59D,
3BC96D4E,
BBD89CBE,
3D2A241F,
3E05947F,
BC1593EC,
3DD754AA,
BD53AABA,
BE752DDB,
BE6FD07F,
3BDB63FE,
BD1B6DBD,
BC324900,
BCDB52B0,
BB3642D2,
3D71CA29,
3E0679B1,
3B9E0551,
BD4920CF,
BE34E88D,
3D25059E,
BD4F570A,
3E4332EC,
3E0169AA,
3DE3666A,
3D5350C4,
3E389BC6,
3CE505C3,
BD0E93B1,
BDDBB728,
BA974D09,
3D950233,
BE00F444,
3C690721,
BE110223,
BD5918D4,
BDE4EEB7,
BD979D9A,
3E085DE2,
3A952826,
BC0DB259,
BDD52548,
BED7BE07,
BD6168E3,
BD3C939C,
3DCCE4F9,
3DCEBCA0,
BD8F73D7,
BDFEA5EC,
3DF02323,
3B9C2366,
3E21C876,
BE28A4E4,
3E144569,
BE437F9A,
BDDB1CF7,
BD8CF7F1,
3D8B021C,
BE0F4C46,
3C9F5607,
BD9511A9,
3E26FB84,
BDD66D0D,
3D66F11E,
3E149A6F,
3CB4BF28,
BD80708E,
BCF0F310,
BD57B050,
BE1C1356,
3D856840,
3D8674E0,
BDC0415B,
BDC2990B,
BDE58B8B,
BC9E791F,
BDDCAA97,
BC8E9741,
BDAD5F31,
BCA79784,
3D2968AB,
3D58C7E6,
BD48974C,
BDBE579E,
BDE8C537,
3C07E953,
3DD62696,
BDAC6B2A,
BCB01DC1,
3CDB8012,
BE710878,
BDD5D776,
BDC98DFC,
3D4B9A9C,
BE0A0EBC,
BE50F165,
BE3A7CBD,
BDB7DC9C,
BCDEB512,
BD8E47C6,
3D88345C,
BD1F4B37,
3C9C75CC,
BE147CDF,
3E0F8CEB,
3D91409A,
BE0F91FB,
3D33C68F,
BD8CC08E,
BE2AEBC8,
3D1D4336,
BE79F1A5,
BCD9278C,
BE81AF0A,
3D542D8C,
BDACE9B4,
3E6A09D2,
BC26DDCF,
3BBA537C,
BDC632A8,
BE8686B9,
BD13FB38,
3E0B5E69,
BD68DD43,
3E3FF3EF,
3C87C084,
BE8DB305,
BD95DD04,
BD95B0EB,
BDB8EFDE,
3DFB7D56,
BD92D016,
3DE0AA15,
3E1E8D79,
BD97B953,
3DE028FF,
3E072656,
BC09DC9D,
BC4CB6C3,
3D36DF13,
3D1D5A81,
3C593652,
3E2C234E,
3D4F19AA,
BE134CE9,
3D768523,
3C19A7B2,
BD7FDD8E,
BCB6B4C2,
BDD1CC1C,
3C024593,
B9BD6649,
BE0FAB3F,
3D71D81D,
BC9C9F9E,
BDD4B8A9,
3DF98D33,
3C9293B2,
3D2DF798,
BDD277BB,
BE28348C,
BDD63065,
BC95979A,
3DC221AF,
3E2D96AF,
3E04AF70,
3D8B6C65,
3DF5683E,
3CB6B490,
3E32F626,
3D3C0B7F,
3C4D06F4,
BDF09CDB,
BDE28234,
BD80052B,
3D2363F1,
3D409E29,
3D0E5076,
BE34F7EB,
3E09AFB5,
3E182A56,
3DB100CA,
3D3ABC4E,
BDE7BA3B,
BD583298,
3CD0C0C3,
BD9F5B37,
BCEC933A,
BDD1DC32,
3CEDEA30,
3D7083CE,
3CFDB4F3,
3E3256EF,
3D5D531E,
BDC531F7,
BE05684B,
BD2A9422,
BE42BC02,
BE4E4568,
3E3F095C,
3E292830,
BDFCC9B7,
BA09ACEC,
3D89D0F9,
BBC25251,
3DABEAFA,
BD91DE15,
BD88A838,
3E341F3C,
BC75BB40,
3E4297D8,
BDCE4015,
BC752351,
3CD7FAAC,
3C59DC9C,
BD834CCE,
BD371309,
3DC8380C,
BC64F6FA,
3DB7203A,
3DAAF174,
3CEBD9D2,
3DED40CB,
BCF5F17F,
3A2AD882,
3E827241,
BE4C82E4,
3C85D5B0,
3DF86A4B,
BD5F94DA,
BDE61D8C,
BD18DB51,
BD08BFDA,
BD49409F,
BD8FA482,
3DF9723E,
BB4764B6,
BD152196,
BBD3779F,
BD978FEB,
BD881B92,
BDDBA535,
BDAE65D4,
BD9DE8A3,
3DCF730C,
3D404947,
3D589766,
BD770572,
BE72646A,
BCCE8071,
3CA3926A,
3E294318,
BE19F301,
3B89ACB7,
BE4C29AB,
3C9C1C5F,
BDAE0F03,
3CCB6AC6,
3DC8CD7A,
BDBB0ED2,
3E12F3BD,
3C578172,
3BA3440C,
BCA0A7D6,
3AD3BEA5,
3E25185D,
3D046538,
BCC15B37,
3E11EDB8,
3C6C8E91,
3DC2C8AB,
3E2164AA,
3DDFFB85,
3DAA3083,
BCF7F438,
BDD39E4D,
BA55A012,
3E0F7E24,
3DE33BCC,
3D259459,
3CD7E8A8,
BD315390,
BBC66A6B,
BD422F14,
3D7051D8,
3DC10B8B,
3D5FEF2C,
BD3802C7,
BD9317FE,
BD071D73,
3E3903E3,
BD276E7E,
BE243877,
BD4EE3F9,
3D420BBF,
BDC884D0,
3E23FDC4,
BCAA2B98,
BDD67AA2,
BE0A9E2F,
BBFC2495,
3D876031,
BBDF84DA,
BDF64A8F,
3D745F2C,
3E0AF05E,
3E036B08,
3DBCB560,
3D6CBE4B,
3DBBE501,
BCAF3A4A,
BD20610D,
BDF80CDE,
BD468DE2,
BE8BEE22,
3E815EB4,
BD9C773C,
3E6A6A8D,
3CE62061,
3D5EC681,
3DF9CCC2,
3DD8AADA,
3CD7DFF3,
BE8ED7E9,
BDB1C73C,
3E13A15F,
3D5BFD1D,
3DC66917,
BE52918E,
BE9043EE,
BE70C03F,
3D756AD4,
BD9ABF6B,
BE0B2FE3,
BE9452E4,
3E885887,
BE798EF5,
BD5A783F,
3D07A893,
BD9E52AA,
3E0769D1,
3DC8E78A,
3DA8E385,
3E006368,
BE691506,
BDC3CC25,
BDAD6575,
BE022669,
3DBE93B4,
3C36FA41,
BD293AD3,
BE85BF4E,
3E99929E,
3D20FC2C,
BDC0E353,
3D001791,
BE96F7A8,
3E2160A8,
BE348C91,
3E08FF75,
3D5C962B,
3E26190E,
BE142814,
3E5FA3D0,
3C9EAD54,
BCEB0A2B,
3C903A19,
BE829723,
BDD57DD0,
3D7D685B,
BD1B20A5,
BD6E3AC0,
3D0D9640,
3D0BDDA2,
3DC4F640,
3DF70813,
BE6B2699,
BD85ABF8,
3E3B75F6,
3E8395AB,
3A80FB5F,
BE4AE7FA,
BE568ECA,
BDB27CAC,
3E669523,
3DF4F7B6,
BCF2D3A9,
BE5521C2,
3DC722E8,
BC360EA9,
BBE4DBC7,
3D629DB1,
BE57441F,
3E47A253,
BDF4845C,
B9BEA392,
3DBE4EB1,
BDBC03BA,
3B7D3922,
3EFC0462,
BDC4ABCC,
3E0F0033,
BE174527,
BE047E5C,
BC447E26,
3D7BB7B4,
BDC4565C,
3D5CFFC6,
3DC0C95B,
3D224170,
3EA7E1AD,
3C1F6629,
BE038C1A,
3DDD8814,
BE15DDFB,
3DB407BD,
BCB95963,
BD6909EA,
BC85F7AE,
3C8722F8,
3BB99FAC,
3E153E5E,
BE969806,
3D16B35A,
3EB333AC,
BD8A064C,
BE573B89,
BE5DDC70,
BDE64D30,
BE3443D8,
BDA40C59,
BE5BBB55,
3DF66D66,
BDF0DF02,
3E4F8F11,
BD951B69,
3D8C7E7E,
3E420895,
BD31A109,
BD555AB1,
3C70D519,
BDC7DF39,
BDF37452,
3D4CA593,
BD39EE68,
3DE99425,
BD81D0FE,
BDEFA64A,
3E03D131,
BDF701C0,
BC7D1A34,
3DC38A1C,
3DB219E2,
BE53C422,
3E14AFAC,
BDF99E35,
3DC4C9BF,
3B05EC1E,
BDB7AA05,
3DF74BEE,
BD3EE15B,
3DD72662,
3D91CDF4,
BD6DD4C0,
BE1E6CF7,
3CF30461,
BD681CB7,
3D9EA6D3,
BBFDAEFE,
BDC0956B,
BCD79362,
BE11EFBF,
3D378578,
3B303958,
BC9429AF,
BE0D013F,
3DAD2A39,
BDA615B4,
BDC14624,
3BFF8417,
BE85A7EA,
BC5581E0,
BD05278C,
BDB02D91,
3D021B28,
BDA3F4EF,
3D2E1ED9,
BE1BFED9,
BD2D769E,
3E148060,
3DB2DBA4,
BDE2FD94,
BDBBE8A5,
BD02CD31,
3C90740E,
BD529264,
3D3444CF,
BDBFB509,
BC498B13,
3D35C2CD,
BC3AD791,
BCA44ABD,
BD3BF24A,
BD0B3C33,
BD68817B,
3DE0975C,
BD847502,
3DA3385D,
3E750F07,
3E25B639,
BCB505EE,
BD6FFB6A,
BE0E4D55,
BDB06DE7,
3D7C1675,
3BECA6F2,
3DAF3FB0,
3E2DA240,
3D80A5E4,
BD4E9663,
BCE0D669,
BE2F81E4,
3BA900CC,
3DD1F7B7,
3D1B2192,
BD037057,
BE2B2B0E,
3D8F3E1B,
BDEF91A6,
BCA4CAE6,
3D771A7B,
3D18E638,
3E1AF223,
BC946A64,
BD49DF1A,
3C216A8D,
BDAEEB3E,
BD31299B,
3DF45C9B,
BC9C2078,
3D452247,
BCB95ACC,
3E14C023,
BD2B17DA,
BD857BE4,
3D5DBF7F,
3BE97829,
BD9A1A6F,
3E0E019F,
3DA966E0,
BD774D83,
3E40DCC2,
3DB0F6EB,
3DA05CF9,
3D5A5A89,
3CE6AB51,
3D0C9C0F,
3D264B1F,
3DA7F550,
3E06AE1B,
3DDD78B8,
3E0D7A63,
BE1E9810,
BDAD3E03,
3DE26B92,
3E20C1D3,
3CDCE92C,
3D6B64C3,
3D4144AE,
BD9E1D91,
BCD9A078,
BDA0392B,
BDE1D489,
BC154438,
BDBE0BB7,
3D8A4795,
BB03E759,
3C87DEB3,
BE1FBB44,
BDFE413D,
BCC8F910,
BE416B9A,
3A9F0532,
3D9834F5,
3B7A4DF6,
BD6E41D7,
B9913207,
BE0BCEF6,
3CDD6740,
3DF3887E,
3D017406,
3D426256,
BD1B8339,
BD839A13,
3DEC8F96,
BDC55D5D,
3D1E6644,
3DC4CE24,
BD9D3EFA,
3E13E489,
3D925569,
BD3BAEA7,
BD937457,
BD67BA59,
BDAC7A30,
3D9C56CF,
BDA9A9C1,
BD14A675,
3E9C3EDF,
3DC445EF,
3CA233B4,
BD5AD0CB,
3C6AA751,
3D87E7F5,
3DE0B363,
BE14E3A4,
BCEBA9A2,
BE281CD2,
BD9262BB,
BDA61827,
3C9EA1CC,
BC3D1910,
3D38AAC4,
3E086352,
BD4C6BDC,
3E09741E,
BC975274,
3D744AD4,
BCC6D498,
3CAAC589,
3E0F47B7,
3E83FF54,
3E86CFB5,
BD80894D,
3C63FF8C,
3E0EC32A,
BD5611A5,
BDFD34F9,
3C8C81FF,
BDDBF2DD,
BD71B496,
BD304B93,
3DE26C99,
BD174AAB,
BEA4E7F8,
BE392F11,
BE7E9120,
BCDACE6F,
BE0C45E1,
3E4101F3,
3C9E0F9D,
BD68F7D2,
3DA14AC5,
3B924516,
3DAD9810,
BCB040DF,
3E0F4B65,
BCC4012E,
3E042920,
3E64BA9D,
3DA88A11,
3E3FC799,
B9E3C089,
BDBE022D,
3C269410,
3D9FDBF6,
3D837DEF,
3CB2712D,
BB919E0C,
3D4FFB95,
3DC54DF0,
3D113B94,
BDAC190B,
BD9218CA,
3E9F6499,
3D801AAF,
BE560558,
BE563AE1,
3C13D724,
BD976A95,
BD9CAA45,
3D530F5E,
BDCF1A10,
3BFF21EC,
BE4123BA,
3D1DA7A2,
BCE0B009,
BD90767D,
BE4D545C,
BD77DC69,
3E22A107,
BD5B0A60,
BE8752E5,
BDAFA6C4,
BD055284,
BD9C18A2,
3E6B6A9D,
BD9A6DC1,
BE738526,
3D1C5D3C,
BD883ACC,
3DB45ACA,
BD9119F2,
BE04040A,
BCEF79FA,
3E014B0C,
3CFD9F8F,
BD41A07A,
3D818322,
3D093E42,
3D844BDA,
3DE1F2CF,
BDF28AD9,
BD30E75F,
BD276DF0,
3E30FB20,
BD066FB5,
BD614BA9,
3D86E0F2,
3E49594E,
3D93196F,
BD574BEE,
3CC9A565,
3D42C92C,
3DDF9CA7,
3DC1E5E5,
BD950159,
BEB3CFBE,
3DBCCC73,
3E0E54FB,
BDE996FD,
BD2ABA25,
BE551391,
3D2DD1BE,
BEAF0AD4,
BD0181C0,
BE296045,
BE91889A,
3DB7811D,
3D05A00D,
3DA39A91,
3D348450,
BA002CB8,
BDCE71D7,
3A39C674,
BC67C98E,
BE1F18A1,
BECA8A02,
BDB53330,
BE87D6C3,
BC93A3B4,
3D97FFBA,
BC32C6FC,
BD3A39E0,
3D6D8F0D,
3D8D8393,
3EE8528D,
BD8B3BAB,
3D6986F6,
BABD7D05,
3DDB149A,
3CBEE47A,
3CDCFFF9,
BD7C83B9,
BC1253B4,
BD85CAFA,
BEA5D0A4,
BC45AA8E,
BE41C702,
3E2628A9,
3DE5B0ED,
3D70D722,
3D346AD0,
BD3C1460,
3DDCD5AC,
3D5FD6F4,
3DB035F4,
3DF7664B,
3E3B048E,
3CC2A08C,
BC049C40,
3DC1E00E,
3DB34637,
BE963864,
3E5E9D08,
BE10198C,
3E686B0A,
3E798CCC,
BDC622AB,
BDB7B9C6,
3DF7126E,
BD49B2CC,
BE75C39B,
3E548DEF,
3E0FAC62,
BEA38C08,
3D21A94F,
BE3A1E87,
3E1B1311,
BCF87C9E,
BE2C0F3D,
BD6EC5A2,
3D0D92AD,
3D42F25E,
3E6E2A14,
BD5E4EA2,
BE3AA09F,
BD4B7EAF,
BDFA9D26,
BCB63108,
3EA9B928,
BD53638E,
3D939A49,
BD5069D9,
BE8E5A26,
BE0E6240,
3E590B2A,
3E0186AD,
BDBCF7DB,
BCBC3451,
3D9B1E79,
3DE75218,
BD9D8507,
3DA064E8,
3DAE4E5A,
BD242C2A,
BD1F4413,
BDE6CA34,
BD0E3322,
3D950D44,
BC9F49FF,
3D5D8F8D,
BD7947A3,
BD31CE50,
BCA334A9,
3E627E79,
BD1F2DED,
BCE0A122,
3E0B5B9C,
BE0B4E2E,
3DF1EF7F,
BE0B3CE7,
3E0CAACD,
3DBBA9D9,
3CBC55BC,
BE5BAEE5,
BC8A47E8,
BE1793B9,
BE86CB3C,
BD9C4F44,
3CBB9C5A,
3B2F4B5B,
3BA0001F,
BC6E095B,
3D2E26F2,
BD9727A2,
3DB634D4,
3DB1A544,
BD1CDF51,
3DA80787,
3E136B5A,
BDBC36F5,
BDB5B0A4,
3E341D98,
3D9698C7,
BE0C087E,
3D738978,
3D9AF232,
3D9A7190,
3DF159E3,
BD96C7BA,
BE2659D2,
3DE59607,
BD45754C,
3D0E8FE1,
BE30CEE1,
BDCF8B47,
BDDAA4F5,
BD3F1B9C,
3DA1BC91,
3CC13EC6,
BD20056E,
3E952772,
3DA55CEE,
BDA58629,
BD6A76E8,
BDE02834,
3E019E06,
BD328800,
3C2C5BA3,
3D07AB67,
BE2FE42F,
3E2C6FD1,
3D2AB6AC,
3DD4E009,
3D13553E,
BD3CFBAE,
BD498A4C,
3DFED099,
3DC4C418,
BE3CA848,
BDA83BB5,
BDDDBE1F,
BDEE012F,
BD4B11D0,
BB28597C,
3DC59639,
3D639B13,
3CE5E68E,
3D6CF1CA,
BE6812E6,
3D09C269,
3D70632F,
3C1E647D,
BD97916D,
3DC8686A,
3C5548F3,
BD4FC303,
BC9A462F,
3DB23ACB,
3D2FE459,
3DDC563E,
3E09C2A4,
BE487BDC,
BD03EB57,
BD555D8D,
3E007CCA,
3D4F75A8,
3BC16CCA,
3DA0FE09,
3E0DD589,
3E07C711,
3D96FC76,
BD25DF0D,
BE01F4C0,
3E3CC4F1,
3BBF113A,
3DF25D80,
3D91493B,
3DD7494D,
BDEA6EEB,
BD008949,
3CB28C0C,
3D1B6F03,
3DA3EEA7,
BD5E945A,
3D610746,
BD332894,
3D932FD8,
3C2EDFB2,
BD115485,
3D99BD9D,
BD1EA1E9,
BC41865F,
BE234BDD,
3C9C801C,
BDDA10F2,
3CC0D658,
3CEACE04,
BDB1DE51,
3D330398,
3DDE8470,
BE03E209,
3D87063F,
BE317A82,
BDB6CAEE,
BD40DCAC,
3CF5B4FF,
3DD6A690,
BD9D85FA,
3E2A2879,
BB371647,
BCF089FC,
3DBE2103,
3C7073A4,
BD3F0AA0,
BC05925D,
BDBED6DC,
3DDD2259,
BCE77C91,
3CFE06C0,
BC5D65A3,
BD407993,
BD39D103,
3DA9C461,
BB4D8E0F,
3E09D205,
BD54D9B4,
3D9D1A75,
3D35426E,
BD9FA5B9,
BCDE215E,
BDDC0F4F,
3CE20670,
3D7AB4A2,
3CAB355C,
BB9A4FE7,
3D2B9E97,
3C344D36,
BED6034B,
BE1DED6F,
3D64A8FC,
3B932D45,
3B8D8F73,
3C9FC4EB,
BC8A9E12,
BBEEE63B,
3D3A0BB2,
3D994A50,
BD87929E,
3DF0FD64,
3C876F9B,
3D657202,
BCA5E4BB,
3E0B31EF,
3E114AC3,
3D511C10,
BC1B9644,
BD0EACCE,
BE18303C,
3C78B6A5,
BE2FE7A7,
BCA5926C,
BDA04F37,
3D6E6AE4,
3BCA479F,
BD4771C7,
BD4331E8,
BDCCB579,
BDEE5E39,
BD9618E0,
3D4488C9,
BE4B245A,
3DEB8079,
3DC01F24,
BDB60AC1,
3D9F2614,
3E178601,
3E241E9A,
BE82DAEF,
3DE14085,
BD653B91,
3D614FB7,
3D94483F,
BE1A008B,
BD36510C,
3BDD0F63,
3D567E93,
BD70C970,
3E1A0DD7,
3CDE24E8,
3D89604A,
BD1F7331,
BB63EB7C,
BD9D6834,
BD3C4C1C,
BDCEFD61,
BD9C5159,
3E20D85A,
3D1D8E4B,
BDB015C3,
3DBE2098,
3C1AE190,
BDC6B2AC,
BD4FBCAA,
3D0D28C0,
3DCCCEEF,
BB424788,
BDC72029,
3DEE0995,
BDBF471E,
BE20B42A,
3D9AA460,
BDF89F6D,
3E57FC04,
BC6B461B,
BE050C1F,
3DB16309,
BDB193C7,
3C123806,
3DAEC22C,
BD903D98,
BCB5AE0A,
BCFF8C8E,
BCCD4D51,
3DF298E3,
3D158D7C,
BBE726F1,
3BD09B56,
BE62687D,
BD720100,
3DD689E2,
3E18E102,
BB80EFC7,
3DFCFCEA,
BDC46983,
3CFF209B,
3DCD7257,
3E02AB94,
3DFDA57A,
BCE3BDC1,
BE3B5896,
3DBE4A78,
3CB34BE6,
BE0767E9,
3D77DFC8,
3D1566D5,
3D6E768A,
BE526985,
3D863B34,
BD5C98E6,
BDA073B6,
3D1F6B53,
3D34FEFF,
BD7C2EBC,
BE5C23AA,
BD36881C,
3D58C030,
BE20A01A,
3E06D6B1,
BD24C06D,
3D276E6D,
BD2D1BB0,
3DCA8A28,
3DC0AF3F,
BD90162F,
3DD53697,
3CB561E9,
3DF24854,
3A93CBD4,
3C93867D,
BE62D40B,
3BB14AB8,
3C34D190,
3D4DDBAF,
3D8E4028,
BDDE2B24,
3E4F06A3,
3E6AB35B,
BD8372B9,
BE373087,
3A718DFE,
BD317D40,
3E63E07F,
3D34868D,
BC1A1307,
BDC8498A,
BE16B6EF,
3E80601B,
BB060D29,
BCB77439,
BD8D598B,
BD8C3D7B,
3D554BD2,
3D5D4C8C,
3E461455,
BDEBCF16,
BDCD1221,
3E2FD863,
BD5895AD,
BD5E9DD8,
3D0E992E,
3DA270B7,
3D8A5193,
3C61929B,
BB2CCE59,
BE1A981C,
BE446FEF,
3D6414EE,
BE2A6AB0,
BD93B859,
3D084287,
BCCE87FB,
BDEC879B,
3CC47701,
3DC97957,
BE4F4D0D,
BE399E9E,
3C76C379,
3C9F35CE,
3E0EDD78,
3D0A3276,
3D92E4A2,
BD1953EC,
3D205F32,
BBDB0294,
3E31185E,
3E331E61,
3E1B63E1,
BD0EF2C9,
3DA42D93,
BDB0BA93,
BE7F86B2,
3DE5C52E,
3DD0C5B3,
BCD2BFA5,
3DA414F9,
BCCEB2C5,
BCCC5D22,
3C4D01D6,
3E1D12AE,
BD7AF985,
3E09B45A,
BE8AF87C,
3D92BEBD,
3D88CD95,
3D9FA6A7,
3D7280E4,
BD12F77D,
3DA7A793,
BE04585C,
3E0FA0D1,
BDCFC9A8,
3E5F7A7A,
3C25F278,
BD4CDFCE,
3E58C5B1,
BD496412,
3B9E7682,
BD886C6A,
3C972F41,
BA5EF4C0,
3E3D86A5,
3D9FD3DA,
BE182759,
3D20388C,
BE25173B,
3DD0F869,
BDE77F60,
BD7B2C6A,
BD563F89,
BE10596F,
BDF397DB,
3C867EF5,
BDF17BDB,
BD0391A9,
3E25ED2B,
3DB4A163,
3E0A7067,
3D3EC2C4,
3A21FC37,
BE13C561,
BE4A8E4F,
BD584F50,
BCED4B9F,
3D260053,
BE49650A,
BE3AF650,
BE0BB0AE,
3BE16AA0,
3DE5EB59,
BD028667,
BDCAB1A8,
3E3FF6F4,
BDFD0693,
BE137305,
3C832AB6,
3E4555F4,
BD071DAF,
3D81972B,
3E39DA2A,
BD15E53C,
3D8AC04B,
BE5F0C38,
BCA3FA7A,
BE229272,
BD29CC5C,
BDCE3EE4,
BE7D5BD9,
3CB27C04,
3D0E3B5E,
3A9F51E1,
BF05A3A7,
BD9A1EB8,
3DBD7A2A,
3D010B69,
3D900928,
BD6C56CD,
BE936E28,
BD8B755A,
3E25D0BF,
3E0FD2FD,
3E2A8530,
BC68F5AC,
3DCFF4F4,
3E3B1BC1,
3D4CC85D,
BCD250A0,
BDC4BE0F,
BD32889C,
BA63ED36,
BD8C8A36,
3D933F17,
3C0CC7B6,
3D2AFEDB,
3E325C67,
3B815702,
3E85C270,
BE5EAD7A,
BE3A5482,
BD54A248,
3DD89A7D,
3E0A2DB7,
3D8D3377,
BE04E05B,
BE8F8990,
3E1603FD,
3C2AD03E,
BE10C3CF,
BD5639A8,
3D9507DE,
BE05876F,
BE4A01B1,
3CECC011,
BB356C39,
3E3EE30B,
BDC60D03,
3DC13D29,
3C6165D4,
3D8B3C0A,
3E3E70A7,
3CB8A9B5,
BE50C7F7,
3DC8A07E,
3D6E009D,
BE8E3D66,
BC8A5075,
3D8207BF,
3D6CB060,
BDF305E9,
3C743BDB,
BC468C40,
3D7FEB90,
3C44B334,
BD706B86,
BE175941,
3E3439D2,
BD1477C1,
3E0D61F3,
BD899406,
BBF307F1,
BC486375,
BC98CD80,
BDF87B02,
BD9FF78E,
BC5E8C56,
BE2A6255,
BDD67F1F,
3DE83570,
BE250665,
3E0B5427,
BD253061,
BD21EAF8,
BD93AB88,
BC77C701,
BD324002,
BD474EE1,
3B8F8127,
3E155837,
BC2119DA,
BD7FD342,
3DA4CDE3,
3D7A4095,
3D61719F,
BD3C9039,
BDA0224C,
3DC3492C,
3C47ABE9,
3D37E172,
3D877CE7,
3DFD500F,
3C6BBF80,
BD7397DF,
BCE9D97A,
3D698010,
BC5498D6,
BE874759,
3DA7FEA9,
3D65DEA4,
BD38D88E,
BBF51D7B,
BD473AD5,
3C79BFFD,
BCE98675,
3E0D937D,
BBDDE366,
3DC99AB4,
BDD14F0C,
3CEE5C30,
BD1D42E7,
BDA10A7A,
3E0F9E35,
3D4EFF78,
BD916760,
BD30EE75,
BD5A1506,
BDA4FC09,
BD8A9623,
3CB5790A,
3DB3E62F,
3DF4DBE8,
3DC7C0D7,
BCC45B47,
BCEB1EB8,
BD1B4B85,
BD92B4CA,
3E8B314D,
BDFAA9DA,
BE11FABD,
BE2419B8,
3D87E88E,
3C03724C,
BC32FEB4,
BD449073,
3C448455,
BE0853BD,
BD3C807B,
BDB7D69E,
BCBE96CC,
BD231DD1,
BD10EC0C,
BCC75683,
BD687AA8,
3C2BA512,
BDF07003,
3D72B025,
BC6ED161,
3E11CF78,
BD3949DE,
3D974F89,
3D89944F,
3D4907B7,
BD01EDCD,
3DA971FA,
BDE31C18,
3E660DC8,
3E056BBE,
BD4FB183,
3D25BE71,
3D2AEF57,
3E49C53E,
3DB979CE,
3CBEA02C,
3D97EFA8,
3D2434AF,
BDA45B0E,
3D6CD709,
3E2CFEF3,
BDD622F2,
3D12EB81,
3E225B28,
3D4867CE,
BCDF45BC,
BD0205F3,
3E188A36,
BB13D5E5,
BE0E7912,
BCBBC092,
3E161B67,
BE834134,
BDB8C62C,
BE15C2E0,
BDC46CED,
BBA2F213,
BC7173E0,
BCA99C36,
BD474C02,
BE33F61E,
BD158FEE,
3CCDE1C0,
BD7EC025,
BE0A3263,
BD2255EF,
3D9AE63F,
BD661852,
3CCBC051,
BE97DF7B,
BDC85EBD,
BD826B2C,
BD15E9EE,
3DFB08D5,
BD5B5163,
3E4B2AB7,
BD10E9C6,
3CD8BB60,
3E33D0F6,
3D2B060E,
3DA1B73F,
BD744CEB,
3D20C100,
3E88240F,
BD12F039,
3E080551,
BB7DA4C8,
BCAA3A49,
BD855F71,
3E479EAE,
BDA16A29,
BD11A879,
BDFA6CC4,
BD2CABE2,
BD6D8144,
BE53FF69,
3CD40CA7,
BE7B8862,
BDC32337,
BCCD6D19,
BE09BB36,
3CB60339,
BE889A8E,
BDC182F5,
BE37C368,
3DB7BD22,
BE05CC4F,
BE4E9AA3,
BDEC0F3D,
3DE888B6,
BE0F572C,
BD2CCEAD,
3E230859,
BD76A3FD,
BE1DAE89,
3E673B92,
3D29EF5B,
3C867902,
BBD6C537,
3DA2F3CF,
3BBBD479,
BE8893B5,
BCEA31EA,
3D764721,
BE62EFC5,
3BF14E84,
BE1A71DC,
BE705C21,
BDB2A0D5,
3DEA3E8C,
3E031047,
BC4D2137,
3CDDE776,
3D486DFF,
BE668BB3,
BDAD8F96,
3DCEDA6C,
3DF08758,
3E470370,
BDC1194E,
BD51DB35,
3DF06AAE,
BE27437C,
3E62853F,
BCF2CE12,
3E52AE1C,
BE7BEA68,
3D02B9A1,
3DE5AA57,
BE416E58,
BDD63196,
3D89B351,
BD9BBCD3,
BE49C9C4,
3CF9F5A6,
3D2338F2,
BE429332,
3DE2BD69,
BD86191D,
3E924CA2,
BDC8E152,
BDBF917C,
3D7A2582,
3E81068B,
3D4078AF,
3D64C2D8,
3D12688D,
3DD1B3E8,
BDB1A6A9,
3DCBB030,
3E5C13D3,
BD0EE92B,
BE342DE7,
BCD2B556,
3D8C0711,
BD70A942,
BDCC8641,
3CA734F4,
BE34E4EF,
3B06BFB4,
3D00B350,
3E4154B2,
3D9CDDF1,
3D60E744,
3D853907,
BE5E68B2,
3D73904B,
BE18051A,
3D801B14,
BD2AA2A6,
BD4924E6,
BD4FB5C6,
3DB1BFF8,
3E20BF51,
3DC0083F,
3D55CE22,
BE447D17,
BEB03D36,
3DA59121,
3C303FFD,
3CE59393,
BD0AAC2B,
3E38B7E7,
3DDB3175,
3D2B1383,
BDEAB82B,
3E76F315,
3E3F5680,
3EA1B6F0,
3EC4A5CD,
3DB68B18,
BB8F0799,
3CCB2FC8,
3D94D8C7,
BB5C148B,
BDDC26F0,
BD0BD6C2,
BDE805A8,
BE5F43E1,
BDF0D36C,
BCCA1DBC,
BDCEC9A1,
3D974C79,
BE27EA2D,
3C685D58,
3D117382,
3E587958,
3C049E34,
3DE3DA5B,
3EAC2FA5,
3DD307E0,
BE200EA0,
3D8D7721,
BD532860,
BDC00C2B,
BEB47050,
3DB69F94,
3CDC3C9E,
BDF6F442,
BDAB8598,
3EA8DD8C,
BE2E5D46,
3E32E7E4,
BDAD2F63,
BD6E4973,
3E542BF9,
BD84275C,
3DAA82F2,
3E2E211C,
BDF5A774,
3E27E43B,
BC2122B3,
BCD31214,
3E2A3D2C,
BC10DBBF,
BECA45F9,
BD8FC6FA,
3E071FBA,
BD5AF825,
3DE904E5,
3DDB0AA5,
BD6A2DE4,
BDC68833,
3E42677D,
BE0E1738,
BA2456BB,
BE56880C,
3E53F8DC,
3D3B1777,
3DAD8192,
BBE4E0DF,
3E5926F2,
BE687360,
3D2E9364,
3CCBC999,
3D7D5942,
3EBE82D0,
3DA35B41,
3E53A8A5,
3DBB64CD,
3CEEBB96,
B9BB290C,
3E3F8477,
3E761D7D,
BD70B7EB,
BE794764,
BD055EFC,
3E00AC45,
3E06A42E,
BDABCCB1,
3DB843BC,
3EBF376B,
3E227BBA,
BD8D9BD1,
BE4D6601,
3EA78EBD,
BE771A75,
39F1FAA7,
3DB3C944,
3DB4450A,
BE651FDC,
BDEF4852,
3E9AE3D7,
BCAC79A4,
BE749327,
BE6AC0C6,
3D94C1E9,
3E73FBBD,
3E6E8410,
BEC6E94E,
BD0435E0,
BE318A80,
3DB2343A,
3E4D8E60,
3B9C1C20,
3B8D5777,
3DE69E7D,
BDC640A3,
BDA22CE9,
BDA36B0A,
3DA97CA3,
38480BD0,
BDA9E109,
BE5D9C7A,
BD8541FF,
BD9E261F,
BD950AFE,
3E0B5668,
BD9C03B2,
3C6F8496,
BE4D813C,
BCEDAC73,
3DAB1CC0,
BC766515,
BE0EB698,
BD03AC5E,
3D8EDAB3,
BE3BF4B6,
BD1E0158,
BD2D6938,
3DB24F98,
BDAD7088,
BE1B7B0A,
3D922AF9,
3DB35426,
3E43672D,
BE857E49,
BDBBA665,
BCA2F154,
3D21F2FF,
BDCB5979,
BE948FA8,
3E072353,
BE81F059,
BE01BDD4,
BC773DA3,
3D464F57,
BCB0B15D,
3D37645D,
BDA56F7B,
3C17EE57,
3E40F934,
3DFCA103,
3D112277,
3E069466,
BC0785C0,
BDE5A34A,
BE05AB4F,
3D155063,
3E0CEBA5,
3D91BAF1,
3C7B2E7F,
BB99B725,
BE2A0C78,
BD60D9DA,
3E4BCD71,
3CBDDD63,
BEC5D02A,
BD5A2896,
BDF8DCCF,
BE90009A,
3CA9839A,
BE0BE072,
BD675234,
BDE0F79C,
3E674BAF,
3DDFC84E,
3DCDED63,
3D7B290F,
3CFCBD3C,
3DB44260,
BDA922FC,
3C222E52,
3E793D44,
BDD94BBE,
3DDDD646,
BCAFFC1A,
BDB3564D,
BE4C5936,
BE71D449,
BDC090CC,
BEDAF1B7,
3E364465,
BE7AF250,
3CAFD853,
3E663043,
BD25200E,
BDAE9BB2,
BE0B24B9,
3C367735,
3B7B036B,
3E00AD59,
3E208D8B,
3DC938FB,
3D28E2D4,
3DEB56F5,
BC35CB7A,
3D49C094,
3D4EC3A4,
BEAE2EC3,
3DBC9E5C,
BD9F5149,
3D07C7D0,
3E058169,
3E33493E,
3E8C67AF,
BCC50123,
3D51C8E2,
BC760DDD,
3CE4E9A2,
BEADC9C4,
3E5A9D57,
BDFD8901,
3C2A467B,
BDF21B95,
BE065C5C,
3E214B62,
3E310670,
3DE05D0B,
3E546E07,
3E0F5657,
BE18E847,
BC7FD149,
3D95EF9D,
3C253303,
BBE1C16F,
3D89FDB8,
BC1024C9,
BD794BCA,
3CE3063F,
BE7FD072,
BD88FEA8,
3C318779,
BE83FC19,
3E49154A,
3E1C5B58,
3D3D99E7,
BD835EA2,
3D269EF4,
3DA1589F,
3E0B1255,
3C2FD6B4,
BD936283,
3D9B9533,
BDE83278,
BD5ACB07,
BD3C7708,
3BC17D64,
3D626640,
BA4EF54A,
BD2F4D48,
BC62583A,
BD132F59,
3D974F40,
BE837F6A,
BEA47B65,
BDC69AB4,
BDD7DFD4,
3DA5C1E7,
BE62BD99,
BD3B69E9,
BE41B4A6,
BC244C63,
BDDF91A8,
BDAB93D4,
3E08E0C8,
3C5D0F47,
3D4BBA2D,
3C04518F,
3E69F822,
3D464242,
BDB89EA6,
3C3CCD19,
BE11F468,
BE7D8AE9,
3C91139E,
3D1B7CEF,
BE114B77,
3BB0F70D,
3DD26C8E,
BDE3FF76,
3E5B3BDA,
BD81794C,
3DE9A846,
BE1843AB,
BE01AB50,
3DD50EF7,
BDE8421B,
BB4A1761,
3E1DB7CC,
BD9E0C90,
BEA8B4DA,
BDB060EF,
3DCF37C9,
BD7BDE3E,
BDA3AC62,
3D94CE21,
BBEB4705,
3D446775,
BDB28A83,
BC80CCFB,
3E6B41C0,
3D27BBA8,
3E111BC0,
3D60DFA2,
3D84A6BF,
BE0C7CD3,
3C8DDE5A,
BD8A8633,
3C62FF89,
BCD03B73,
3D845EBE,
3E95C05D,
3D31EAA7,
3C71332A,
BD9BCE96,
3DA10665,
BD02F064,
3BE9CA3F,
3E129D80,
BE164704,
BCE5F44E,
3D8B6207,
3E228D2F,
BD442C83,
BE5CD6DF,
3D4B3D99,
3DD75AB1,
BD4CF34C,
3D3A6C5A,
BDE05464,
3D3E0CDE,
BC9B1B7A,
3D6CAC45,
BD2C12F1,
3D57E53D,
BDDD29F7,
3CEE8DB4,
3DD1F584,
BCC66F69,
BD862D50,
3DDE733D,
BD5330BC,
BE19836D,
3DABC58A,
3CE747ED,
3E5B0830,
3E3A3BAF,
3DC58D90,
3DA6A727,
BDCBBD29,
BE020810,
3D1521BB,
BD691B5E,
3D928892,
BDC47A1B,
3D365FEB,
3CC2319F,
BDD48F13,
3B9C62A2,
BE024603,
BE51FF96,
3E26533C,
BD679D01,
BC867094,
3D0C30C5,
3C8187A2,
BCAE6926,
BD60BE9A,
3B77A1DF,
3DD51852,
BD0E1466,
BDB743E2,
3D953AB0,
BDCEBA26,
3CEDA975,
BCAD53B8,
BD667A69,
3D15EFB4,
3CC42618,
BB1EC578,
BDA5A711,
BDB6B013,
BD793A8D,
3D981C82,
BD6574A3,
BD6630C6,
BE3F8FC1,
3D8139C3,
BE4C513F,
3C3A3CCB,
BD2352C2,
BD4C3A77,
3E55DCD8,
3D6FB08D,
BD9F2624,
BDB78314,
3CED8134,
3D1215B9,
BD94A9D2,
3DCC2060,
BDB12A06,
BE5299CF,
3D4C00F1,
BCC3C534,
3D9957A2,
3D24F63C,
3D4E6A3F,
BD9C382E,
3DDD32A3,
3DACEE61,
3D4E9089,
BDE4A6C9,
BE53C254,
BD2A6317,
3CD265B6,
BD357993,
BD174261,
BDBF7AEC,
BE3F1718,
3D2F37AC,
3C488CCD,
BDB00F7D,
3DA434A7,
3A7649AD,
3DBDCCB8,
3DA21FCA,
BD990F99,
3C1F1BFA,
BD056938,
3D16361D,
BD983ACA,
BDD8C3AD,
BD0F2D42,
BDB67D47,
3E23AE8E,
BDF2BEF2,
BDAABAAD,
3D282947,
BE004E8F,
3E16498C,
3E0A9A51,
3D485DDC,
3D6EE878,
3CB69A99,
BDD97118,
BCBB2D8E,
BC9B19B9,
BD44F5D1,
3DCB99EB,
3C9771BA,
3DB7CED5,
3DF2B1B3,
BC92C54F,
3CE0AA42,
3D6A3A91,
BCC9B23F,
BE2634E7,
3D94AB63,
3D015822,
BE0B4D58,
3D4B8E3F,
BC28C0EF,
BD053978,
3CBE1FAC,
BDCD36BF,
3D5D3D81,
BC90125C,
BE192B72,
BD5B0164,
BD6C001E,
BD0D8023,
BD2D449F,
BD597879,
3D28FD84,
3D09589B,
BDD43954,
3B8B7D16,
BDBFDE17,
BD991F6A,
BB831F13,
3D5A9BBD,
3CD717F0,
BDDECEF0,
BDED3793,
3D629426,
BDA76929,
BDDF9D8C,
3E04A1B1,
BE1C365F,
BDFA159B,
BC8113B1,
3E16049E,
3D4E0106,
BD6FCE35,
3CF4C5F1,
BD0A04AF,
BCA947D9,
BB66C830,
3D87147E,
3D03DC36,
BB5F85B1,
BD73BA7E,
3DA6AC9F,
BD83829A,
3DD10A51,
3DCE9403,
3DB69822,
BDE09E98,
3E243D01,
BC955391,
BDCE7B30,
BE28AA37,
3C207132,
3DD62AEF,
BE2B9CCD,
BDDF7BBA,
BE1871B9,
BDE85B41,
BD9221CA,
3C588C56,
BD893A15,
BD70AB5C,
BE0F8946,
BE19DFDF,
3E447D06,
BDA0174E,
BD23DEEC,
3CCB00E7,
BE0517CA,
BD97266F,
BD0FC1F3,
BD7BE83C,
BDACE691,
BD97C118,
3E2CDE87,
BDE6F553,
3C9FC2A2,
3DC8DAC0,
3DCB3B3D,
BD21DF5D,
BD5E61E7,
BC7EAA45,
BD483885,
BDA4DA83,
3DD312A0,
BD9F127C,
BE8EE9E6,
3CC2F28F,
3E2BA349,
3D97C6A7,
BD31B056,
3DCF8479,
3D97095E,
BD614DE7,
BD6BB3FD,
3DC3A4C0,
3E28D5D0,
BD344EAD,
3DB41FB2,
3D9658E4,
BCC82B8C,
BD0A5392,
3CDCA671,
BD261AE7,
3D952962,
BE018B78,
3DE40018,
3DD8CCA6,
BD6FF7AA,
BCEF7AFD,
3DD35203,
BD7367A0,
BCD4F6FE,
BD950702,
BC15E513,
BE1A29CA,
BD5F80BC,
BD08F9DB,
3DE6E6C7,
BE08150A,
BD93F2CC,
3DA834B0,
3E203648,
3DBF1690,
3E2A9943,
BD293D93,
BCC3FD3D,
BD9AF3E9,
BC7637B9,
3DC102FC,
3CF8FC5C,
BD1BDB76,
3D73D056,
BDB08D9A,
BE3845FE,
BDF60656,
3D5CA0E4,
BE0E9ACD,
BB84769C,
3D8F2630,
3D59154F,
3D650B35,
3CBCB250,
3D58EB7F,
BC7D14B1,
3B377A35,
BE12B910,
3D36B427,
3A9E7BEE,
3DDEB169,
BC1B7AB4,
BD9CF60B,
BCE744E5,
3DEF06BA,
3D063978,
3CBD6ED7,
BE2AF9FB,
BDC0CE71,
BDA293E0,
3E1A29FD,
BD0B9948,
3C1B2981,
3D35E6A4,
BB89A442,
BD0BA427,
3E29DBD9,
3D4D7EFA,
BE450449,
3DC9189F,
BC0E8067,
3D9D61FD,
BDB00DF9,
3DCCD808,
3D1DC327,
BCA4F47C,
3C10EEBC,
BDA7B9F2,
BD6DFE1A,
BCC6612A,
BDB9B71C,
BDB56BD4,
3D350128,
3C38F09C,
BDBB3BC4,
3D36F758,
3D8EFFA5,
BDC44BF7,
BDC32CA9,
3DB90071,
B85BC55C,
BD4DEDCB,
BE3E3957,
3C907A2D,
3E1D942A,
BD7DFFB3,
3DA3C62F,
3E32CC62,
3CBD6D39,
3D9309FF,
BD98D1D2,
BDDC7EAB,
BE639F2D,
BE5C9198,
BD86C0F0,
3C8FF77E,
BCDD94C3,
BB9F7576,
BE4315A3,
BE81C953,
3D46BEC9,
3E25C99A,
BC9C1F86,
3D4B33CD,
BE03177E,
BE336F20,
3D95E770,
3DB2F3F7,
BC749118,
3E077907,
BE27A32A,
3CCEB05B,
3D183D89,
3DFAAE16,
BCA2971D,
3D40C01F,
3DDC2337,
3D75C508,
BDEE5CCD,
3E1FDE6C,
BD8991CA,
3C59B43C,
3E0F3C51,
3E2D9878,
3CEDC8D0,
3DB501D8,
BDE805ED,
BD920FA2,
3DDFD2A2,
3DFB495D,
BD5B9119,
3DC30BD7,
3CE5D6FD,
3D91607D,
BD034D1D,
3E04150E,
BD85D62F,
3C8130C1,
BDB275B8,
BE7B1CAA,
BDD2C6A6,
3D037A5C,
3C42A4A1,
BD862786,
3D4CCD3B,
3D9AB3D9,
BE1C8D00,
3D983D00,
BD609938,
BE855717,
BD1EA771,
3D25BFD2,
3DFADA91,
BDBC4C17,
BD787ED2,
3DA6B50B,
3C8D09E6,
3E104774,
3D7D2120,
3DC31A12,
3DDAF450,
BDD3B978,
BE4A724E,
BCB410DD,
3DB0AA0E,
BE07B6EB,
BD4C177E,
BE0E1EF1,
BD8D31D6,
3D4FE122,
3BBF1536,
3E11A12F,
3CA04EF9,
3D75FCB7,
BEABC929,
BE6B9914,
BE3A9007,
3DBBB903,
BD872310,
BDF97A08,
3E14BD90,
3D03E285,
3E1CCF6B,
BD2AF3AB,
BE3B9877,
BDC621C6,
3D2DC2FC,
3E27EE4A,
BDA3273A,
3CB911CB,
BD1F5370,
BC032103,
3D4B0A70,
3D99165E,
3D3C591A,
3E8350B6,
BD91B4DD,
3E61DF46,
BDD2AC4D,
3B6A894B,
BC854EAD,
BE772208,
BE60FD6E,
3EAA8677,
BE34AC95,
BE1B6766,
BD1F90F3,
3D3584C5,
BD76DF82,
BE60D518,
BC642FEF,
3E1B1361,
BE22CACB,
BE387DEF,
3E710554,
3D6F7C7D,
BE2B244A,
BDE3D6D9,
3CF9E534,
BE217DD3,
3DDE1C6C,
BE43B612,
3CAE844C,
3CAF012E,
3C3B1729,
BD8D4435,
3E8D809F,
BE42B00D,
3E0015AA,
BBC78E26,
BE8D2610,
3D66263C,
BD438294,
BE8FB3AA,
3BAEE0FE,
BDD26CA4,
3E5F52CA,
3DFC2983,
BDF55CF7,
3C75CFD8,
3DB485B3,
BE769E58,
3D6DC725,
BE7FAF42,
3CFB6AB1,
BDBC8CD1,
BE2D142D,
3D7550B8,
BE056D4F,
3E465B84,
BE05CD8E,
BD4F3CAE,
3DB8EF8B,
BDBAC79E,
BD89DE98,
3D14D5F2,
3CA06CDB,
BDFED4CD,
BB5F9E25,
BE2F529E,
3A2AE2AE,
3E8095E0,
BE28B411,
BC5E1D86,
3C4BD17E,
BE24D967,
3D8DB603,
BE61AC8C,
BCEA8EEE,
3DDA0942,
3D7B11D4,
BD710680,
3D773FEE,
BE199779,
3CC15142,
3DF1DD00,
3D0D1844,
BC320FD2,
BDD2F131,
BDA2A551,
3D541C2E,
BD4A014B,
BD388CFB,
3E17739A,
BDB9A92B,
3CE704D7,
3D63D66D,
BE1322CD,
3E9461D3,
3A74D989,
3DDFB149,
3D8A956F,
3C9DA907,
BCFBD067,
3E154FD7,
BDEC93A0,
3D9542A6,
3CE6037E,
3D094702,
3D9FD524,
BDB0612E,
BCB6401A,
3E665187,
BE40E624,
3D150A4B,
BD093CFB,
BD813110,
3D78EAE3,
BD335435,
BD10FD94,
3D509BA9,
BDF0973F,
BC9AD048,
BE3C38DF,
BD0A1102,
BD5620F4,
3D9FFA72,
BDC3A451,
BBCA63C3,
3BC036F6,
BD24B77C,
3D94C50C,
BB9E2F07,
BDA7A635,
3CF0332B,
3BBDD595,
BD34558F,
3D821771,
BD9C94CC,
BE03BE32,
3DD89EC3,
BE874147,
BDD56EA7,
3D0CCCFF,
BDDBAD14,
3CD0B4B2,
3C9FCAF5,
BC7CFB2E,
BE839496,
3D727526,
BD3BB03E,
3CACED9E,
3D276B51,
BE3372B2,
BC273A4D,
3B7435C6,
BEB256CB,
3DFE0670,
BE07CB0C,
3E441838,
3C700667,
3D9E2D36,
BC9F4F9C,
3D0F8FC3,
B8BD55FB,
BE8D9B7B,
BC9CB0A4,
BD83E22E,
BC87BDBB,
3DD995F4,
BE162C78,
BDA38EC2,
3B8EB77A,
3DBEB04F,
3D980AA3,
3D8F3C5A,
3D2EB936,
3E040740,
3C779D78,
3DC3EE67,
BCCB0ABC,
3D08DD22,
3CD79D29,
3DB8162D,
BDE4CAEC,
3C736F1B,
BDBDB46C,
BDF3F5FA,
3D2FBCB9,
3E05F28B,
BDD23205,
BD29A266,
BE117B31,
3CE6D9F5,
BD63EE7B,
BCF8795F,
3C5DABF1,
BD914F4A,
3DB661BD,
3E020D13,
3D807DD5,
BD1A8DFD,
BDAAFDC3,
BD069424,
3CDD3790,
BE1EBF1F,
3D0ECAF0,
3DB94715,
BE5061F0,
3DC132D7,
3D66E5FD,
3DFC312A,
3DC7808E,
3D85DF98,
BD1DFCB9,
BE31E30B,
3DEECEA1,
BDA86CFC,
BD43E2B4,
3E3253A5,
BD4C5AB0,
3E653374,
BD6F7325,
BD4AA82A,
3D51DDC2,
3D8A3785,
BD47E50B,
BD9C4B42,
3D392F9D,
BCC092FD,
3D57A18A,
3CCE4DF2,
3CF777B9,
BD415057,
BD9FC198,
BDDF95F6,
BD87F01A,
3E5DFB7F,
3E1D7689,
3E080553,
BE45DFF6,
BD5474A6,
BD6F7ADB,
BD592F1D,
3D3F1DA3,
3D8A0797,
3DA8E146,
3E67B32A,
BDDD1BED,
BD9AE415,
3E051189,
3E00B3BD,
BDB4F3B1,
3E31A396,
3C8E05CD,
BD6AD14C,
3CF24905,
3D1BE15F,
3C941823,
BE58EB35,
BC242B21,
BDCBBA9B,
3E1152E0,
BA91DFED,
BD840921,
BDF4158D,
BDBDF8DA,
3D3CF2CB,
BE492F93,
3E90868D,
3E462983,
3CC682CA,
3C79859F,
BD95E788,
BC63B65F,
BE16343D,
BD0D5DC5,
BDD7746B,
BE6B61AC,
BD387879,
3E189474,
3D38DEB9,
3D8FADE0,
3DA4DEFD,
3D87FF51,
BDD8E1F2,
3D7DA3EA,
BE9C78F8,
BDDC28EA,
BD69B2A7,
BD98DB53,
BD8729F3,
3E9633EF,
3DE1D64A,
3CFD09F2,
3D3E9315,
BC80B293,
BD947C22,
BDA44964,
BD073C62,
3D68BB91,
BE0F6A1C,
3DB0F05A,
BCF91E45,
BE093F98,
BD9A629D,
BDDF7C7E,
BE0E8B29,
3C2BB498,
BE912A9F,
3DCCBC3F,
BDA3AE1B,
BE1B2F60,
3CDB5CB4,
3E415666,
3D6B291A,
BDA35E04,
3E7879EF,
BE1349D1,
3E2DE909,
3D6DB95C,
BCBFB75D,
3DE4EAA1,
BD8669C1,
BD78506B,
BCC8193C,
BD8AA3D2,
3DD6B1E4,
BDF61811,
3DCAD130,
BCCE94E4,
BE3962B9,
3C40CAA1,
3CB3A8D8,
3DBF93E8,
BCF4229D,
3DDA72E6,
BD9D67F2,
BD6B56D0,
3DA6178D,
BE6AECA1,
BD115666,
3D03E6B5,
BDABE386,
BD7AFB8A,
3D633562,
3D9FD2E0,
BE70181E,
BDF3CE4D,
BD90F13A,
3D5EE42A,
3D11EADD,
BDBAEF88,
BE2F4C37,
BDB9A610,
BD5C026A,
BD66511E,
3CAE3649,
BD6A6EF7,
3E326F33,
BE0F5639,
3D8231EF,
3B636A21,
BD87C87D,
BD6CE5C2,
BC8F1314,
BE4AA663,
3C9A3CB2,
3C7CFF08,
BE69FBB8,
BD6B4B58,
3CC4720E,
BC87C591,
3E15B4D9,
BD6B0B56,
3E4E9DC0,
BC24320F,
BD33BB61,
BD72ADAD,
3E242C3B,
3E3D3DD0,
BD30F859,
BDCA8391,
3D45E73A,
3C6EE8B5,
3CC4592D,
BE40D162,
BE2AFE7E,
BE9B544E,
3D029501,
3C83D37C,
BE80EF8B,
BE1791FA,
BDA34656,
BDDAD42E,
BE4EB3D5,
3D8A87A4,
BDE983F8,
BE20F440,
3DBFF7E4,
BD97C715,
3E487752,
BE73D527,
3E5BACEE,
BE33ADE3,
3E4EE916,
BE16761B,
BE4A3941,
BEA290D4,
BDBC42E5,
BE840103,
3D36C64B,
3DA4914B,
BE3B040D,
BE1BBE9F,
3E08C63F,
3D4A7C15,
3E6FC042,
BDCFB81A,
BD92FE35,
3DC9917F,
3E7E23FF,
3DA2ABD3,
3D375CCE,
BD8B5130,
3D8B2BC9,
3D8F40B8,
BE932F81,
3BA63FDC,
BDFE2EBB,
BD84CB44,
3DAEA1E2,
3E31BD22,
BDCEE6DF,
BE263F97,
BD45941A,
3DB0A222,
3E4BDC37,
3DD72D07,
3C73E235,
3D8E8DA5,
3D678681,
3DBB8DBB,
3D046FF3,
BE4B2C73,
3D6AE278,
BE4FE8F0,
3D8C47B3,
3E53D241,
3CED1844,
3D6F1E44,
BA7F0F30,
BDBD92AF,
BCA98C28,
BCBC4278,
BD91BE9D,
BEA33176,
3E517228,
BC2732D2,
3E8CFF9E,
BCB835D4,
BE1F32D2,
3D4E071E,
3EA1F325,
3E2D0B81,
3D9020A6,
BE3E493D,
3E13C0D8,
BE547AE3,
BD32BBBC,
3E77098C,
3E218B9A,
BDC7C459,
BD4744E6,
3DE097BF,
BE1D1DE9,
BE6B97A2,
3D147A93,
3C56ACB2,
BE2E4F53,
BD83DE7E,
3D175D54,
BDA66B57,
BD990A07,
3E47EF6F,
3E237AD5,
BDAB4E77,
BD9B79F1,
BD8F7AD7,
BD847467,
3D6A8D62,
3CFB5C0C,
3D2B4DDD,
BE0E2C5B,
BDDC839D,
BD950889,
3D87DA0F,
BDDEA359,
3E06A597,
3D924283,
3E01F04D,
BD8587C6,
3C05C869,
BD5C44F3,
3D89081C,
BB39A466,
3C8B38D3,
BE0C784E,
3DBDBC06,
BE4F954F,
3D75EAEF,
3E836D95,
BD07A481,
3E15F485,
3D8E201A,
BC1F3E20,
BE5A60A3,
3E0E407C,
BE2F4B8D,
3DB13941,
BDD414C6,
3D2FAAB6,
3D5DC250,
BDA4B2BE,
3E0182AA,
BE1BEA1F,
BE63A7B7,
3E148468,
3D0415E6,
BDEAAAE2,
BDDA4A09,
3C984CB3,
BE0E7665,
BDAFA3C6,
BDBF4983,
BE08B52C,
BD800AE7,
3D113635,
BE890AED,
3D9646E5,
BCDB963A,
3D98D57C,
BDC24731,
3E6BD96A,
3DA7E466,
BDADC1BE,
3BBBB534,
BBEDFF8D,
3C5061BC,
BAEBEDC6,
3E0BC92B,
BC02077D,
BE56481B,
3E23B1AF,
BE954F08,
BC12617A,
3DB7F60A,
BD736D2E,
BD56E41D,
3C70A766,
3DD55001,
BC49D045,
3D19C632,
3C47D04D,
3C6579AC,
3E3F6E7B,
BE33C1BF,
3DC3BF44,
BE03BF31,
3DB07256,
3CC49B15,
BE1E0711,
BDCD09DB,
BB8B0814,
BE19B323,
3D8D686D,
3E2A2504,
BD49A99E,
BDF262F0,
BDD404E5,
BD2EECC0,
BC8A077D,
BD1D0BEC,
3D8A26C8,
3DF8D6BE,
BCE919E5,
BD986B29,
3E6F9B03,
BD5122F2,
BDA0E0CE,
BD3FFFC3,
3D6774F2,
3E2F65A1,
3C03BCBD,
3DF2E677,
3C35E079,
3D477ACA,
3DB9E2D1,
BC8746EE,
BD9ED83C,
BE12933A,
BD8C2134,
BCC56BD6,
3D200F3C,
BE06246E,
BBCAE5BD,
BE4DB5CF,
BD92293D,
BDD5325A,
3E4D241C,
3E0B2503,
3DCEB419,
3C5CD812,
3E2B5550,
BD5D8FC0,
3DB83D1E,
BD924091,
BBC274C9,
BE2FC60B,
BDCC0309,
BD7BF0BF,
3C29734F,
BC8E2CE3,
3E18D8B1,
3DF98D3B,
BEA86533,
BEB997E2,
BD47D498,
3D1D5B46,
3E421E35,
3E51834C,
3E43B208,
3BE32DF0,
3D910F4A,
3E208DD7,
3E898730,
BD8CBE27,
3DCD7074,
BD183FD6,
3E60EAF1,
BDD99D35,
BD7AE4D2,
3E074221,
BD512E8F,
BE835B3B,
3CB45219,
BDAAFFCB,
3D819886,
BD8667CC,
BE1ED37A,
BD9445B7,
3BBE3E18,
BB8730C0,
3DF44667,
BE717DB9,
3E4553FF,
3D9C2DEC,
BD7D33FE,
BDFC94F6,
BDC9BDAB,
BE8E16FD,
BE494110,
BE519C1A,
BE1752AB,
BD1D5F6B,
3E1225E3,
BDF62223,
BE0DF82E,
3E2D6C5E,
BACE4B0C,
BE2CB499,
3B6BE69B,
3D94A05C,
BBE27D29,
3CAD8242,
3CAD21F5,
3E6B9F12,
3D173375,
BD19301B,
BD90456E,
BE6AA598,
BD269611,
BE70ADC1,
3DC775BE,
BB90E841,
BE223E43,
3E3F6C67,
BD6EFDB2,
BD1F478B,
BE3CD2EA,
BDC12579,
3D92EE90,
BDC63120,
3C42B634,
BDF24D7F,
3DF58A76,
BDCA83C3,
3BCCE826,
3D6F7FF8,
3E0EB4A5,
BE9C1290,
3E238A74,
BEC63568,
3E17B2B0,
3ECF212A,
BE59F68B,
3E0A35CB,
BE128A45,
BDD943A6,
BCF03F36,
BE44C893,
3BBCD40F,
BE84398F,
3E7F0A3C,
BD90F92D,
3DA39FB3,
BDA343EA,
BE145B89,
3D1BE604,
3DA6F664,
3DE60433,
BDCF3708,
BE03A1F6,
BD9A158F,
BDCA6755,
BD2C6BC2,
3DAE8455,
BD2C3537,
BC9E7D3C,
BDBF1CA3,
3E7899AC,
BDCE808D,
BE1ED413,
BB9D969B,
BDF8829B,
BD15251D,
BD317613,
BE04BE82,
BDE36704,
3C88E42E,
3DF62B60,
3E37F404,
BCABD836,
3E407D7A,
3DA1DF95,
BBF03C57,
BD8AB95B,
3D56EA8B,
3D4BCF00,
3D652932,
3B6CB194,
BE0EF318,
3CA451B1,
BE18BCFF,
BDBD0B0D,
3CC55EA4,
BDFF4B34,
BD52EE29,
3E5598A3,
3E612141,
3D300D50,
3D43F9D9,
BCFC70DF,
3C4CE66C,
3C64ACE4,
BE4DB47E,
BDB37E56,
3D184BBD,
3D9C998F,
3CEB22CB,
BDAE4129,
3CBC53A1,
BE80D028,
3E1C2904,
3D7195F0,
3DC27D8C,
BE1F8E5E,
3D8FF775,
BDFAED19,
BE927140,
3D016533,
BCA0F0A1,
BE2A09E4,
3CCC80B6,
3D867BC2,
BD7ED9E2,
BE5F6B57,
BD73FB1F,
BE2218AE,
BD1A1072,
BDA7685E,
BDF31685,
BC109242,
3DEC0E90,
BDCE21A9,
BD37C3EC,
3E4C0B15,
3DDB82DF,
3DC7F3F3,
3DFE7FFC,
3D51605D,
BCD305C9,
BCCB2044,
BCA8A51E,
3E21A6C9,
BCB5C8CD,
3E19E8C1,
BD9AD3DE,
BC7DB04A,
BD17B125,
BE0C9020,
3C562382,
3D8069C0,
3D23FF9C,
3E21DF0F,
BAB82419,
3E836C8C,
BE1B6D9B,
3C82B34C,
3D33F18D,
BC89C24E,
3E335808,
BDCFF658,
3D45EF3E,
BDA04219,
BB5FB51D,
BD99089A,
BCC603EF,
BE4B0CB4,
3E1DB6EA,
BE829A46,
3E0642D7,
3D6981BE,
3E50DE55,
BD3B8A62,
3D45A265,
3DB3EB81,
BE20A607,
BC5ECEC5,
3D8C1209,
3D61682A,
3DD13D6B,
3B1B9235,
3E7D789D,
BD8034CF,
3E1A58C6,
3C7C649B,
3C92037F,
3D941BE1,
BDE9A4E8,
BE069F8E,
3D557F29,
BDEFDA8C,
BD14B4DE,
3D04279E,
3D58C255,
BE371E2F,
BD9D66A8,
3AF63C96,
3E8E67FE,
BDCC6DD9,
BCA9CC40,
BE59FB4B,
BE34604E,
BDE4CC4E,
BE2BA62E,
3C78B165,
BDEB2EEC,
3E1D9FF2,
BE0DF617,
BDBDCBB5,
BDFDB041,
3E65B900,
3D4EB3CF,
BC875288,
3CAF6CC5,
BC90A714,
3D05FF12,
3D3D5C8B,
BD97CDBB,
BD8A9075,
BE51850E,
BCA1E29A,
3C97190C,
3D798C25,
BDC8A883,
3BFB6F14,
BE028D9E,
BDEE2C0B,
BC87992B,
3E000EDC,
3C8877C4,
BBBAE3EA,
3DC056A8,
BD0EB779,
BD3AA626,
3D2B2C8B,
3D2E8B1F,
3D3916E6,
3D3824E0,
3DBB333E,
3CFB8A33,
BDF33C6F,
BE0282A8,
BE38403E,
3DEB8768,
BDC2E944,
3D07FBA2,
BE6A3877,
BD804995,
3D71FFF3,
BE289078,
BDAA7346,
BE6775FB,
BD4704B7,
BDFCF17F,
3D7F2D66,
3B870A00,
3DF8905B,
3D73C3A6,
3E6B0704,
3D02CA6A,
3E89DA26,
BD22FB38,
3D263393,
3DB0299E,
BDC01D8B,
BE28F795,
3D5CCD41,
BD064656,
3C956A97,
3DD9BABD,
BD88033D,
BE86CCA6,
BDD69BFA,
BC91B87D,
3E0DBFDE,
3B4356F2,
BE7C3EFD,
3CA8F266,
3D5CFA74,
3E7601D4,
BDF0940B,
BD9F9D75,
BDF7F080,
BD72BB6C,
3CAD2F94,
BDC3E02D,
3D3DFCCE,
3E04ECCE,
3D0E0FEF,
BDF69263,
3E543244,
3E6929CB,
BD4B17CA,
BDE28B03,
BD05FE4C,
BE17C5DB,
3E3FA107,
BDFCB7A4,
3D3CCA51,
BE26E152,
3CE6AF95,
BE610F3E,
BD5FD01E,
3DA4FCE1,
BE3E29BE,
BD11805C,
3CF4F9E2,
BE77D5C1,
3C8F4DEA,
BDAD0F93,
BD125F68,
BE2C965A,
3BC558B3,
3D6DA818,
3AAB2312,
BDE55661,
3E193DA8,
3E0CB80D,
3DCA541C,
3E1042B4,
BC4A2B00,
BDF11E5E,
3DC370AA,
BD9D9284,
BE13AFDC,
3C462624,
BC5858B2,
BDF66BD6,
3CD11663,
BCE9C943,
3C4EAE60,
3E7B2608,
3D82800A,
3DA2C746,
BE8FE7A8,
BD9F7ACC,
3DB2F90F,
BD5CAEA2,
3DE51E79,
3D2D7BAA,
BCCD6740,
3CE02C62,
BCEACC53,
BD2004CE,
3C57ADF2,
BB8011C9,
3E14A5B7,
3CD391C5,
3E4ABE41,
BE206138,
BD45B15A,
3E5D87AD,
BDFFDD5F,
BDA4D94E,
BD15D2D7,
BD74522D,
3D3EF159,
BE5F38AA,
BE3CC756,
3D87C0AB,
3C2BD9F9,
3C2AFB5D,
BC43DCC3,
3D289547,
3BDED906,
3C1FF302,
3E28E3C1,
BE1A216D,
3CEE0752,
BDB3BF27,
3D19F53F,
3C7A7169,
3D76EE9F,
3E81A453,
BD3B0AC4,
BC9FC495,
3E119E8C,
BE080227,
BC80F3AD,
BDCEA798,
3DC25F9B,
3CDADD04,
3D89A0D7,
BD039A77,
3D600331,
3E3EEEE4,
3E06D90C,
BDEADAED,
3E512238,
3CE81D50,
BE1DB3D9,
3D90E85F,
3E10CCF6,
3D369F71,
BDC85950,
BE07F691,
3D657F43,
BC389D9A,
BD8735C1,
BC02893F,
BE1C5712,
BB0C077E,
3E2FD814,
BD95C12C,
BD0D82F5,
3C071BF3,
BD992A2A,
3DDD61FF,
BDDE723E,
BDDCF5B9,
BE172257,
3DC248C6,
3DE47F35,
3CC153AD,
3D0751EC,
BE57228F,
BA488452,
BC3B19C9,
3DB7326E,
3BAF503D,
3CC04120,
BD705DE9,
3E9FB6D4,
3D52495E,
3E60C58C,
3BF734FD,
BE5B0142,
3D216992,
BD7A67FA,
3C2AE226,
3CF8765A,
3DC83A6E,
BC7EA770,
BD97E88B,
3D34BD30,
3D1BAD5E,
3D8FD84A,
BDAB9CCF,
3E03174D,
BD2C8D61,
BDC3DCA5,
3B2E4198,
BE58B4C8,
3D510538,
3D449287,
3E11BE96,
3D0A5139,
3E4FC728,
BD4F80B9,
BDE230D8,
3DAD6A3B,
3D66C4D2,
BCE275F7,
3E49E6C8,
3D96707F,
BCC3997A,
3DECF3F9,
BC66CC79,
3E0AA719,
3D205CE7,
3CA97E66,
3CFAF7A2,
BE013EE0;
